timestamp,lat,lon,speed,altitude_gps,heading,altitude_baro,gnss_fix_valid,gnss_fix_age_ms,gnss_satellites,gnss_satellites_age_ms,gnss_hdop,gnss_hdop_age_ms
2026-01-15T09:12:00.000Z,46.9512274,10.9878951,0.4,2180.7,224.7,2189.9,1,56,11,56,1.09,56
2026-01-15T09:12:02.000Z,46.9512187,10.9878825,0.4,2181.3,56.7,2189.8,1,91,11,91,0.83,91
2026-01-15T09:12:04.000Z,46.9512266,10.9879001,0.4,2181.1,292.2,2190,1,75,10,75,0.92,75
2026-01-15T09:12:06.000Z,46.9512309,10.9878847,0.4,2181.3,203.4,2190.2,1,45,13,45,1.14,45
2026-01-15T09:12:08.000Z,46.9512238,10.9878802,18,2180.3,242.2,2190.3,1,83,9,83,0.82,83
2026-01-15T09:12:10.000Z,46.9511844,10.9877706,18,2186.3,231,2194.2,1,50,11,50,1.07,50
2026-01-15T09:12:12.000Z,46.9511285,10.9876694,18,2190.2,244.7,2198.9,1,94,10,94,0.78,94
2026-01-15T09:12:14.000Z,46.9510879,10.9875434,18,2193.9,234.2,2203.8,1,39,12,39,0.61,39
2026-01-15T09:12:16.000Z,46.9510307,10.9874274,18,2198.6,240,2208,1,78,11,78,0.7,78
2026-01-15T09:12:18.000Z,46.9509953,10.9873376,18,2203.6,237.9,2212.6,1,81,8,81,1.15,81
2026-01-15T09:12:20.000Z,46.9509413,10.9872115,18,2208.3,240.9,2217,1,56,13,56,1.05,56
2026-01-15T09:12:22.000Z,46.9508956,10.9870914,18,2213.2,228.8,2221.8,1,83,11,83,1.19,83
2026-01-15T09:12:24.000Z,46.9508415,10.987001,18,2218.2,236.4,2226.1,1,57,8,57,1.14,57
2026-01-15T09:12:26.000Z,46.9507907,10.9868891,18,2222.6,252.5,2230.6,1,70,11,70,0.87,70
2026-01-15T09:12:28.000Z,46.9507629,10.9867596,18,2225.8,231.5,2235.3,1,44,13,44,0.98,44
2026-01-15T09:12:30.000Z,46.9507071,10.986657,18,2229.5,243.3,2239.7,1,74,8,74,1.14,74
2026-01-15T09:12:32.000Z,46.9506646,10.9865334,18,2236.3,232.3,2244.3,1,39,13,39,0.95,39
2026-01-15T09:12:34.000Z,46.9506179,10.9864448,18,2239.7,235,2248.9,1,71,12,71,0.86,71
2026-01-15T09:12:36.000Z,46.9505607,10.9863253,18,2244.5,241.7,2253.4,1,60,10,60,0.94,60
2026-01-15T09:12:38.000Z,46.9505121,10.9861933,18,2249.4,244.6,2257.8,1,45,10,45,0.78,45
2026-01-15T09:12:40.000Z,46.9504774,10.9860862,18,2252.6,226.8,2262.5,1,71,8,71,1.1,71
2026-01-15T09:12:42.000Z,46.9504134,10.9859864,18,2257.8,240,2266.6,1,93,10,93,0.92,93
2026-01-15T09:12:44.000Z,46.950371,10.9858788,18,2263,248.4,2271.1,1,31,12,31,0.97,31
2026-01-15T09:12:46.000Z,46.9503345,10.9857435,18,2267.8,232,2275.7,1,45,11,45,0.64,45
2026-01-15T09:12:48.000Z,46.9502753,10.9856323,18,2271.7,230.2,2280,1,68,13,68,0.84,68
2026-01-15T09:12:50.000Z,46.950226,10.9855456,18,2276.8,243.2,2284.6,1,50,9,50,0.6,50
2026-01-15T09:12:52.000Z,46.9501796,10.9854113,18,2281.5,232.3,2289.4,1,58,9,58,0.62,58
2026-01-15T09:12:54.000Z,46.9501279,10.9853134,18,2284.5,236,2293.6,1,34,10,34,0.76,34
2026-01-15T09:12:56.000Z,46.9500812,10.9852121,18,2289.3,242.7,2298.2,1,65,8,65,1.09,65
2026-01-15T09:12:58.000Z,46.9500416,10.9850995,18,2295,246.3,2303,1,51,9,51,1.07,51
2026-01-15T09:13:00.000Z,46.9500003,10.9849618,18,2298.3,233.5,2307.2,1,71,13,71,0.63,71
2026-01-15T09:13:02.000Z,46.949955,10.9848721,18,2303.9,236.1,2311.6,1,84,13,84,0.66,84
2026-01-15T09:13:04.000Z,46.9499059,10.9847652,18,2306.3,236.9,2316.3,1,76,12,76,0.94,76
2026-01-15T09:13:06.000Z,46.9498432,10.9846243,18,2312,237.7,2320.8,1,70,8,70,1.07,70
2026-01-15T09:13:08.000Z,46.9498018,10.9845284,18,2317.5,245.6,2325.6,1,75,13,75,0.94,75
2026-01-15T09:13:10.000Z,46.9497634,10.9844046,18,2321.9,229.5,2330.2,1,34,10,34,0.64,34
2026-01-15T09:13:12.000Z,46.9497024,10.9843001,18,2325.5,241.7,2334.2,1,84,13,84,1.1,84
2026-01-15T09:13:14.000Z,46.9496648,10.984198,18,2329.4,237.1,2338.8,1,42,13,42,0.86,42
2026-01-15T09:13:16.000Z,46.949616,10.9840875,18,2333.5,236,2343.6,1,73,13,73,1.1,73
2026-01-15T09:13:18.000Z,46.9495624,10.9839709,18,2340,246.1,2348.2,1,25,10,25,0.64,25
2026-01-15T09:13:20.000Z,46.9495257,10.9838498,18,2343.3,228.9,2352.6,1,92,13,92,0.75,92
2026-01-15T09:13:22.000Z,46.9494646,10.9837472,18,2347,242.7,2357.1,1,56,10,56,0.67,56
2026-01-15T09:13:24.000Z,46.949426,10.9836376,18,2353.4,240.4,2361.7,1,84,8,84,1.08,84
2026-01-15T09:13:26.000Z,46.9493856,10.9835335,18,2355.9,237.8,2366.2,1,55,9,55,0.84,55
2026-01-15T09:13:28.000Z,46.9493365,10.9834191,18,2360.9,235.4,2370.4,1,32,9,32,0.83,32
2026-01-15T09:13:30.000Z,46.9492834,10.9833064,18,2365.6,242.8,2374.8,1,31,12,31,1.12,31
2026-01-15T09:13:32.000Z,46.9492425,10.9831896,18,2369.7,234.2,2379.6,1,82,10,82,1.19,82
2026-01-15T09:13:34.000Z,46.9491817,10.9830662,18,2375,249,2384.2,1,22,10,22,1.18,22
2026-01-15T09:13:36.000Z,46.9491503,10.9829465,18,2380.3,230.7,2388.4,1,63,13,63,0.69,63
2026-01-15T09:13:38.000Z,46.949095,10.9828477,18,2383.6,230.6,2393.3,1,77,10,77,1.2,77
2026-01-15T09:13:40.000Z,46.9490382,10.9827464,18,2389,249,2397.7,1,58,10,58,0.91,58
2026-01-15T09:13:42.000Z,46.9490078,10.9826305,18,2392.1,230,2402,1,50,12,50,0.61,50
2026-01-15T09:13:44.000Z,46.948947,10.9825243,18,2398.8,246.6,2406.4,1,26,9,26,0.74,26
2026-01-15T09:13:46.000Z,46.948909,10.9823957,18,2402.6,232.7,2411.3,1,43,11,43,1.1,43
2026-01-15T09:13:48.000Z,46.9488556,10.9822929,18,2407.4,243.4,2415.9,1,51,10,51,0.94,51
2026-01-15T09:13:50.000Z,46.9488123,10.9821665,18,2411.5,234.8,2420.3,1,86,9,86,0.64,86
2026-01-15T09:13:52.000Z,46.9487633,10.9820649,18,2416.6,231.2,2424.4,1,65,12,65,0.71,65
2026-01-15T09:13:54.000Z,46.9487044,10.9819574,18,2421.2,246.1,2429,1,96,10,96,0.92,96
2026-01-15T09:13:56.000Z,46.9486703,10.9818448,18,2425.1,238.4,2433.9,1,69,8,69,1.17,69
2026-01-15T09:13:58.000Z,46.9486269,10.9817414,18,2428.5,231.7,2437.9,1,29,13,29,0.79,29
2026-01-15T09:14:00.000Z,46.948566,10.9816283,18,2433.6,244,2442.8,1,60,12,60,0.79,60
2026-01-15T09:14:02.000Z,46.9485291,10.9815174,18,2438.8,236.5,2447.3,1,34,12,34,0.96,34
2026-01-15T09:14:04.000Z,46.9484769,10.9814017,18,2442.9,237.2,2451.7,1,85,11,85,0.98,85
2026-01-15T09:14:06.000Z,46.9484225,10.9812781,18,2446.4,237.8,2456.2,1,28,11,28,0.79,28
2026-01-15T09:14:08.000Z,46.9483724,10.9811615,18,2451.4,240.3,2460.7,1,45,10,45,0.85,45
2026-01-15T09:14:10.000Z,46.9483369,10.9810704,18,2456.7,243.1,2465.2,1,29,8,29,0.81,29
2026-01-15T09:14:12.000Z,46.9482901,10.9809353,18,2461.2,227.6,2470.1,1,43,12,43,1.04,43
2026-01-15T09:14:14.000Z,46.9482304,10.9808395,18,2464.5,238.9,2474.6,1,52,8,52,0.98,52
2026-01-15T09:14:16.000Z,46.9481839,10.9807267,18,2471,245.4,2479.1,1,43,9,43,0.78,43
2026-01-15T09:14:18.000Z,46.9481485,10.9806133,18,2473.4,240.2,2483.5,1,67,10,67,1.2,67
2026-01-15T09:14:20.000Z,46.9480984,10.9804851,18,2479.9,227,2487.8,1,39,10,39,0.6,39
2026-01-15T09:14:22.000Z,46.9480418,10.9803962,18,2482.7,240.7,2492.2,1,40,11,40,0.66,40
2026-01-15T09:14:24.000Z,46.9479969,10.9802792,18,2487.3,242.8,2496.8,1,84,8,84,1.04,84
2026-01-15T09:14:26.000Z,46.9479559,10.9801622,18,2491.5,239.1,2501.5,1,43,10,43,1.14,43
2026-01-15T09:14:28.000Z,46.9479086,10.9800462,18,2497.4,238.3,2506.2,1,56,12,56,0.8,56
2026-01-15T09:14:30.000Z,46.9478619,10.9799354,18,2500.4,235.5,2510.7,1,73,8,73,1.17,73
2026-01-15T09:14:32.000Z,46.9478103,10.9798256,18,2506,240,2515.1,1,29,11,29,1.03,29
2026-01-15T09:14:34.000Z,46.9477674,10.9797169,18,2511.6,242.3,2519.3,1,91,8,91,0.77,91
2026-01-15T09:14:36.000Z,46.9477228,10.9795927,18,2515.2,240.3,2523.8,1,21,11,21,0.66,21
2026-01-15T09:14:38.000Z,46.9476783,10.9794784,18,2520.1,236.1,2528.6,1,67,13,67,0.71,67
2026-01-15T09:14:40.000Z,46.9476258,10.9793639,18,2525,237.9,2532.9,1,61,13,61,0.91,61
2026-01-15T09:14:42.000Z,46.9475777,10.9792516,18,2528.2,231.5,2537.7,1,98,8,98,0.78,98
2026-01-15T09:14:44.000Z,46.947521,10.9791472,18,2531.9,247.2,2541.9,1,62,12,62,0.86,62
2026-01-15T09:14:46.000Z,46.9474899,10.9790387,18,2538.2,238.6,2546.2,1,69,10,69,0.61,69
2026-01-15T09:14:48.000Z,46.9474427,10.9789255,18,2542,233,2551.2,1,67,13,67,1.03,67
2026-01-15T09:14:50.000Z,46.9473819,10.9788072,18,2546.6,235.6,2555.6,1,79,13,79,0.77,79
2026-01-15T09:14:52.000Z,46.94733,10.9786963,18,2551.7,244.6,2560.1,1,92,11,92,1.03,92
2026-01-15T09:14:54.000Z,46.9472927,10.9785811,18,2554.9,233.7,2564.4,1,79,13,79,1.11,79
2026-01-15T09:14:56.000Z,46.9472507,10.9784972,18,2561,236.7,2569.3,1,46,10,46,1.03,46
2026-01-15T09:14:58.000Z,46.9471988,10.9783813,18,2564.2,239.7,2573.5,1,30,10,30,0.93,30
2026-01-15T09:15:00.000Z,46.9471558,10.9782733,18,2569.9,240.3,2578.1,1,69,13,69,0.68,69
2026-01-15T09:15:02.000Z,46.9471065,10.9781465,18,2574.8,237.4,2582.4,1,32,10,32,0.66,32
2026-01-15T09:15:04.000Z,46.9470601,10.9780404,18,2579.3,234.4,2587.1,1,71,11,71,1.04,71
2026-01-15T09:15:06.000Z,46.9470065,10.9779306,18,2582.8,241.8,2591.5,1,38,9,38,0.82,38
2026-01-15T09:15:08.000Z,46.9469584,10.977799,18,2586.1,229,2596.2,1,56,12,56,1.19,56
2026-01-15T09:15:10.000Z,46.9469037,10.9777067,18,2591.1,242.1,2600.4,1,86,11,86,1.12,86
2026-01-15T09:15:12.000Z,46.9468557,10.977574,18,2595.6,236.3,2605.4,1,38,9,38,0.64,38
2026-01-15T09:15:14.000Z,46.9468161,10.977487,18,2601,237.4,2609.6,1,82,13,82,0.85,82
2026-01-15T09:15:16.000Z,46.9467607,10.9773602,18,2604.8,238.6,2614.1,1,92,10,92,0.65,92
2026-01-15T09:15:18.000Z,46.9467179,10.9772573,18,2609.8,238.4,2618.4,1,57,12,57,1.09,57
2026-01-15T09:15:20.000Z,46.9466712,10.9771459,18,2614.3,246.3,2623.2,1,29,12,29,0.75,29
2026-01-15T09:15:22.000Z,46.9466367,10.9770309,18,2618.7,237.4,2627.6,1,25,11,25,1.14,25
2026-01-15T09:15:24.000Z,46.9465888,10.9769211,18,2622.9,230.6,2632.5,1,93,13,93,1.17,93
2026-01-15T09:15:26.000Z,46.9465258,10.9768088,18,2628,241.5,2636.9,1,20,12,20,0.83,20
2026-01-15T09:15:28.000Z,46.9464838,10.9766957,18,2632.2,243.3,2641.5,1,78,11,78,0.66,78
2026-01-15T09:15:30.000Z,46.946441,10.976571,18,2637.8,232.9,2646,1,72,10,72,0.76,72
2026-01-15T09:15:32.000Z,46.9463932,10.9764785,18,2640.6,234.3,2650.5,1,63,11,63,0.96,63
2026-01-15T09:15:34.000Z,46.9463398,10.9763696,18,2645.8,237,2654.6,1,97,13,97,0.76,97
2026-01-15T09:15:36.000Z,46.9462854,10.9762469,18,2649.4,247.2,2659.1,1,50,12,50,1.06,50
2026-01-15T09:15:38.000Z,46.9462563,10.9761456,18,2654.4,232.3,2663.8,1,56,8,56,0.71,56
2026-01-15T09:15:40.000Z,46.9461921,10.9760239,18,2658.2,245.3,2668,1,82,11,82,0.94,82
2026-01-15T09:15:42.000Z,46.9461524,10.9758977,18,2662.7,239.9,2672.8,1,76,12,76,0.87,76
2026-01-15T09:15:44.000Z,46.9461107,10.9757925,18,2669.2,228.3,2677.5,1,92,13,92,0.84,92
2026-01-15T09:15:46.000Z,46.9460522,10.9756962,18,2672.4,247.6,2682,1,97,9,97,0.91,97
2026-01-15T09:15:48.000Z,46.9460195,10.9755802,18,2677.4,235.7,2686.7,1,80,8,80,0.68,80
2026-01-15T09:15:50.000Z,46.9459633,10.9754597,18,2682.9,242.8,2690.8,1,20,12,20,0.75,20
2026-01-15T09:15:52.000Z,46.9459239,10.9753475,18,2687,234.8,2695.3,1,60,8,60,0.62,60
2026-01-15T09:15:54.000Z,46.9458748,10.9752455,18,2690.5,239.9,2699.9,1,68,12,68,1,68
2026-01-15T09:15:56.000Z,46.945829,10.9751296,18,2695.4,235,2704.3,1,73,11,73,0.86,73
2026-01-15T09:15:58.000Z,46.9457689,10.9750039,18,2700,244.1,2709.1,1,42,12,42,0.61,42
2026-01-15T09:16:00.000Z,46.9457315,10.9748912,18,2704.2,235.7,2713.7,1,20,13,20,0.81,20
2026-01-15T09:16:02.000Z,46.9456819,10.9747845,18,2709.1,230.7,2717.8,1,79,13,79,0.71,79
2026-01-15T09:16:04.000Z,46.9456226,10.9746784,18,2712.9,235.9,2722.6,1,86,12,86,0.98,86
2026-01-15T09:16:06.000Z,46.9455753,10.9745759,18,2717.8,244.9,2727,1,45,13,45,1.08,45
2026-01-15T09:16:08.000Z,46.9455404,10.9744667,18,2723.4,241.1,2731.4,1,47,13,47,1.18,47
2026-01-15T09:16:10.000Z,46.9454883,10.9743287,18,2726.1,241,2735.8,1,38,10,38,0.96,38
2026-01-15T09:16:12.000Z,46.9454511,10.9742303,18,2730.4,237.4,2740.4,1,38,9,38,1.1,38
2026-01-15T09:16:14.000Z,46.9453999,10.9741129,18,2736.9,240.8,2745.2,1,37,11,37,0.97,37
2026-01-15T09:16:16.000Z,46.945355,10.973995,18,2739.6,235.2,2749.3,1,50,10,50,1.01,50
2026-01-15T09:16:18.000Z,46.9453073,10.9738943,18,2746,238.5,2754.2,1,99,11,99,1,99
2026-01-15T09:16:20.000Z,46.9452579,10.973776,18,2750.4,236,2758.3,1,89,9,89,0.97,89
2026-01-15T09:16:22.000Z,46.9452122,10.9736767,18,2754.6,241.1,2762.8,1,71,10,71,0.97,71
2026-01-15T09:16:24.000Z,46.9451652,10.9735522,18,2758.2,231.9,2767.5,1,56,8,56,1.17,56
2026-01-15T09:16:26.000Z,46.9451104,10.9734498,18,2764.1,234.5,2771.9,1,31,8,31,1.18,31
2026-01-15T09:16:28.000Z,46.9450579,10.973342,18,2767.9,237.9,2776.9,1,88,11,88,0.85,88
2026-01-15T09:16:30.000Z,46.9450081,10.9732256,18,2772.7,243,2781,1,77,13,77,1.17,77
2026-01-15T09:16:32.000Z,46.9449638,10.9730983,18,2777.1,229.9,2785.9,1,60,13,60,1,60
2026-01-15T09:16:34.000Z,46.9449145,10.9730126,18,2781.1,245.2,2790.2,1,47,10,47,0.68,47
2026-01-15T09:16:36.000Z,46.9448725,10.9728795,18,2785.1,234.9,2794.6,1,25,10,25,0.96,25
2026-01-15T09:16:38.000Z,46.9448161,10.9727621,18,2789.5,233.7,2799.2,1,84,9,84,1.11,84
2026-01-15T09:16:40.000Z,46.9447705,10.9726713,18,2793.8,238.2,2803.9,1,39,9,39,1.08,39
2026-01-15T09:16:42.000Z,46.9447211,10.9725544,18,2799.5,243.4,2808.1,1,80,9,80,0.77,80
2026-01-15T09:16:44.000Z,46.9446767,10.9724248,18,2804.9,244.3,2813,1,75,11,75,1.13,75
2026-01-15T09:16:46.000Z,46.9446415,10.9723177,18,2808.9,233.2,2817.2,1,45,8,45,1.02,45
2026-01-15T09:16:48.000Z,46.9445959,10.9722284,18,2811.8,235.5,2821.6,1,40,8,40,0.85,40
2026-01-15T09:16:50.000Z,46.9445306,10.9720891,18,2816.5,244.5,2826.1,1,85,12,85,0.72,85
2026-01-15T09:16:52.000Z,46.9444961,10.9719832,18,2821.8,238.5,2830.9,1,43,11,43,1.16,43
2026-01-15T09:16:54.000Z,46.9444494,10.9718717,18,2826,240.4,2835.3,1,54,12,54,0.72,54
2026-01-15T09:16:56.000Z,46.944404,10.9717547,18,2830.3,232.8,2839.6,1,70,9,70,1.04,70
2026-01-15T09:16:58.000Z,46.9443591,10.971668,18,2834.9,233.8,2844.3,1,28,13,28,1.1,28
2026-01-15T09:17:00.000Z,46.9443032,10.9715562,18,2840.1,242.9,2848.8,1,35,9,35,0.72,35
2026-01-15T09:17:02.000Z,46.9442647,10.971446,18,2844,240.8,2853.1,1,45,10,45,0.69,45
2026-01-15T09:17:04.000Z,46.9442112,10.9713059,18,2849.6,234.9,2857.9,1,33,12,33,0.65,33
2026-01-15T09:17:06.000Z,46.9441608,10.971201,18,2854.2,237.6,2862.3,1,99,11,99,0.91,99
2026-01-15T09:17:08.000Z,46.9441164,10.9710986,18,2857.1,234.4,2866.8,1,77,9,77,0.88,77
2026-01-15T09:17:10.000Z,46.9440604,10.9709842,18,2862.9,245.6,2871.5,1,75,9,75,0.88,75
2026-01-15T09:17:12.000Z,46.9440242,10.9708671,18,2867.2,232.2,2876,1,35,8,35,0.6,35
2026-01-15T09:17:14.000Z,46.9439643,10.970754,18,2870.9,241.1,2880.5,1,89,13,89,0.71,89
2026-01-15T09:17:16.000Z,46.9439254,10.9706507,18,2876.3,241.5,2885,1,30,9,30,0.75,30
2026-01-15T09:17:18.000Z,46.9438809,10.9705308,18,2880.6,241.1,2889.2,1,37,11,37,1.16,37
2026-01-15T09:17:20.000Z,46.9438377,10.9704161,18,2884.3,226.9,2894.2,1,85,9,85,1,85
2026-01-15T09:17:22.000Z,46.943779,10.9703242,18,2889.8,245.1,2898.3,1,76,11,76,1.03,76
2026-01-15T09:17:24.000Z,46.9437381,10.9701949,18,2894.4,236.5,2902.8,1,97,13,97,0.8,97
2026-01-15T09:17:26.000Z,46.9436954,10.9701005,18,2899,241.2,2907.6,1,97,8,97,0.85,97
2026-01-15T09:17:28.000Z,46.9436474,10.9699728,18,2902,233.2,2911.9,1,29,9,29,1.04,29
2026-01-15T09:17:30.000Z,46.9435885,10.9698576,18,2906.8,234.2,2916.7,1,68,13,68,0.83,68
2026-01-15T09:17:32.000Z,46.9435414,10.969762,18,2911.2,240.4,2921.3,1,52,8,52,0.61,52
2026-01-15T09:17:34.000Z,46.9434936,10.9696389,18,2915.7,235.7,2925.7,1,22,13,22,1.13,22
2026-01-15T09:17:36.000Z,46.9434452,10.9695351,18,2920.2,242.6,2930.1,1,97,9,97,0.73,97
2026-01-15T09:17:38.000Z,46.9434079,10.9694295,18,2926.4,242,2934.6,1,56,11,56,0.91,56
2026-01-15T09:17:40.000Z,46.9433578,10.9692915,18,2929.7,236.8,2939.2,1,35,8,35,0.68,35
2026-01-15T09:17:42.000Z,46.9433135,10.9691925,18,2935.4,238.6,2943.6,1,44,13,44,0.85,44
2026-01-15T09:17:44.000Z,46.9432677,10.9690826,18,2938.9,233.1,2948.4,1,41,9,41,0.97,41
2026-01-15T09:17:46.000Z,46.9432093,10.9689686,18,2942.7,241.3,2952.7,1,77,12,77,0.74,77
2026-01-15T09:17:48.000Z,46.9431647,10.9688492,18,2949.1,232.5,2957.3,1,85,8,85,0.91,85
2026-01-15T09:17:50.000Z,46.9431173,10.9687586,18,2952.5,236.3,2961.8,1,59,9,59,0.93,59
2026-01-15T09:17:52.000Z,46.9430613,10.9686358,18,2957,246.7,2966.1,1,57,10,57,0.94,57
2026-01-15T09:17:54.000Z,46.9430256,10.9685145,18,2962.6,232.8,2970.5,1,42,11,42,1.15,42
2026-01-15T09:17:56.000Z,46.9429756,10.9684181,18,2965.1,236.7,2975.1,1,48,8,48,0.69,48
2026-01-15T09:17:58.000Z,46.9429264,10.9683084,18,2971.5,241.6,2979.8,1,91,10,91,1.12,91
2026-01-15T09:18:00.000Z,46.9428831,10.9681912,18,2975.7,235.5,2984.5,1,53,9,53,1.03,53
2026-01-15T09:18:02.000Z,46.9428269,10.9680716,18,2978.5,249,2988.9,1,24,10,24,0.69,24
2026-01-15T09:18:04.000Z,46.9427943,10.9679469,18,2984.8,236.1,2993.2,1,29,8,29,0.78,29
2026-01-15T09:18:06.000Z,46.9427435,10.967836,18,2990,236,2997.5,1,92,13,92,0.78,92
2026-01-15T09:18:08.000Z,46.9426954,10.9677316,18,2992.9,233.5,3002,1,53,9,53,0.63,53
2026-01-15T09:18:10.000Z,46.9426428,10.9676275,18,2998.5,242.5,3006.7,1,69,8,69,0.84,69
2026-01-15T09:18:12.000Z,46.9426048,10.9675205,18,3002.6,234.4,3011.3,1,47,11,47,0.91,47
2026-01-15T09:18:14.000Z,46.9425461,10.9674004,18,3007,250.1,3015.9,1,71,13,71,0.91,71
2026-01-15T09:18:16.000Z,46.942514,10.9672702,18,3011.7,229.9,3020.1,1,90,11,90,1.12,90
2026-01-15T09:18:18.000Z,46.9424656,10.9671859,18,3014.8,76.6,3024.1,1,59,10,59,0.99,59
2026-01-15T09:18:18.000Z,46.9424689,10.9672062,20,3015,105.7,3024.1,1,26,10,26,0.91,26
2026-01-15T09:18:19.000Z,46.9424581,10.9672624,20,3013.5,88.8,3022.7,1,64,10,64,0.77,64
2026-01-15T09:18:20.000Z,46.9424592,10.9673375,20.1,3013.7,102.9,3022,1,65,13,65,0.66,65
2026-01-15T09:18:21.000Z,46.9424456,10.9674247,20.1,3012.3,65.3,3020.7,1,72,10,72,0.97,72
2026-01-15T09:18:22.000Z,46.9424594,10.9674687,20.3,3011.3,76.3,3019.7,1,38,12,38,1.14,38
2026-01-15T09:18:23.000Z,46.9424726,10.9675478,20.4,3008.8,70.2,3018.5,1,85,9,85,0.66,85
2026-01-15T09:18:24.000Z,46.9424914,10.9676244,20.6,3007.9,62,3017.7,1,47,12,47,0.81,47
2026-01-15T09:18:25.000Z,46.9425108,10.9676779,20.8,3008.3,63.9,3016.5,1,28,10,28,0.74,28
2026-01-15T09:18:26.000Z,46.942538,10.9677592,21,3007.7,93.5,3015.6,1,96,8,96,1.12,96
2026-01-15T09:18:27.000Z,46.9425355,10.9678189,21.3,3004.5,130.7,3014.4,1,74,9,74,0.82,74
2026-01-15T09:18:28.000Z,46.9425017,10.9678765,21.6,3005.2,127.8,3013.3,1,47,11,47,0.85,47
2026-01-15T09:18:29.000Z,46.9424716,10.9679334,21.9,3002.2,138.6,3012.1,1,39,8,39,1.13,39
2026-01-15T09:18:30.000Z,46.9424274,10.9679905,22.3,3001,163.3,3010.7,1,44,10,44,0.95,44
2026-01-15T09:18:31.000Z,46.9423749,10.9680135,22.7,3001.3,144.6,3010,1,62,12,62,0.75,62
2026-01-15T09:18:32.000Z,46.942328,10.9680624,23.2,2999.9,158,3008.7,1,89,8,89,1.17,89
2026-01-15T09:18:33.000Z,46.9422713,10.968096,23.7,2999.5,162.3,3007.1,1,59,8,59,1.06,59
2026-01-15T09:18:34.000Z,46.9422188,10.9681206,24.2,2997.8,170.7,3005.9,1,89,11,89,0.88,89
2026-01-15T09:18:35.000Z,46.9421431,10.9681388,24.8,2995.7,177,3004.8,1,52,13,52,0.69,52
2026-01-15T09:18:36.000Z,46.9420878,10.968143,25.4,2994.1,151,3003.6,1,61,12,61,1.1,61
2026-01-15T09:18:37.000Z,46.9420364,10.9681847,26.1,2993,166,3002.1,1,25,11,25,0.94,25
2026-01-15T09:18:38.000Z,46.9419634,10.9682113,26.9,2991.9,156,3001.1,1,94,12,94,1.19,94
2026-01-15T09:18:39.000Z,46.9419189,10.9682403,27.7,2990.1,135.8,2999.4,1,39,9,39,1.03,39
2026-01-15T09:18:40.000Z,46.9418583,10.9683267,28.5,2989.9,135.9,2997.8,1,26,10,26,1.13,26
2026-01-15T09:18:41.000Z,46.9418112,10.9683936,29.4,2987.8,129.4,2996.6,1,81,9,81,1.17,81
2026-01-15T09:18:42.000Z,46.9417705,10.9684661,30.4,2984.7,131.4,2995,1,61,10,61,0.61,61
2026-01-15T09:18:43.000Z,46.9417145,10.9685592,31.5,2985.2,135.5,2993.4,1,21,10,21,0.7,21
2026-01-15T09:18:44.000Z,46.9416565,10.9686427,32.6,2981.5,121.3,2991.8,1,35,12,35,1.16,35
2026-01-15T09:18:45.000Z,46.941617,10.9687377,33.8,2981.3,117.2,2989.8,1,83,8,83,1.15,83
2026-01-15T09:18:46.000Z,46.941573,10.9688631,35.1,2978.3,76.4,2987.9,1,94,13,94,1.19,94
2026-01-15T09:18:47.000Z,46.9415882,10.9689552,36.5,2977.1,3,2986.1,1,25,13,25,0.79,25
2026-01-15T09:18:48.000Z,46.9416715,10.9689616,37.9,2974.9,344.6,2984.7,1,96,11,96,1.1,96
2026-01-15T09:18:49.000Z,46.9417737,10.9689204,39.5,2974.5,342.4,2982.2,1,97,11,97,1.14,97
2026-01-15T09:18:50.000Z,46.9418549,10.9688826,41.2,2972.1,357.4,2980.1,1,20,13,20,1.1,20
2026-01-15T09:18:51.000Z,46.9419654,10.9688752,42.9,2970.1,13.3,2978.3,1,84,11,84,1.18,84
2026-01-15T09:18:52.000Z,46.9420677,10.9689107,44.8,2966.1,7,2975.6,1,97,11,97,0.87,97
2026-01-15T09:18:53.000Z,46.9421742,10.9689299,46.7,2965.4,5.3,2973.7,1,42,11,42,1.12,42
2026-01-15T09:18:54.000Z,46.9422867,10.9689451,48.8,2961.4,4.3,2971.2,1,88,11,88,1.1,88
2026-01-15T09:18:55.000Z,46.9424143,10.9689593,51,2958.5,358.9,2968.3,1,44,10,44,1.02,44
2026-01-15T09:18:55.333Z,46.942462,10.9689579,51.7,2958.6,1.4,2967.5,1,51,10,51,0.86,51
2026-01-15T09:18:55.667Z,46.9425095,10.9689596,52.5,2958,7.2,2966.8,1,55,12,55,0.71,55
2026-01-15T09:18:56.000Z,46.9425371,10.9689647,53.2,2955.9,1.8,2965.6,1,58,10,58,0.71,58
2026-01-15T09:18:56.333Z,46.9425973,10.9689675,54,2956.9,10.1,2964.9,1,88,10,88,0.74,88
2026-01-15T09:18:56.667Z,46.9426397,10.9689786,54.8,2954,355,2964,1,55,11,55,0.9,55
2026-01-15T09:18:57.000Z,46.9426797,10.9689735,55.6,2953.1,1.1,2962.7,1,27,12,27,1.1,27
2026-01-15T09:18:57.333Z,46.9427355,10.9689751,56.4,2951.8,346.3,2961.9,1,89,12,89,0.74,89
2026-01-15T09:18:57.667Z,46.9427824,10.9689583,57.2,2951.2,346.8,2961.2,1,20,11,20,1.02,20
2026-01-15T09:18:58.000Z,46.9428302,10.9689419,58,2951.6,345.8,2960,1,46,11,46,0.63,46
2026-01-15T09:18:58.333Z,46.9428727,10.9689262,58.8,2950.1,2.4,2958.7,1,39,10,39,0.7,39
2026-01-15T09:18:58.667Z,46.9429159,10.9689289,59.6,2948.9,2.8,2958.1,1,90,9,90,1.09,90
2026-01-15T09:18:59.000Z,46.9429653,10.9689325,60.5,2947.1,359.4,2957.1,1,58,9,58,0.67,58
2026-01-15T09:18:59.333Z,46.9430209,10.9689316,61.3,2946.6,10.7,2956,1,39,8,39,0.64,39
2026-01-15T09:18:59.667Z,46.9430636,10.9689434,62.1,2946.2,1.1,2954.8,1,43,12,43,0.79,43
2026-01-15T09:19:00.000Z,46.9431273,10.9689452,62.9,2944.8,15,2953.7,1,41,13,41,0.85,41
2026-01-15T09:19:00.333Z,46.9431694,10.9689617,63.7,2943.2,18.1,2952.7,1,51,8,51,0.78,51
2026-01-15T09:19:00.667Z,46.9432274,10.9689894,64.6,2943.4,13,2951.5,1,67,11,67,0.89,67
2026-01-15T09:19:01.000Z,46.9432771,10.9690062,65.4,2942,35.4,2950.5,1,63,9,63,1.15,63
2026-01-15T09:19:01.333Z,46.9433166,10.9690473,66.2,2939.5,19.7,2949.1,1,30,11,30,1.16,30
2026-01-15T09:19:01.667Z,46.9433637,10.969072,67,2938.1,11.3,2947.9,1,22,10,22,0.7,22
2026-01-15T09:19:02.000Z,46.9434197,10.9690884,67.7,2938.6,21.8,2946.7,1,87,12,87,1.16,87
2026-01-15T09:19:02.333Z,46.9434871,10.9691279,68.5,2935.4,6.9,2945.5,1,64,13,64,1.1,64
2026-01-15T09:19:02.667Z,46.943541,10.9691374,69.3,2934.7,338.5,2944.4,1,35,10,35,0.75,35
2026-01-15T09:19:03.000Z,46.9435839,10.9691126,70,2933.1,342.5,2943.4,1,24,9,24,0.99,24
2026-01-15T09:19:03.333Z,46.9436529,10.9690807,70.7,2933.7,349.2,2941.8,1,37,13,37,1.11,37
2026-01-15T09:19:03.500Z,46.9436812,10.9690728,71.1,2931.7,21.5,2941.5,1,64,10,64,0.83,64
2026-01-15T09:19:03.667Z,46.9437015,10.9690845,71.4,2932.1,321.8,2940.8,1,61,8,61,0.65,61
2026-01-15T09:19:03.833Z,46.943726,10.9690563,71.7,2930.1,352.6,2940.3,1,91,12,91,1.16,91
2026-01-15T09:19:04.000Z,46.9437619,10.9690495,72.1,2929.5,312.1,2939.3,1,24,9,24,1.1,24
2026-01-15T09:19:04.167Z,46.9437892,10.9690052,72.4,2929.1,14.5,2939,1,40,10,40,0.72,40
2026-01-15T09:19:04.333Z,46.9438125,10.969014,72.7,2928.7,345.4,2938.5,1,99,10,99,0.93,99
2026-01-15T09:19:04.500Z,46.9438533,10.9689984,73,2928.4,291.5,2937.4,1,35,13,35,1.1,35
2026-01-15T09:19:04.667Z,46.9438636,10.9689601,73.3,2928.4,350.9,2937,1,44,9,44,0.68,44
2026-01-15T09:19:04.833Z,46.9438923,10.9689534,73.6,2927.7,340.8,2936.2,1,82,8,82,1.12,82
2026-01-15T09:19:05.000Z,46.9439359,10.9689312,73.9,2927.4,326.1,2935.4,1,22,9,22,1.13,22
2026-01-15T09:19:05.167Z,46.9439573,10.9689101,74.2,2924.9,334.6,2934.9,1,95,11,95,0.68,95
2026-01-15T09:19:05.333Z,46.9439939,10.9688847,74.4,2926.3,344.3,2934.4,1,81,9,81,0.74,81
2026-01-15T09:19:05.500Z,46.9440179,10.9688748,74.7,2923.7,3.8,2933.8,1,39,12,39,1.03,39
2026-01-15T09:19:05.667Z,46.9440403,10.968877,74.9,2924.3,355.3,2933,1,49,9,49,0.81,49
2026-01-15T09:19:05.833Z,46.9440785,10.9688724,75.2,2922.3,335.4,2932.6,1,45,8,45,0.65,45
2026-01-15T09:19:06.000Z,46.9441061,10.9688539,75.4,2923.3,9.6,2931.7,1,56,13,56,0.95,56
2026-01-15T09:19:06.167Z,46.9441385,10.9688619,75.6,2922.3,347.9,2931,1,39,11,39,1.04,39
2026-01-15T09:19:06.333Z,46.944171,10.9688517,75.8,2920.8,340,2930.3,1,66,10,66,1.13,66
2026-01-15T09:19:06.500Z,46.9442053,10.9688334,76,2921.6,349.2,2929.6,1,44,10,44,1.09,44
2026-01-15T09:19:06.667Z,46.9442364,10.9688247,76.2,2920.7,328.2,2929,1,55,13,55,1.1,55
2026-01-15T09:19:06.833Z,46.9442634,10.9688002,76.4,2920,314,2928.3,1,23,9,23,0.73,23
2026-01-15T09:19:07.000Z,46.944277,10.9687796,76.5,2919.2,290.9,2927.9,1,43,8,43,1.19,43
2026-01-15T09:19:07.167Z,46.9442854,10.9687474,76.7,2919,292.7,2927,1,95,12,95,0.9,95
2026-01-15T09:19:07.333Z,46.9442982,10.9687026,76.8,2918,278.6,2926.5,1,42,11,42,1.19,42
2026-01-15T09:19:07.500Z,46.9443028,10.9686581,76.9,2916.3,258.6,2925.7,1,24,8,24,0.9,24
2026-01-15T09:19:07.667Z,46.9442964,10.9686114,77,2916.7,256.5,2925,1,85,9,85,1.11,85
2026-01-15T09:19:07.833Z,46.944286,10.968548,77.1,2914.3,249.4,2924.6,1,75,11,75,0.64,75
2026-01-15T09:19:08.000Z,46.9442759,10.9685086,77.1,2915.4,207.8,2923.6,1,39,10,39,0.97,39
2026-01-15T09:19:08.167Z,46.9442411,10.9684817,77.2,2913.5,200.2,2923.2,1,68,13,68,1.01,68
2026-01-15T09:19:08.333Z,46.9442166,10.9684685,77.2,2912.6,223.4,2922.4,1,86,8,86,0.92,86
2026-01-15T09:19:08.500Z,46.9441952,10.9684389,77.3,2912.5,192.1,2921.7,1,20,8,20,0.71,20
2026-01-15T09:19:08.667Z,46.9441593,10.9684276,77.3,2911.6,201.6,2920.9,1,65,11,65,0.84,65
2026-01-15T09:19:08.833Z,46.9441253,10.9684079,77.3,2911.8,236,2920.1,1,48,8,48,0.98,48
2026-01-15T09:19:09.000Z,46.9441141,10.9683836,77.3,2910,187.3,2919.3,1,34,8,34,0.7,34
2026-01-15T09:19:09.167Z,46.944067,10.9683748,77.4,2909.5,214.3,2919.1,1,89,11,89,1,89
2026-01-15T09:19:09.333Z,46.9440365,10.9683443,77.4,2910.1,177.2,2918,1,95,10,95,0.62,95
2026-01-15T09:19:09.500Z,46.9440113,10.9683461,77.4,2909.7,218.6,2917.9,1,31,13,31,0.92,31
2026-01-15T09:19:09.667Z,46.943984,10.9683142,77.4,2907.6,198.1,2917.1,1,55,9,55,0.75,55
2026-01-15T09:19:09.833Z,46.9439625,10.9683039,77.5,2906.8,201.8,2916.3,1,71,10,71,1.08,71
2026-01-15T09:19:10.000Z,46.9439172,10.9682773,77.5,2906.8,178.8,2915.7,1,70,11,70,1,70
2026-01-15T09:19:10.167Z,46.9438883,10.9682782,77.5,2904.9,222.2,2915.2,1,95,11,95,0.88,95
2026-01-15T09:19:10.333Z,46.9438619,10.9682431,77.5,2904.7,181.2,2914.4,1,84,8,84,0.9,84
2026-01-15T09:19:10.500Z,46.9438242,10.9682419,77.5,2904,216.1,2913.7,1,71,10,71,1.18,71
2026-01-15T09:19:10.667Z,46.9437988,10.9682148,77.6,2904.8,212.9,2912.9,1,54,12,54,1.08,54
2026-01-15T09:19:10.833Z,46.9437698,10.9681873,77.6,2903.8,216.2,2911.9,1,37,13,37,0.71,37
2026-01-15T09:19:11.000Z,46.943741,10.9681564,77.6,2901.5,252.6,2911.6,1,72,8,72,1.16,72
2026-01-15T09:19:11.167Z,46.943733,10.968119,77.6,2901.3,216.5,2910.6,1,82,12,82,0.62,82
2026-01-15T09:19:11.333Z,46.9437001,10.9680834,77.6,2900.6,216.4,2909.8,1,73,9,73,1.17,73
2026-01-15T09:19:11.500Z,46.9436901,10.9680726,77.7,2900.5,219.7,2909.3,1,75,9,75,0.76,75
2026-01-15T09:19:11.667Z,46.9436552,10.9680301,77.7,2900.8,242.2,2908.6,1,87,11,87,0.65,87
2026-01-15T09:19:11.833Z,46.9436342,10.9679718,77.7,2899.4,221.3,2908,1,75,12,75,0.77,75
2026-01-15T09:19:12.000Z,46.9436189,10.9679521,77.7,2898.3,266.2,2907.6,1,23,10,23,0.85,23
2026-01-15T09:19:12.167Z,46.9436172,10.9679146,77.7,2896.6,243,2906.8,1,82,12,82,0.76,82
2026-01-15T09:19:12.333Z,46.9435967,10.9678557,77.7,2897,262.1,2906,1,83,10,83,0.72,83
2026-01-15T09:19:12.500Z,46.9435932,10.9678187,77.7,2896.6,247.6,2905.6,1,72,13,72,0.9,72
2026-01-15T09:19:12.667Z,46.9435754,10.9677553,77.8,2894.7,236.9,2904.4,1,26,9,26,1.03,26
2026-01-15T09:19:12.833Z,46.9435657,10.9677335,77.8,2895.8,266,2904,1,69,13,69,0.63,69
2026-01-15T09:19:13.000Z,46.9435637,10.9676919,77.8,2894.6,244.3,2903.6,1,56,11,56,0.87,56
2026-01-15T09:19:13.167Z,46.9435449,10.9676347,77.8,2893,277,2902.5,1,59,10,59,0.9,59
2026-01-15T09:19:13.333Z,46.943548,10.9675979,77.8,2894,264.2,2901.7,1,84,12,84,0.79,84
2026-01-15T09:19:13.500Z,46.9435431,10.9675275,77.8,2891.6,259.5,2901.3,1,51,12,51,0.98,51
2026-01-15T09:19:13.667Z,46.9435375,10.9674831,77.8,2891.6,216.1,2900.7,1,54,12,54,1.02,54
2026-01-15T09:19:13.833Z,46.9435179,10.9674622,77.9,2890.9,264.4,2899.9,1,66,9,66,0.74,66
2026-01-15T09:19:14.000Z,46.9435129,10.9673874,77.9,2889.9,257,2899.1,1,39,13,39,1.14,39
2026-01-15T09:19:14.167Z,46.9435101,10.9673696,77.9,2890.2,262.8,2898.7,1,29,9,29,0.64,29
2026-01-15T09:19:14.333Z,46.9435061,10.9673232,77.9,2887.8,257.5,2897.9,1,72,12,72,0.77,72
2026-01-15T09:19:14.500Z,46.943495,10.9672497,77.9,2888.1,235.3,2897,1,28,11,28,0.99,28
2026-01-15T09:19:14.667Z,46.9434839,10.9672262,77.9,2888.4,260.5,2896.5,1,78,10,78,0.91,78
2026-01-15T09:19:14.833Z,46.9434782,10.9671763,77.9,2886.4,219.4,2896,1,79,12,79,0.77,79
2026-01-15T09:19:15.000Z,46.9434494,10.9671417,77.9,2886.9,270.6,2895.1,1,35,13,35,0.85,35
2026-01-15T09:19:15.167Z,46.9434499,10.9670718,77.9,2886.1,249.2,2894.6,1,35,12,35,0.92,35
2026-01-15T09:19:15.333Z,46.9434382,10.9670266,77.9,2884.5,253,2893.8,1,90,13,90,0.72,90
2026-01-15T09:19:15.500Z,46.943431,10.9669922,77.9,2885.2,238.6,2893.1,1,50,10,50,0.65,50
2026-01-15T09:19:15.667Z,46.9434085,10.9669382,78,2882.9,262.4,2892.4,1,78,9,78,1.09,78
2026-01-15T09:19:15.833Z,46.9434044,10.9668931,78,2883.1,257.3,2891.4,1,22,13,22,1.16,22
2026-01-15T09:19:16.000Z,46.9433994,10.9668607,78,2881.1,234.6,2891.1,1,94,13,94,0.9,94
2026-01-15T09:19:16.167Z,46.9433779,10.9668164,78,2880.1,240.7,2890,1,70,9,70,1.14,70
2026-01-15T09:19:16.333Z,46.9433661,10.9667856,78,2880.3,238.3,2889.6,1,88,10,88,1.04,88
2026-01-15T09:19:16.500Z,46.9433452,10.966736,78,2880.5,271.3,2888.9,1,21,13,21,1.04,21
2026-01-15T09:19:16.667Z,46.9433458,10.9666963,78,2879.1,232.4,2888,1,86,11,86,0.74,86
2026-01-15T09:19:16.833Z,46.9433243,10.9666554,78,2879.2,248.6,2887.8,1,69,8,69,0.86,69
2026-01-15T09:19:17.000Z,46.9433105,10.9666038,78,2877.2,238.7,2887,1,38,13,38,1.07,38
2026-01-15T09:19:17.167Z,46.9432868,10.9665466,78,2877.6,258,2886.2,1,36,8,36,0.65,36
2026-01-15T09:19:17.333Z,46.9432845,10.9665307,78,2875.9,250.8,2885.3,1,34,12,34,1.02,34
2026-01-15T09:19:17.500Z,46.9432692,10.9664664,78,2876.8,217.7,2884.9,1,30,11,30,0.94,30
2026-01-15T09:19:17.667Z,46.9432517,10.9664466,78,2874.5,231.4,2883.8,1,43,11,43,0.87,43
2026-01-15T09:19:17.833Z,46.9432222,10.9663924,78,2874.1,254.3,2883.2,1,48,8,48,0.65,48
2026-01-15T09:19:18.000Z,46.943217,10.9663653,78,2874.9,228.7,2882.9,1,57,8,57,0.73,57
2026-01-15T09:19:18.167Z,46.9431907,10.9663214,78,2872.6,235.2,2881.8,1,96,11,96,1.18,96
2026-01-15T09:19:18.333Z,46.9431734,10.9662849,78,2873.2,255,2881.6,1,67,8,67,1.04,67
2026-01-15T09:19:18.500Z,46.9431633,10.9662295,78,2871.5,220.8,2880.5,1,97,10,97,0.79,97
2026-01-15T09:19:18.667Z,46.9431366,10.9661957,78,2870.5,226.1,2879.9,1,83,8,83,0.99,83
2026-01-15T09:19:18.833Z,46.9431164,10.966165,78,2871,245.8,2879.2,1,90,11,90,0.67,90
2026-01-15T09:19:19.000Z,46.943099,10.9661083,78,2870.4,233,2878.9,1,65,11,65,1.06,65
2026-01-15T09:19:19.167Z,46.9430809,10.9660731,78,2869.8,235.4,2878.1,1,99,11,99,0.76,99
2026-01-15T09:19:19.333Z,46.9430625,10.966034,78,2867.5,274.2,2877.2,1,28,8,28,0.7,28
2026-01-15T09:19:19.500Z,46.9430643,10.965998,78,2867.5,222.6,2876.4,1,76,11,76,1.07,76
2026-01-15T09:19:19.667Z,46.9430341,10.9659573,78,2866.5,259.1,2876.2,1,31,13,31,1.14,31
2026-01-15T09:19:19.833Z,46.9430278,10.9659095,78,2867.4,244,2875.4,1,63,11,63,1.04,63
2026-01-15T09:19:20.000Z,46.9430137,10.9658671,78,2864.4,225.7,2874.6,1,72,9,72,1.13,72
2026-01-15T09:19:20.167Z,46.9429856,10.9658249,78,2865.2,275,2873.8,1,33,12,33,1.18,33
2026-01-15T09:19:20.333Z,46.9429888,10.965771,78,2864.9,232,2873,1,85,11,85,0.71,85
2026-01-15T09:19:20.500Z,46.9429691,10.9657341,78,2863,251.8,2872.5,1,91,11,91,0.96,91
2026-01-15T09:19:20.667Z,46.9429591,10.9656896,77.9,2862.1,262.8,2872.1,1,78,12,78,0.93,78
2026-01-15T09:19:20.833Z,46.9429555,10.9656479,77.9,2861.8,254.3,2870.9,1,21,9,21,1,21
2026-01-15T09:19:21.000Z,46.9429475,10.9656061,77.9,2860.5,247.1,2870.3,1,60,10,60,1.05,60
2026-01-15T09:19:21.167Z,46.9429301,10.9655459,77.9,2860.6,242.9,2869.9,1,37,11,37,0.71,37
2026-01-15T09:19:21.333Z,46.9429237,10.9655276,77.9,2860.2,259.3,2869.1,1,53,12,53,1.07,53
2026-01-15T09:19:21.500Z,46.9429167,10.9654731,77.9,2859.6,278.5,2868.4,1,31,12,31,0.75,31
2026-01-15T09:19:21.667Z,46.9429232,10.9654093,77.9,2858.2,253.4,2867.7,1,77,9,77,0.96,77
2026-01-15T09:19:21.833Z,46.942916,10.965374,77.9,2858.4,280.3,2866.9,1,90,10,90,0.9,90
2026-01-15T09:19:22.000Z,46.9429205,10.9653378,77.9,2857.8,268,2866.1,1,88,12,88,1.17,88
2026-01-15T09:19:22.167Z,46.9429192,10.9652835,77.9,2857,263,2865.6,1,21,9,21,1.03,21
2026-01-15T09:19:22.333Z,46.9429158,10.9652429,77.9,2857,259.2,2864.7,1,33,8,33,1.02,33
2026-01-15T09:19:22.500Z,46.9429071,10.9651764,77.8,2855.3,279.6,2864.2,1,97,9,97,1.19,97
2026-01-15T09:19:22.667Z,46.9429133,10.9651227,77.8,2854.6,316.9,2863.8,1,32,12,32,0.87,32
2026-01-15T09:19:22.833Z,46.9429313,10.965098,77.8,2853.7,265.7,2862.7,1,80,13,80,1.1,80
2026-01-15T09:19:23.000Z,46.9429286,10.9650453,77.8,2853,274.7,2862.2,1,21,9,21,0.89,21
2026-01-15T09:19:23.167Z,46.9429316,10.9649921,77.8,2851.4,306.4,2861.5,1,73,10,73,0.99,73
2026-01-15T09:19:23.333Z,46.9429454,10.9649647,77.8,2851.8,279.9,2860.6,1,95,12,95,0.95,95
2026-01-15T09:19:23.500Z,46.9429531,10.9648999,77.8,2852.4,327.4,2860,1,76,11,76,0.96,76
2026-01-15T09:19:23.667Z,46.9429796,10.9648751,77.8,2849.4,281.3,2859.5,1,53,12,53,1.15,53
2026-01-15T09:19:23.833Z,46.9429874,10.9648179,77.7,2849.2,307.2,2858.9,1,93,10,93,0.62,93
2026-01-15T09:19:24.000Z,46.9430118,10.9647708,77.7,2849.6,306.1,2858.5,1,71,11,71,1.04,71
2026-01-15T09:19:24.167Z,46.9430303,10.9647336,77.7,2847.7,305.2,2857.7,1,60,8,60,1.17,60
2026-01-15T09:19:24.333Z,46.9430479,10.964697,77.7,2847.2,322.6,2856.6,1,32,10,32,0.75,32
2026-01-15T09:19:24.500Z,46.9430652,10.9646776,77.7,2846,334.6,2856,1,83,13,83,0.6,83
2026-01-15T09:19:24.667Z,46.9431013,10.9646525,77.7,2845.8,294.9,2855.4,1,31,8,31,1.08,31
2026-01-15T09:19:24.833Z,46.9431152,10.9646086,77.6,2845,317.3,2855.1,1,66,8,66,0.66,66
2026-01-15T09:19:25.000Z,46.9431471,10.9645655,77.6,2844.7,330.8,2854.2,1,71,8,71,0.9,71
2026-01-15T09:19:25.167Z,46.9431587,10.964556,77.6,2843.5,331,2853.7,1,35,9,35,0.77,35
2026-01-15T09:19:25.333Z,46.9432005,10.964522,77.6,2842.6,353.7,2852.7,1,72,11,72,0.68,72
2026-01-15T09:19:25.500Z,46.9432273,10.9645177,77.6,2842.7,345.1,2851.8,1,88,13,88,0.78,88
2026-01-15T09:19:25.667Z,46.9432611,10.9645045,77.5,2841.2,327.8,2851.1,1,86,13,86,0.92,86
2026-01-15T09:19:25.833Z,46.9432958,10.9644725,77.5,2840.6,15.9,2850.6,1,45,12,45,0.63,45
2026-01-15T09:19:26.000Z,46.9433176,10.9644816,77.5,2842.3,12.4,2850.2,1,36,9,36,0.95,36
2026-01-15T09:19:26.167Z,46.9433543,10.9644934,77.5,2839.8,349.4,2849.2,1,29,10,29,0.82,29
2026-01-15T09:19:26.333Z,46.9433874,10.9644843,77.5,2838.8,7,2848.8,1,80,12,80,1.16,80
2026-01-15T09:19:26.500Z,46.9434175,10.9644897,77.4,2839.2,18.7,2847.9,1,71,13,71,0.95,71
2026-01-15T09:19:26.667Z,46.9434578,10.9645097,77.4,2837.9,356.1,2847,1,41,8,41,0.68,41
2026-01-15T09:19:26.833Z,46.9434888,10.9645066,77.4,2837.8,353.6,2846.8,1,42,9,42,0.81,42
2026-01-15T09:19:27.000Z,46.9435203,10.9645014,77.4,2837.6,30.3,2846.2,1,40,8,40,1.15,40
2026-01-15T09:19:27.167Z,46.9435505,10.9645272,77.4,2835.5,343.2,2845.4,1,79,10,79,1.14,79
2026-01-15T09:19:27.333Z,46.9435795,10.9645144,77.3,2835.7,25.6,2844.3,1,51,9,51,0.89,51
2026-01-15T09:19:27.500Z,46.9436152,10.9645395,77.3,2833.7,0.5,2844,1,90,9,90,0.78,90
2026-01-15T09:19:27.667Z,46.9436382,10.9645398,77.3,2834.2,25.4,2843.4,1,91,8,91,0.62,91
2026-01-15T09:19:27.833Z,46.9436652,10.9645586,77.3,2834.2,349.2,2842.4,1,31,11,31,0.74,31
2026-01-15T09:19:28.000Z,46.9436927,10.9645509,77.2,2832.7,7.1,2841.7,1,65,12,65,1.18,65
2026-01-15T09:19:28.167Z,46.9437361,10.9645588,77.2,2833.1,38.7,2840.9,1,34,8,34,1.13,34
2026-01-15T09:19:28.333Z,46.9437652,10.964593,77.2,2832.4,3.7,2840.3,1,59,9,59,1.02,59
2026-01-15T09:19:28.500Z,46.9437992,10.9645962,77.2,2830.5,35.6,2840,1,94,13,94,0.77,94
2026-01-15T09:19:28.667Z,46.9438243,10.9646225,77.1,2830.2,357.2,2838.9,1,63,11,63,1.07,63
2026-01-15T09:19:28.833Z,46.9438573,10.9646201,77.1,2828.6,16.8,2838.3,1,94,9,94,0.65,94
2026-01-15T09:19:29.000Z,46.9438905,10.9646348,77.1,2827.6,4.5,2838,1,22,9,22,1.08,22
2026-01-15T09:19:29.167Z,46.943926,10.9646389,77,2828.3,39.3,2836.9,1,58,9,58,1.13,58
2026-01-15T09:19:29.333Z,46.9439513,10.9646692,77,2826.5,21.5,2836.7,1,68,13,68,0.97,68
2026-01-15T09:19:29.500Z,46.943975,10.9646829,77,2826.5,359.5,2835.7,1,44,11,44,1.06,44
2026-01-15T09:19:29.667Z,46.9440191,10.9646823,77,2827.1,43.8,2834.8,1,82,12,82,0.71,82
2026-01-15T09:19:29.833Z,46.9440409,10.9647129,76.9,2824.9,2.2,2834.5,1,42,9,42,1.14,42
2026-01-15T09:19:30.000Z,46.9440662,10.9647143,76.9,2825.2,9.7,2834,1,67,8,67,1.01,67
2026-01-15T09:19:30.167Z,46.9440979,10.9647222,76.9,2824.9,16.6,2832.8,1,87,8,87,0.92,87
2026-01-15T09:19:30.333Z,46.9441419,10.9647414,76.8,2822.8,356.8,2832.2,1,64,12,64,0.82,64
2026-01-15T09:19:30.500Z,46.9441739,10.9647388,76.8,2822.4,41.6,2831.4,1,28,12,28,1.17,28
2026-01-15T09:19:30.667Z,46.9441863,10.9647549,76.8,2820.9,5.9,2830.8,1,95,11,95,1.19,95
2026-01-15T09:19:30.833Z,46.9442361,10.9647624,76.7,2821.9,13.3,2830.2,1,39,9,39,1.19,39
2026-01-15T09:19:31.000Z,46.9442638,10.964772,76.7,2821.2,33.8,2829.9,1,49,9,49,0.97,49
2026-01-15T09:19:31.167Z,46.9442922,10.9647999,76.7,2820.3,343.3,2829.1,1,64,11,64,0.68,64
2026-01-15T09:19:31.333Z,46.9443208,10.9647873,76.6,2819.6,14.5,2828.5,1,83,13,83,1.19,83
2026-01-15T09:19:31.500Z,46.9443618,10.9648028,76.6,2819.9,1.3,2827.4,1,66,8,66,0.87,66
2026-01-15T09:19:31.667Z,46.9443821,10.9648035,76.6,2817.4,345.4,2827.1,1,66,13,66,1.02,66
2026-01-15T09:19:31.833Z,46.9444216,10.9647884,76.5,2817.3,3.4,2826.3,1,45,9,45,0.93,45
2026-01-15T09:19:32.000Z,46.9444523,10.9647911,76.5,2816.1,355,2825.8,1,28,13,28,1.02,28
2026-01-15T09:19:32.167Z,46.9444734,10.9647884,76.5,2815.5,346.1,2824.7,1,49,9,49,0.7,49
2026-01-15T09:19:32.333Z,46.9445045,10.9647771,76.4,2815,9.2,2824.3,1,50,10,50,1.02,50
2026-01-15T09:19:32.500Z,46.9445453,10.9647868,76.4,2815.8,0.7,2823.5,1,52,8,52,1.14,52
2026-01-15T09:19:32.667Z,46.9445692,10.9647872,76.4,2815,4.2,2823.2,1,93,10,93,1.11,93
2026-01-15T09:19:32.833Z,46.9446143,10.964792,76.3,2814,334.2,2822.4,1,89,12,89,0.74,89
2026-01-15T09:19:33.000Z,46.944648,10.9647681,76.3,2811.4,18,2821.5,1,46,10,46,0.98,46
2026-01-15T09:19:33.167Z,46.9446667,10.964777,76.3,2812,338.2,2820.9,1,33,13,33,1.16,33
2026-01-15T09:19:33.333Z,46.9447072,10.9647533,76.2,2810.1,354.8,2820.1,1,61,13,61,0.99,61
2026-01-15T09:19:33.500Z,46.9447435,10.9647485,76.2,2810.7,7.6,2819.5,1,20,9,20,0.78,20
2026-01-15T09:19:33.667Z,46.9447676,10.9647532,76.2,2810.3,11.3,2819.2,1,33,13,33,0.74,33
2026-01-15T09:19:33.833Z,46.9447867,10.9647588,76.1,2809.2,344.1,2818,1,51,13,51,1.09,51
2026-01-15T09:19:34.000Z,46.9448206,10.9647447,76.1,2809.5,357.1,2817.7,1,26,13,26,0.86,26
2026-01-15T09:19:34.167Z,46.9448603,10.9647418,76,2807.9,352.4,2816.8,1,27,10,27,1.08,27
2026-01-15T09:19:34.333Z,46.9448814,10.9647377,76,2806.6,333.1,2816.4,1,92,10,92,0.63,92
2026-01-15T09:19:34.500Z,46.9449188,10.9647099,76,2807.1,358.8,2815.4,1,70,10,70,1.18,70
2026-01-15T09:19:34.667Z,46.9449454,10.9647091,75.9,2805.9,358.2,2814.9,1,38,8,38,1,38
2026-01-15T09:19:34.833Z,46.9449797,10.9647075,75.9,2806.5,358.7,2814.5,1,28,13,28,0.79,28
2026-01-15T09:19:35.000Z,46.9450214,10.9647061,75.8,2804.5,343.7,2813.9,1,40,8,40,0.92,40
2026-01-15T09:19:35.167Z,46.945056,10.9646913,75.8,2803.4,7,2813.1,1,80,11,80,0.84,80
2026-01-15T09:19:35.333Z,46.9450693,10.9646937,75.8,2803,354.7,2812.5,1,68,13,68,1.07,68
2026-01-15T09:19:35.500Z,46.945111,10.964688,75.7,2803,324.7,2811.7,1,21,13,21,0.65,21
2026-01-15T09:19:35.667Z,46.9451334,10.9646648,75.7,2802.4,2,2811.2,1,25,10,25,1.06,25
2026-01-15T09:19:35.833Z,46.9451686,10.9646666,75.6,2801.6,349,2810.6,1,63,9,63,0.84,63
2026-01-15T09:19:36.000Z,46.9451996,10.9646578,75.6,2801.7,346.4,2809.9,1,59,10,59,0.89,59
2026-01-15T09:19:36.167Z,46.9452315,10.9646465,75.6,2800.2,7.1,2809.2,1,59,9,59,1.09,59
2026-01-15T09:19:36.333Z,46.9452745,10.9646544,75.5,2799.6,324.5,2808.2,1,51,13,51,1.06,51
2026-01-15T09:19:36.500Z,46.9452923,10.9646358,75.5,2799.5,345,2807.9,1,67,9,67,1.04,67
2026-01-15T09:19:36.667Z,46.9453317,10.9646203,75.4,2799.1,9.5,2807.1,1,56,11,56,0.88,56
2026-01-15T09:19:36.833Z,46.9453597,10.9646272,75.4,2796.2,323.6,2806.4,1,33,12,33,0.92,33
2026-01-15T09:19:37.000Z,46.945385,10.9645999,75.4,2795.5,358.2,2805.6,1,42,9,42,0.71,42
2026-01-15T09:19:37.167Z,46.9454162,10.9645985,75.3,2795.9,22.1,2804.9,1,68,10,68,0.76,68
2026-01-15T09:19:37.333Z,46.9454434,10.9646147,75.3,2796.4,344.9,2804.3,1,29,13,29,0.72,29
2026-01-15T09:19:37.500Z,46.9454879,10.9645971,75.2,2794.7,355,2803.5,1,77,11,77,0.72,77
2026-01-15T09:19:37.667Z,46.9455233,10.9645926,75.2,2793.7,349.2,2803.3,1,30,12,30,0.87,30
2026-01-15T09:19:37.833Z,46.9455452,10.9645865,75.1,2794.2,348.1,2802.3,1,39,10,39,0.87,39
2026-01-15T09:19:38.000Z,46.9455722,10.9645782,75.1,2793.2,13.1,2801.8,1,49,12,49,0.71,49
2026-01-15T09:19:38.167Z,46.9456145,10.9645926,75,2791.7,0.5,2800.9,1,74,11,74,0.96,74
2026-01-15T09:19:38.333Z,46.9456303,10.9645928,75,2792.3,341.9,2800.6,1,57,13,57,0.78,57
2026-01-15T09:19:38.500Z,46.9456654,10.964576,75,2790.3,12.7,2800,1,36,10,36,0.79,36
2026-01-15T09:19:38.667Z,46.9457086,10.9645903,74.9,2789.5,309.7,2799.1,1,36,12,36,0.97,36
2026-01-15T09:19:38.833Z,46.9457222,10.9645663,74.9,2790.2,19.3,2798.5,1,81,13,81,0.98,81
2026-01-15T09:19:39.000Z,46.9457543,10.9645828,74.8,2787.9,350.5,2798,1,34,11,34,0.72,34
2026-01-15T09:19:39.167Z,46.9458015,10.9645712,74.8,2787.1,3.8,2797.4,1,64,10,64,0.69,64
2026-01-15T09:19:39.333Z,46.9458251,10.9645735,74.7,2788.6,358,2796.5,1,23,13,23,1.13,23
2026-01-15T09:19:39.500Z,46.9458468,10.9645724,74.7,2785.9,359.4,2795.6,1,80,8,80,0.93,80
2026-01-15T09:19:39.667Z,46.9458964,10.9645716,74.6,2787,6.7,2795.4,1,70,12,70,0.61,70
2026-01-15T09:19:39.833Z,46.945926,10.9645767,74.6,2786.2,356.3,2794.7,1,55,13,55,1.12,55
2026-01-15T09:19:40.000Z,46.9459575,10.9645737,74.5,2786,9.1,2793.6,1,78,11,78,0.68,78
2026-01-15T09:19:40.167Z,46.9459716,10.964577,74.5,2785.1,25.1,2793.1,1,89,11,89,1.1,89
2026-01-15T09:19:40.333Z,46.9460119,10.9646047,74.4,2784.7,343.3,2792.6,1,68,9,68,0.64,68
2026-01-15T09:19:40.500Z,46.9460404,10.9645922,74.4,2782.3,18.4,2791.8,1,36,13,36,0.83,36
2026-01-15T09:19:40.667Z,46.9460753,10.9646092,74.4,2782.2,10.5,2790.9,1,43,12,43,1.16,43
2026-01-15T09:19:40.833Z,46.9461004,10.964616,74.3,2780.6,2,2790.5,1,42,12,42,1.03,42
2026-01-15T09:19:41.000Z,46.9461389,10.964618,74.3,2782.1,3.5,2789.8,1,74,11,74,0.74,74
2026-01-15T09:19:41.167Z,46.9461676,10.9646206,74.2,2781.5,44.8,2789.6,1,67,12,67,1.2,67
2026-01-15T09:19:41.333Z,46.9461955,10.9646612,74.2,2778.4,350.4,2788.9,1,73,9,73,0.98,73
2026-01-15T09:19:41.500Z,46.9462193,10.9646553,74.1,2778.4,2.4,2788,1,52,10,52,0.95,52
2026-01-15T09:19:41.667Z,46.9462515,10.9646573,74.1,2777.9,34.9,2787.1,1,92,13,92,0.86,92
2026-01-15T09:19:41.833Z,46.9462858,10.9646924,74,2778.5,16.5,2786.4,1,46,13,46,0.82,46
2026-01-15T09:19:42.000Z,46.9463088,10.9647024,74,2776.3,352.9,2786,1,26,10,26,1.19,26
2026-01-15T09:19:42.167Z,46.9463401,10.9646967,73.9,2777.1,18.8,2785.3,1,25,13,25,1,25
2026-01-15T09:19:42.333Z,46.9463688,10.964711,73.9,2774.9,33.7,2784.6,1,64,8,64,0.64,64
2026-01-15T09:19:42.500Z,46.9464054,10.9647467,73.8,2773.9,347.4,2784.3,1,42,8,42,0.94,42
2026-01-15T09:19:42.667Z,46.9464363,10.9647366,73.8,2775.4,36.8,2783.4,1,99,8,99,0.93,99
2026-01-15T09:19:42.833Z,46.9464612,10.9647639,73.7,2774.6,62.3,2782.8,1,50,12,50,0.8,50
2026-01-15T09:19:43.000Z,46.9464749,10.9648021,73.7,2772.5,0.6,2782,1,57,13,57,0.61,57
2026-01-15T09:19:43.167Z,46.9465061,10.9648026,73.6,2772.2,37,2781.7,1,56,12,56,0.68,56
2026-01-15T09:19:43.333Z,46.9465335,10.9648328,73.6,2772.4,38,2781.1,1,42,12,42,0.89,42
2026-01-15T09:19:43.500Z,46.9465619,10.9648653,73.5,2770.5,347.7,2780.5,1,48,8,48,1.07,48
2026-01-15T09:19:43.667Z,46.946587,10.9648573,73.5,2771,43.2,2779.3,1,66,10,66,0.99,66
2026-01-15T09:19:43.833Z,46.9466161,10.9648973,73.4,2770.4,26.8,2779.2,1,89,9,89,0.78,89
2026-01-15T09:19:44.000Z,46.9466406,10.9649154,73.4,2768.8,27.2,2778.4,1,24,8,24,0.74,24
2026-01-15T09:19:44.167Z,46.9466753,10.9649415,73.3,2769.6,28.7,2777.9,1,30,13,30,0.79,30
2026-01-15T09:19:44.333Z,46.9466951,10.9649574,73.3,2767.1,4.4,2777.1,1,50,9,50,0.89,50
2026-01-15T09:19:44.500Z,46.9467243,10.9649607,73.2,2766.3,15.3,2776.4,1,48,11,48,0.89,48
2026-01-15T09:19:44.667Z,46.9467581,10.9649742,73.2,2766.2,345.7,2775.7,1,47,8,47,0.67,47
2026-01-15T09:19:44.833Z,46.9467951,10.9649604,73.1,2765.2,354.7,2775.1,1,33,10,33,1.12,33
2026-01-15T09:19:45.000Z,46.9468209,10.9649569,73.1,2766.6,25.6,2774.2,1,68,13,68,1.08,68
2026-01-15T09:19:45.167Z,46.9468581,10.964983,73,2763.9,326.3,2773.9,1,24,8,24,0.98,24
2026-01-15T09:19:45.333Z,46.9468765,10.964965,73,2765.2,2.7,2773,1,62,10,62,1.19,62
2026-01-15T09:19:45.500Z,46.9469072,10.9649671,72.9,2763.8,21.5,2772.7,1,57,8,57,1.04,57
2026-01-15T09:19:45.667Z,46.9469502,10.9649919,72.8,2761.9,344.8,2771.9,1,82,11,82,1.01,82
2026-01-15T09:19:45.833Z,46.946978,10.9649808,72.8,2761,359.3,2771.2,1,76,11,76,1.12,76
2026-01-15T09:19:46.000Z,46.9470058,10.9649803,72.7,2761.7,356.8,2770.7,1,44,12,44,0.64,44
2026-01-15T09:19:46.167Z,46.9470372,10.9649777,72.7,2760.2,36.7,2770.2,1,28,11,28,1.14,28
2026-01-15T09:19:46.333Z,46.9470629,10.9650058,72.6,2761.4,324.8,2769.5,1,82,12,82,1.05,82
2026-01-15T09:19:46.500Z,46.9470932,10.9649745,72.6,2759.5,358.4,2768.6,1,70,10,70,0.76,70
2026-01-15T09:19:46.667Z,46.9471223,10.9649733,72.5,2759.8,5.9,2767.7,1,87,11,87,1.09,87
2026-01-15T09:19:46.833Z,46.9471532,10.964978,72.5,2757.4,335.4,2767.3,1,61,10,61,0.98,61
2026-01-15T09:19:47.000Z,46.9471814,10.9649591,72.4,2758.1,6.5,2766.8,1,27,13,27,0.96,27
2026-01-15T09:19:47.167Z,46.9472198,10.9649655,72.4,2757,350.5,2766,1,40,8,40,1.13,40
2026-01-15T09:19:47.333Z,46.947247,10.9649588,72.3,2755.7,340.1,2765.4,1,78,11,78,0.98,78
2026-01-15T09:19:47.500Z,46.9472775,10.9649426,72.3,2756.7,6.5,2764.8,1,34,11,34,0.8,34
2026-01-15T09:19:47.667Z,46.9473049,10.9649472,72.2,2754.2,338.2,2764.2,1,23,11,23,0.82,23
2026-01-15T09:19:47.833Z,46.947337,10.9649284,72.2,2755,350.3,2763.8,1,69,12,69,0.84,69
2026-01-15T09:19:48.000Z,46.9473669,10.9649209,72.1,2754.3,350.6,2762.9,1,91,10,91,1.14,91
2026-01-15T09:19:48.167Z,46.9473959,10.9649139,72.1,2752.3,331.6,2762.5,1,41,11,41,0.9,41
2026-01-15T09:19:48.333Z,46.9474271,10.9648892,72,2752.4,27.3,2762,1,39,12,39,0.95,39
2026-01-15T09:19:48.500Z,46.9474492,10.9649059,72,2752.3,350.5,2761.3,1,58,12,58,0.76,58
2026-01-15T09:19:48.667Z,46.9474863,10.9648968,71.9,2751.9,351.7,2760.7,1,27,8,27,0.71,27
2026-01-15T09:19:48.833Z,46.9475059,10.9648926,71.8,2750.8,321.7,2759.9,1,45,12,45,1.08,45
2026-01-15T09:19:49.000Z,46.9475334,10.9648608,71.8,2749.7,8.1,2759.3,1,88,11,88,0.87,88
2026-01-15T09:19:49.167Z,46.9475752,10.9648695,71.7,2749.7,330.7,2758.6,1,53,12,53,1.14,53
2026-01-15T09:19:49.333Z,46.9476017,10.9648477,71.7,2748.4,10,2757.8,1,71,8,71,0.71,71
2026-01-15T09:19:49.500Z,46.9476287,10.9648547,71.6,2749.3,351.2,2757,1,45,10,45,0.74,45
2026-01-15T09:19:49.667Z,46.9476581,10.964848,71.6,2748.3,314.8,2756.6,1,49,11,49,0.64,49
2026-01-15T09:19:49.833Z,46.9476782,10.9648184,71.5,2746.5,351.6,2756.2,1,70,12,70,1.04,70
2026-01-15T09:19:50.000Z,46.9477132,10.9648108,71.5,2746.8,357.2,2755.3,1,37,11,37,1.19,37
2026-01-15T09:19:50.167Z,46.9477482,10.9648083,71.4,2745.3,11.4,2755,1,23,11,23,1.2,23
2026-01-15T09:19:50.333Z,46.9477675,10.964814,71.4,2746.3,3.4,2753.9,1,54,8,54,0.89,54
2026-01-15T09:19:50.500Z,46.9477927,10.9648162,71.3,2745.3,339.8,2753.8,1,23,10,23,0.82,23
2026-01-15T09:19:50.667Z,46.9478365,10.9647926,71.3,2743,17.8,2752.9,1,93,10,93,0.74,93
2026-01-15T09:19:50.833Z,46.9478512,10.9647995,71.2,2743.7,321.5,2752.5,1,57,9,57,0.88,57
2026-01-15T09:19:51.000Z,46.9478848,10.9647604,71.1,2742.7,359.8,2751.7,1,30,8,30,1.03,30
2026-01-15T09:19:51.167Z,46.9479221,10.9647602,71.1,2741.4,304,2751.2,1,44,12,44,1.03,44
2026-01-15T09:19:51.333Z,46.9479333,10.9647359,71,2741.8,341.8,2750.3,1,61,12,61,1.02,61
2026-01-15T09:19:51.500Z,46.9479681,10.9647191,71,2739.9,352.2,2749.7,1,69,12,69,0.91,69
2026-01-15T09:19:51.667Z,46.9480054,10.9647116,70.9,2739,313.2,2749,1,90,10,90,0.66,90
2026-01-15T09:19:51.833Z,46.9480305,10.9646725,70.9,2738.8,9.8,2748.4,1,69,8,69,1.18,69
2026-01-15T09:19:52.000Z,46.9480546,10.9646786,70.8,2739.3,304.5,2747.9,1,80,10,80,0.73,80
2026-01-15T09:19:52.167Z,46.9480722,10.9646411,70.8,2737.7,357.8,2747.5,1,44,10,44,1.13,44
2026-01-15T09:19:52.333Z,46.9481063,10.9646392,70.7,2736.6,331.1,2746.6,1,26,13,26,0.96,26
2026-01-15T09:19:52.500Z,46.9481262,10.9646231,70.7,2737.7,350.8,2746.2,1,39,9,39,0.89,39
2026-01-15T09:19:52.667Z,46.9481556,10.9646161,70.6,2736.4,326.3,2745.6,1,34,8,34,1.03,34
2026-01-15T09:19:52.833Z,46.9481926,10.9645799,70.6,2736.8,323.3,2745,1,92,12,92,0.92,92
2026-01-15T09:19:53.000Z,46.9482161,10.9645542,70.5,2736.2,345.7,2744.2,1,52,8,52,0.73,52
2026-01-15T09:19:53.167Z,46.948242,10.9645445,70.5,2735.6,349.9,2743.8,1,35,11,35,1.16,35
2026-01-15T09:19:53.333Z,46.9482649,10.9645385,70.4,2733.3,325.2,2743.1,1,63,8,63,1.19,63
2026-01-15T09:19:53.500Z,46.9482958,10.964507,70.3,2733,320.7,2742.1,1,74,8,74,0.8,74
2026-01-15T09:19:53.667Z,46.9483114,10.9644883,70.3,2731.6,352.5,2741.5,1,72,11,72,0.97,72
2026-01-15T09:19:53.833Z,46.9483445,10.9644819,70.2,2732.7,337.3,2741.2,1,50,8,50,0.63,50
2026-01-15T09:19:54.000Z,46.9483721,10.964465,70.2,2731.4,333.9,2740.7,1,99,12,99,0.81,99
2026-01-15T09:19:54.167Z,46.9484056,10.964441,70.1,2730.3,351.8,2740.1,1,59,8,59,1.19,59
2026-01-15T09:19:54.333Z,46.9484241,10.9644371,70.1,2730.8,330.6,2739.3,1,44,11,44,0.68,44
2026-01-15T09:19:54.500Z,46.9484593,10.964408,70,2728.7,343.5,2738.7,1,58,12,58,0.86,58
2026-01-15T09:19:54.667Z,46.9484824,10.964398,70,2728.5,344.5,2738.1,1,64,8,64,0.98,64
2026-01-15T09:19:55.000Z,46.9485307,10.9643784,69.9,2728.7,352.7,2736.9,1,77,10,77,0.82,77
2026-01-15T09:19:55.333Z,46.9485879,10.9643676,69.8,2725.4,340.5,2735.8,1,55,10,55,0.76,55
2026-01-15T09:19:55.667Z,46.9486594,10.9643306,69.7,2725.8,349.7,2734.3,1,60,13,60,1.06,60
2026-01-15T09:19:56.000Z,46.9487011,10.9643195,69.6,2723.9,326.2,2733.4,1,96,8,96,0.75,96
2026-01-15T09:19:56.333Z,46.9487524,10.9642692,69.4,2723.6,351.8,2732,1,33,9,33,0.68,33
2026-01-15T09:19:56.667Z,46.9488257,10.9642537,69.3,2721.3,346.2,2730.6,1,56,10,56,1.04,56
2026-01-15T09:19:57.000Z,46.9488718,10.9642371,69.2,2719.7,337.1,2729.6,1,78,8,78,0.85,78
2026-01-15T09:19:57.333Z,46.9489364,10.9641971,69.1,2718.1,342.7,2728.3,1,70,13,70,0.91,70
2026-01-15T09:19:57.667Z,46.9489874,10.9641738,69,2718.3,356.8,2727.1,1,41,8,41,0.79,41
2026-01-15T09:19:58.000Z,46.949047,10.9641689,68.9,2716.2,352.4,2725.7,1,67,11,67,0.76,67
2026-01-15T09:19:58.333Z,46.9490883,10.9641608,68.8,2715.7,342.5,2724.7,1,22,12,22,0.86,22
2026-01-15T09:19:58.667Z,46.9491512,10.9641317,68.7,2715.2,355.8,2723.4,1,53,11,53,0.9,53
2026-01-15T09:19:59.000Z,46.9492149,10.9641248,68.6,2713.8,337.6,2722.1,1,98,13,98,0.72,98
2026-01-15T09:19:59.333Z,46.9492646,10.9640948,68.5,2711,349.4,2721,1,35,9,35,0.89,35
2026-01-15T09:19:59.667Z,46.9493209,10.9640793,68.4,2711.8,359.8,2719.6,1,65,13,65,0.94,65
2026-01-15T09:20:00.000Z,46.9493803,10.964079,68.3,2708.4,2.2,2718.8,1,35,10,35,1.08,35
2026-01-15T09:20:00.333Z,46.9494344,10.964082,68.2,2707.5,351.7,2717.3,1,94,13,94,1.14,94
2026-01-15T09:20:00.667Z,46.9494818,10.9640719,68.1,2707,358.5,2716.1,1,88,13,88,1.02,88
2026-01-15T09:20:01.000Z,46.9495546,10.9640692,68,2707,10.8,2714.9,1,29,12,29,1.03,29
2026-01-15T09:20:01.333Z,46.949603,10.9640827,67.9,2705.3,29.8,2713.7,1,43,12,43,0.73,43
2026-01-15T09:20:01.667Z,46.9496472,10.9641198,67.8,2702.5,5.1,2712.8,1,54,8,54,0.83,54
2026-01-15T09:20:02.000Z,46.9497102,10.964128,67.7,2701.4,21,2711.3,1,60,9,60,1.14,60
2026-01-15T09:20:02.333Z,46.9497547,10.964153,67.6,2702.4,39.5,2710.3,1,56,13,56,1.07,56
2026-01-15T09:20:02.667Z,46.9498009,10.9642087,67.5,2699.4,17.7,2709.3,1,49,8,49,1.12,49
2026-01-15T09:20:03.000Z,46.9498502,10.9642318,67.4,2697.9,31.5,2707.9,1,30,10,30,1.02,30
2026-01-15T09:20:03.333Z,46.9498981,10.9642748,67.3,2698,25.4,2706.5,1,22,8,22,0.87,22
2026-01-15T09:20:03.667Z,46.9499559,10.964315,67.2,2697.7,37.2,2705.4,1,82,12,82,0.94,82
2026-01-15T09:20:04.000Z,46.9499945,10.9643579,67.1,2696.2,30.1,2704.6,1,88,9,88,0.72,88
2026-01-15T09:20:04.333Z,46.9500509,10.9644058,67.1,2693.4,42.6,2702.9,1,82,8,82,1.15,82
2026-01-15T09:20:04.667Z,46.950101,10.9644732,67,2693.4,30.6,2702.1,1,39,11,39,0.84,39
2026-01-15T09:20:05.000Z,46.950138,10.9645052,66.9,2690.9,24.9,2700.6,1,89,8,89,0.71,89
2026-01-15T09:20:05.333Z,46.9501884,10.9645395,66.8,2690.9,67.7,2699.5,1,34,9,34,0.82,34
2026-01-15T09:20:05.667Z,46.9502125,10.9646256,66.7,2689.1,54.5,2698.4,1,45,10,45,1.19,45
2026-01-15T09:20:06.000Z,46.9502431,10.9646884,66.6,2688.8,35.4,2697.1,1,42,10,42,0.66,42
2026-01-15T09:20:06.333Z,46.9502935,10.9647409,66.5,2688.3,61.3,2696,1,36,12,36,1.18,36
2026-01-15T09:20:06.667Z,46.9503244,10.9648235,66.4,2685.1,56.7,2695.2,1,50,12,50,1.18,50
2026-01-15T09:20:07.000Z,46.9503451,10.9648696,66.3,2685.9,60.4,2694.1,1,34,9,34,0.97,34
2026-01-15T09:20:07.333Z,46.9503739,10.9649439,66.2,2682.9,51.5,2692.6,1,50,12,50,0.92,50
2026-01-15T09:20:07.667Z,46.9504112,10.9650127,66.2,2682.1,72.5,2691.3,1,93,10,93,1.1,93
2026-01-15T09:20:08.000Z,46.9504284,10.9650927,66.1,2681.1,72.4,2690.4,1,59,12,59,0.76,59
2026-01-15T09:20:08.333Z,46.9504466,10.9651766,66,2679.2,61.4,2689.4,1,44,12,44,0.61,44
2026-01-15T09:20:08.667Z,46.9504708,10.9652415,65.9,2678,58.8,2687.8,1,32,12,32,0.75,32
2026-01-15T09:20:09.000Z,46.9505002,10.9653125,65.8,2678.9,74.8,2686.8,1,71,11,71,0.76,71
2026-01-15T09:20:09.333Z,46.9505158,10.9653967,65.7,2675.9,83.5,2685.9,1,90,9,90,0.83,90
2026-01-15T09:20:09.667Z,46.950522,10.9654767,65.7,2675.2,79.5,2684.7,1,56,13,56,0.97,56
2026-01-15T09:20:10.000Z,46.9505295,10.9655361,65.6,2673.2,80,2683.4,1,56,12,56,0.97,56
2026-01-15T09:20:10.333Z,46.9505411,10.9656329,65.5,2674.2,94.8,2681.9,1,58,9,58,0.84,58
2026-01-15T09:20:10.667Z,46.9505368,10.9657081,65.4,2673.1,106.6,2680.9,1,46,11,46,0.79,46
2026-01-15T09:20:11.000Z,46.9505194,10.9657936,65.3,2671.7,101.8,2680,1,36,10,36,1.17,36
2026-01-15T09:20:11.333Z,46.9505113,10.9658504,65.3,2669.7,142.7,2678.7,1,38,11,38,0.82,38
2026-01-15T09:20:11.667Z,46.9504645,10.9659026,65.2,2668.5,143,2677.8,1,77,12,77,0.88,77
2026-01-15T09:20:12.000Z,46.9504166,10.9659555,65.1,2666.8,165.8,2676.4,1,35,13,35,0.66,35
2026-01-15T09:20:12.333Z,46.9503673,10.9659738,65,2667.1,148.8,2675.5,1,79,13,79,0.89,79
2026-01-15T09:20:12.667Z,46.9503145,10.9660207,65,2664.5,164.3,2674.1,1,49,12,49,1.13,49
2026-01-15T09:20:13.000Z,46.9502696,10.9660392,64.9,2663,153,2673,1,26,9,26,0.97,26
2026-01-15T09:20:13.333Z,46.9502178,10.9660779,64.8,2661.9,179.9,2671.7,1,88,13,88,0.88,88
2026-01-15T09:20:13.667Z,46.9501585,10.9660781,64.7,2662.2,145,2670.9,1,28,13,28,0.97,28
2026-01-15T09:20:14.000Z,46.95012,10.9661176,64.7,2659.8,167.5,2669.6,1,47,9,47,1.13,47
2026-01-15T09:20:14.333Z,46.9500585,10.9661375,64.6,2659.6,182.8,2668.8,1,33,8,33,0.95,33
2026-01-15T09:20:14.667Z,46.9500018,10.9661335,64.5,2659,162.9,2667.2,1,56,12,56,0.63,56
2026-01-15T09:20:15.000Z,46.9499498,10.966157,64.5,2656,190.6,2666.1,1,43,11,43,0.78,43
2026-01-15T09:20:15.333Z,46.9499095,10.966146,64.4,2655.6,174,2665.4,1,91,10,91,0.8,91
2026-01-15T09:20:15.667Z,46.9498409,10.9661565,64.3,2655.2,174.6,2663.7,1,53,10,53,0.79,53
2026-01-15T09:20:16.000Z,46.9497896,10.9661636,64.3,2654.8,162.9,2663.1,1,68,12,68,0.93,68
2026-01-15T09:20:16.333Z,46.949742,10.966185,64.2,2652.8,197.1,2661.9,1,80,13,80,0.86,80
2026-01-15T09:20:16.667Z,46.9496847,10.9661592,64.2,2651,172.2,2660.7,1,70,13,70,1,70
2026-01-15T09:20:17.000Z,46.949632,10.9661698,64.1,2650.4,163.2,2659.2,1,49,12,49,0.72,49
2026-01-15T09:20:17.333Z,46.9495835,10.9661912,64,2649.9,165.7,2658.3,1,26,10,26,0.9,26
2026-01-15T09:20:17.667Z,46.9495331,10.96621,64,2648.4,179.8,2657,1,43,11,43,0.82,43
2026-01-15T09:20:18.000Z,46.9494725,10.9662103,63.9,2646.9,167.3,2656.2,1,54,9,54,1.03,54
2026-01-15T09:20:18.333Z,46.9494218,10.966227,63.9,2647,162.8,2655.1,1,99,9,99,1.19,99
2026-01-15T09:20:18.667Z,46.9493754,10.9662481,63.8,2644.9,151.7,2653.8,1,29,11,29,1.17,29
2026-01-15T09:20:19.000Z,46.949329,10.9662847,63.7,2642.8,123.1,2652.6,1,34,11,34,0.71,34
2026-01-15T09:20:19.333Z,46.9492969,10.9663568,63.7,2641.9,146.8,2651.5,1,97,8,97,0.9,97
2026-01-15T09:20:19.667Z,46.9492498,10.966402,63.6,2640.9,116.6,2650.8,1,32,13,32,0.8,32
2026-01-15T09:20:20.000Z,46.9492296,10.966461,63.6,2640.4,95.9,2649.1,1,70,13,70,0.88,70
2026-01-15T09:20:20.333Z,46.949224,10.9665403,63.5,2639.8,92,2648.5,1,41,8,41,1.15,41
2026-01-15T09:20:20.667Z,46.9492219,10.9666275,63.5,2638.7,101.7,2647.1,1,90,9,90,0.9,90
2026-01-15T09:20:21.000Z,46.9492101,10.9667107,63.4,2636.1,112.4,2645.9,1,41,8,41,0.93,41
2026-01-15T09:20:21.333Z,46.94919,10.9667823,63.4,2636.1,72.6,2645.1,1,67,13,67,0.85,67
2026-01-15T09:20:21.667Z,46.9492021,10.9668387,63.3,2633.8,70.6,2643.9,1,44,13,44,0.76,44
2026-01-15T09:20:22.000Z,46.9492228,10.9669249,63.3,2632.7,52.2,2642.7,1,74,13,74,1.01,74
2026-01-15T09:20:22.333Z,46.9492466,10.9669698,63.3,2633.3,66.3,2641.5,1,64,12,64,1.03,64
2026-01-15T09:20:22.667Z,46.9492737,10.9670601,63.2,2630.6,51.8,2640.4,1,79,12,79,0.91,79
2026-01-15T09:20:23.000Z,46.9493076,10.9671232,63.2,2631.1,61.9,2639.6,1,83,12,83,1.12,83
2026-01-15T09:20:23.333Z,46.949327,10.9671765,63.1,2630.1,50.7,2638.1,1,69,8,69,0.77,69
2026-01-15T09:20:23.667Z,46.9493683,10.9672503,63.1,2628.4,45.6,2637.1,1,23,12,23,1.14,23
2026-01-15T09:20:24.000Z,46.9493962,10.9672921,63.1,2627.9,45.4,2635.9,1,67,9,67,1.03,67
2026-01-15T09:20:24.333Z,46.9494419,10.96736,63,2626.5,36.8,2635,1,23,10,23,1.13,23
2026-01-15T09:20:24.667Z,46.9494787,10.9674004,63,2624.8,44,2634.1,1,96,10,96,0.67,96
2026-01-15T09:20:25.000Z,46.9495104,10.9674452,62.9,2624.6,47.9,2632.6,1,25,12,25,0.69,25
2026-01-15T09:20:25.333Z,46.9495512,10.9675114,62.9,2622.1,55.3,2631.6,1,35,10,35,1.06,35
2026-01-15T09:20:25.667Z,46.9495804,10.9675731,62.9,2622,37.2,2630.5,1,43,11,43,0.72,43
2026-01-15T09:20:26.000Z,46.9496233,10.9676208,62.8,2621.4,53.9,2629.6,1,51,12,51,0.63,51
2026-01-15T09:20:26.333Z,46.9496548,10.967684,62.8,2620.4,54.7,2628.5,1,96,11,96,0.62,96
2026-01-15T09:20:26.667Z,46.9496824,10.9677412,62.8,2618.8,48.6,2627.2,1,97,8,97,1.13,97
2026-01-15T09:20:27.000Z,46.9497115,10.9677895,62.8,2618.1,54.3,2626.1,1,70,10,70,0.74,70
2026-01-15T09:20:27.333Z,46.9497513,10.9678706,62.7,2615.2,36.6,2625.1,1,35,8,35,0.96,35
2026-01-15T09:20:27.667Z,46.9497813,10.9679032,62.7,2615.6,58.2,2623.8,1,72,9,72,1.01,72
2026-01-15T09:20:28.000Z,46.9498151,10.9679831,62.7,2614.3,38.3,2622.8,1,79,13,79,0.64,79
2026-01-15T09:20:28.333Z,46.9498631,10.9680387,62.6,2611.5,70.7,2621.5,1,64,13,64,0.75,64
2026-01-15T09:20:28.667Z,46.9498782,10.9681019,62.6,2612.2,30.5,2620.9,1,47,11,47,0.74,47
2026-01-15T09:20:29.000Z,46.9499303,10.9681469,62.6,2610.4,58.1,2619.3,1,43,10,43,1.08,43
2026-01-15T09:20:29.333Z,46.9499617,10.9682209,62.6,2610.4,32.9,2618.3,1,97,8,97,0.73,97
2026-01-15T09:20:29.667Z,46.9499961,10.9682535,62.6,2607.8,64.2,2617.5,1,99,11,99,0.9,99
2026-01-15T09:20:30.000Z,46.9500212,10.9683295,62.5,2607.6,40.2,2616,1,37,12,37,0.82,37
2026-01-15T09:20:30.333Z,46.9500582,10.9683753,62.5,2607.2,67,2615,1,91,10,91,0.82,91
2026-01-15T09:20:30.667Z,46.9500812,10.9684545,62.5,2604.6,40.1,2614,1,20,12,20,0.97,20
2026-01-15T09:20:31.000Z,46.9501284,10.9685127,62.5,2603.1,50.8,2613.2,1,52,9,52,0.91,52
2026-01-15T09:20:31.333Z,46.9501479,10.9685477,62.5,2603.1,48,2611.6,1,64,10,64,1.14,64
2026-01-15T09:20:31.667Z,46.9501928,10.9686207,62.5,2602.1,53.6,2610.5,1,80,10,80,0.81,80
2026-01-15T09:20:32.000Z,46.9502259,10.9686864,62.5,2601.1,43.9,2609.5,1,53,11,53,0.64,53
2026-01-15T09:20:32.333Z,46.9502609,10.9687358,62.4,2600.8,16.5,2608.5,1,55,10,55,0.84,55
2026-01-15T09:20:32.667Z,46.9503026,10.9687539,62.4,2597.9,36,2607.6,1,55,10,55,0.72,55
2026-01-15T09:20:33.000Z,46.9503474,10.9688015,62.4,2597.3,10.9,2606.4,1,26,12,26,0.81,26
2026-01-15T09:20:33.333Z,46.9503993,10.9688162,62.4,2596.7,31.6,2605.5,1,58,10,58,0.82,58
2026-01-15T09:20:33.667Z,46.9504558,10.9688671,62.4,2595.5,28,2604.4,1,77,12,77,1.08,77
2026-01-15T09:20:34.000Z,46.9504953,10.9688979,62.4,2595.2,25.2,2603.7,1,69,9,69,1.06,69
2026-01-15T09:20:34.333Z,46.9505388,10.9689279,62.4,2593.1,8.2,2602.9,1,41,13,41,0.86,41
2026-01-15T09:20:34.667Z,46.9506006,10.968941,62.4,2593.8,36,2601.6,1,39,13,39,1.1,39
2026-01-15T09:20:35.000Z,46.9506386,10.9689815,62.4,2592.9,33.2,2600.9,1,51,12,51,0.88,51
2026-01-15T09:20:35.333Z,46.9506851,10.969026,62.4,2589.6,31.1,2600,1,86,11,86,0.74,86
2026-01-15T09:20:35.667Z,46.9507266,10.9690627,62.4,2588.8,8.2,2599,1,84,11,84,0.81,84
2026-01-15T09:20:36.000Z,46.9507785,10.9690736,62.4,2589.3,37.5,2597.6,1,77,10,77,0.86,77
2026-01-15T09:20:36.333Z,46.9508219,10.9691223,62.4,2587.8,15,2596.7,1,32,13,32,0.79,32
2026-01-15T09:20:36.667Z,46.9508721,10.969142,62.4,2587.4,33.6,2596,1,21,11,21,0.91,21
2026-01-15T09:20:37.000Z,46.9509269,10.9691953,62.4,2585.2,28.3,2594.8,1,59,10,59,1.05,59
2026-01-15T09:20:37.333Z,46.9509581,10.9692199,62.4,2584.2,20.3,2594.1,1,95,10,95,1.18,95
2026-01-15T09:20:37.667Z,46.9510097,10.9692479,62.4,2583.1,25.3,2593.2,1,77,13,77,0.89,77
2026-01-15T09:20:38.000Z,46.951066,10.9692869,62.4,2582.8,32.8,2592.1,1,64,12,64,1.14,64
2026-01-15T09:20:38.333Z,46.9510995,10.9693185,62.4,2581,23.4,2590.8,1,37,8,37,0.63,37
2026-01-15T09:20:38.667Z,46.9511515,10.9693514,62.5,2580.7,43.6,2590,1,54,8,54,0.7,54
2026-01-15T09:20:39.000Z,46.9511919,10.9694077,62.5,2579.3,27.6,2588.9,1,68,13,68,0.88,68
2026-01-15T09:20:39.333Z,46.9512324,10.9694387,62.5,2577.9,15.4,2588,1,91,8,91,0.65,91
2026-01-15T09:20:39.667Z,46.9512899,10.9694619,62.5,2578.2,44.2,2587.4,1,82,9,82,0.67,82
2026-01-15T09:20:40.000Z,46.9513312,10.9695208,62.5,2576.9,20,2586,1,39,11,39,1.09,39
2026-01-15T09:20:40.333Z,46.9513874,10.9695507,62.5,2575.2,15.9,2585.4,1,21,8,21,0.75,21
2026-01-15T09:20:40.667Z,46.9514229,10.9695655,62.6,2575.7,41.3,2584,1,60,12,60,1,60
2026-01-15T09:20:41.000Z,46.9514662,10.9696212,62.6,2574.6,32.9,2583.5,1,84,13,84,0.83,84
2026-01-15T09:20:41.333Z,46.9515081,10.9696609,62.6,2572.7,11.1,2582.1,1,38,10,38,0.66,38
2026-01-15T09:20:41.667Z,46.9515712,10.9696791,62.6,2572.1,42.5,2581.1,1,98,13,98,0.98,98
2026-01-15T09:20:42.000Z,46.9516075,10.9697279,62.6,2572.4,32.6,2580.5,1,70,8,70,1.17,70
2026-01-15T09:20:42.333Z,46.9516543,10.9697718,62.7,2570,31.6,2579.3,1,85,10,85,0.86,85
2026-01-15T09:20:42.667Z,46.9516914,10.9698052,62.7,2569.1,15.2,2578.2,1,31,10,31,1.05,31
2026-01-15T09:20:43.000Z,46.9517455,10.9698267,62.7,2568.9,19.6,2577.2,1,71,11,71,0.97,71
2026-01-15T09:20:43.333Z,46.9517966,10.9698534,62.7,2567.3,47.2,2576.7,1,90,13,90,0.96,90
2026-01-15T09:20:43.667Z,46.9518313,10.9699083,62.8,2567.2,12.2,2575.6,1,62,13,62,0.83,62
2026-01-15T09:20:44.000Z,46.9518875,10.9699261,62.8,2566.3,33,2574.2,1,93,12,93,0.86,93
2026-01-15T09:20:44.333Z,46.9519345,10.9699708,62.8,2563.8,31.8,2573.7,1,37,9,37,1.14,37
2026-01-15T09:20:44.667Z,46.9519775,10.9700098,62.9,2562.5,16.6,2572.6,1,20,13,20,0.91,20
2026-01-15T09:20:45.000Z,46.9520316,10.9700334,62.9,2562.4,36.5,2571.7,1,47,11,47,1,47
2026-01-15T09:20:45.333Z,46.9520688,10.9700737,62.9,2562.5,40.4,2570.3,1,67,12,67,0.64,67
2026-01-15T09:20:45.667Z,46.9521154,10.9701317,63,2559.9,10.5,2569.3,1,38,8,38,1.15,38
2026-01-15T09:20:46.000Z,46.9521602,10.9701439,63,2560.6,44.6,2568.8,1,78,9,78,1.15,78
2026-01-15T09:20:46.333Z,46.9522047,10.9702081,63,2558.2,19.8,2567.7,1,92,13,92,1.09,92
2026-01-15T09:20:46.667Z,46.9522485,10.9702312,63.1,2557.5,20.2,2566.7,1,89,11,89,0.83,89
2026-01-15T09:20:47.000Z,46.9523026,10.9702604,63.1,2555.6,32.5,2565.7,1,70,11,70,1.13,70
2026-01-15T09:20:47.333Z,46.9523514,10.9703059,63.1,2555.6,24.7,2564.6,1,54,13,54,1.19,54
2026-01-15T09:20:47.667Z,46.9523826,10.9703269,63.2,2553.9,34.1,2563.8,1,70,10,70,0.94,70
2026-01-15T09:20:48.000Z,46.9524436,10.9703874,63.2,2554.6,7.1,2562.7,1,58,11,58,0.89,58
2026-01-15T09:20:48.333Z,46.9524889,10.9703957,63.3,2552.8,35.6,2561.4,1,60,10,60,0.83,60
2026-01-15T09:20:48.667Z,46.9525414,10.9704508,63.3,2551.3,38.2,2560.5,1,99,10,99,1.16,99
2026-01-15T09:20:49.000Z,46.9525711,10.9704851,63.4,2551,27.1,2559.4,1,37,8,37,0.89,37
2026-01-15T09:20:49.333Z,46.9526297,10.9705291,63.4,2549.5,23.3,2558.5,1,55,11,55,0.89,55
2026-01-15T09:20:49.667Z,46.9526626,10.9705499,63.5,2549.5,23.1,2557.6,1,39,10,39,0.68,39
2026-01-15T09:20:50.000Z,46.9527088,10.9705788,63.5,2546.6,27.4,2556.4,1,25,11,25,0.84,25
2026-01-15T09:20:50.333Z,46.9527569,10.9706153,63.6,2547.5,30.1,2555.6,1,34,13,34,0.96,34
2026-01-15T09:20:50.667Z,46.9528186,10.9706678,63.6,2546.9,33,2554.5,1,43,9,43,0.66,43
2026-01-15T09:20:51.000Z,46.95286,10.9707072,63.7,2545,15.1,2553.9,1,57,9,57,0.7,57
2026-01-15T09:20:51.333Z,46.952903,10.9707242,63.7,2543.7,28.4,2552.6,1,52,8,52,0.8,52
2026-01-15T09:20:51.667Z,46.9529551,10.9707655,63.8,2542.9,35.9,2551.5,1,97,8,97,0.9,97
2026-01-15T09:20:52.000Z,46.9529973,10.9708103,63.8,2541.3,17.7,2550.9,1,47,9,47,1.15,47
2026-01-15T09:20:52.333Z,46.9530524,10.9708361,63.9,2541.6,31.9,2550,1,28,9,28,0.74,28
2026-01-15T09:20:52.667Z,46.9530901,10.9708705,63.9,2539.4,24.3,2549,1,40,10,40,0.63,40
2026-01-15T09:20:53.000Z,46.9531443,10.9709063,64,2538.2,20.7,2547.6,1,57,13,57,0.63,57
2026-01-15T09:20:53.333Z,46.9531888,10.9709309,64.1,2538.2,25.8,2546.9,1,36,10,36,0.67,36
2026-01-15T09:20:53.667Z,46.9532479,10.9709728,64.1,2537.7,24.3,2545.6,1,58,11,58,0.69,58
2026-01-15T09:20:54.000Z,46.9532972,10.9710054,64.2,2535.4,30.8,2544.6,1,62,9,62,0.62,62
2026-01-15T09:20:54.333Z,46.9533453,10.9710474,64.2,2534.6,19.4,2543.9,1,22,11,22,0.72,22
2026-01-15T09:20:54.667Z,46.9533861,10.9710685,64.3,2534.1,5.3,2542.8,1,49,12,49,0.81,49
2026-01-15T09:20:55.000Z,46.9534453,10.9710765,64.4,2532.7,42.5,2541.5,1,39,11,39,0.99,39
2026-01-15T09:20:55.333Z,46.9534802,10.9711233,64.4,2532.5,6.6,2540.4,1,96,13,96,0.97,96
2026-01-15T09:20:55.667Z,46.9535464,10.9711345,64.5,2531.9,31.4,2539.7,1,61,12,61,1.07,61
2026-01-15T09:20:56.000Z,46.9535954,10.9711784,64.6,2529.4,9.1,2538.9,1,86,12,86,1.06,86
2026-01-15T09:20:56.333Z,46.953648,10.9711907,64.6,2529.9,18.9,2537.8,1,48,12,48,1.08,48
2026-01-15T09:20:56.667Z,46.9537018,10.9712177,64.7,2528.6,17.8,2536.7,1,85,13,85,0.63,85
2026-01-15T09:20:57.000Z,46.9537347,10.9712332,64.8,2527.1,23.1,2535.6,1,69,11,69,1.08,69
2026-01-15T09:20:57.333Z,46.9537967,10.971272,64.8,2526.7,9.4,2534.4,1,45,8,45,1.06,45
2026-01-15T09:20:57.667Z,46.9538532,10.9712857,64.9,2523.5,38.4,2533.4,1,91,10,91,1.14,91
2026-01-15T09:20:58.000Z,46.9538963,10.9713358,65,2524.7,2.7,2532.7,1,54,12,54,0.96,54
2026-01-15T09:20:58.333Z,46.9539573,10.97134,65.1,2522.8,28.1,2531.8,1,39,11,39,0.88,39
2026-01-15T09:20:58.667Z,46.9539956,10.9713699,65.1,2521.1,26.5,2530.6,1,81,13,81,1,81
2026-01-15T09:20:59.000Z,46.9540474,10.9714077,65.2,2521.2,16.5,2529.5,1,64,13,64,1.15,64
2026-01-15T09:20:59.333Z,46.9540979,10.9714296,65.3,2519,5.5,2528.6,1,81,8,81,0.7,81
2026-01-15T09:20:59.667Z,46.9541578,10.9714381,65.4,2518.7,26.8,2527.7,1,89,10,89,0.71,89
2026-01-15T09:21:00.000Z,46.9542038,10.9714721,65.4,2517.8,12.1,2526.3,1,20,9,20,0.69,20
2026-01-15T09:21:00.333Z,46.9542629,10.9714907,65.5,2515.4,24.6,2525.2,1,26,12,26,0.62,26
2026-01-15T09:21:00.667Z,46.9543101,10.9715224,65.6,2514.7,2.5,2524.3,1,52,11,52,1.05,52
2026-01-15T09:21:01.000Z,46.9543706,10.9715262,65.7,2514.2,27.3,2523.4,1,29,13,29,1.07,29
2026-01-15T09:21:01.333Z,46.9544081,10.9715545,65.8,2513.2,22.7,2522.1,1,25,8,25,1.15,25
2026-01-15T09:21:01.667Z,46.9544608,10.9715868,65.8,2511.7,18.2,2521.6,1,97,8,97,1.12,97
2026-01-15T09:21:02.000Z,46.954523,10.9716168,65.9,2512,15.2,2520.6,1,30,12,30,0.87,30
2026-01-15T09:21:02.333Z,46.9545824,10.9716405,66,2511.1,21,2519.1,1,73,13,73,1.07,73
2026-01-15T09:21:02.667Z,46.9546301,10.9716673,66.1,2508.1,29.8,2518.2,1,89,9,89,0.83,89
2026-01-15T09:21:03.000Z,46.9546791,10.9717084,66.2,2508.8,30.5,2517.1,1,84,8,84,0.77,84
2026-01-15T09:21:03.333Z,46.9547231,10.9717463,66.3,2507.1,10.7,2516,1,76,10,76,0.85,76
2026-01-15T09:21:03.667Z,46.9547758,10.9717609,66.4,2507.1,34.5,2515.3,1,77,10,77,1.19,77
2026-01-15T09:21:04.000Z,46.9548183,10.9718037,66.4,2505.9,15.7,2514.4,1,48,11,48,0.73,48
2026-01-15T09:21:04.333Z,46.9548784,10.9718285,66.5,2504,23,2513.3,1,33,11,33,0.81,33
2026-01-15T09:21:04.667Z,46.9549326,10.9718622,66.6,2502.1,36.1,2512.3,1,26,9,26,0.91,26
2026-01-15T09:21:05.000Z,46.9549735,10.9719059,66.7,2501.2,30.1,2511.3,1,73,11,73,0.81,73
2026-01-15T09:21:05.333Z,46.9550161,10.9719421,66.8,2501.7,19.6,2509.8,1,81,9,81,0.81,81
2026-01-15T09:21:05.667Z,46.9550762,10.9719735,66.9,2501.2,31.6,2509.3,1,70,13,70,0.88,70
2026-01-15T09:21:06.000Z,46.9551282,10.9720204,67,2498.6,10,2507.7,1,82,12,82,1.02,82
2026-01-15T09:21:06.333Z,46.9551832,10.9720346,67.1,2497.1,41.2,2506.9,1,30,11,30,1.16,30
2026-01-15T09:21:06.667Z,46.9552213,10.9720835,67.2,2497.4,23.7,2505.8,1,51,8,51,1.11,51
2026-01-15T09:21:07.000Z,46.9552818,10.9721224,67.3,2496.4,34,2504.5,1,58,12,58,0.64,58
2026-01-15T09:21:07.333Z,46.9553302,10.9721702,67.4,2494.3,15.7,2504,1,30,8,30,0.75,30
2026-01-15T09:21:07.667Z,46.9553793,10.9721904,67.5,2494.2,50.6,2502.8,1,54,10,54,0.97,54
2026-01-15T09:21:08.000Z,46.9554096,10.9722444,67.6,2492,33.2,2501.4,1,75,9,75,0.82,75
2026-01-15T09:21:08.333Z,46.9554655,10.972298,67.7,2490.7,34.5,2500.5,1,80,12,80,0.69,80
2026-01-15T09:21:08.667Z,46.9555081,10.9723409,67.8,2490.6,23.4,2499.7,1,54,12,54,0.89,54
2026-01-15T09:21:09.000Z,46.9555617,10.9723749,67.8,2490.4,50.3,2498.2,1,30,11,30,0.64,30
2026-01-15T09:21:09.333Z,46.9556022,10.9724463,67.9,2489.4,67.1,2497.2,1,90,9,90,0.61,90
2026-01-15T09:21:09.667Z,46.9556247,10.9725242,68,2488.1,50.6,2496.3,1,57,9,57,0.62,57
2026-01-15T09:21:10.000Z,46.955657,10.9725818,68.1,2487.3,35.8,2495.2,1,89,10,89,1.2,89
2026-01-15T09:21:10.333Z,46.955707,10.9726347,68.2,2486.3,51,2494.3,1,91,11,91,0.88,91
2026-01-15T09:21:10.667Z,46.9557473,10.9727076,68.3,2484.2,44.8,2493.4,1,87,13,87,0.69,87
2026-01-15T09:21:11.000Z,46.9557804,10.9727558,68.4,2482.8,53.8,2492.1,1,51,13,51,1.09,51
2026-01-15T09:21:11.333Z,46.9558205,10.9728361,68.5,2481.5,51.3,2490.8,1,83,8,83,0.68,83
2026-01-15T09:21:11.667Z,46.9558583,10.9729052,68.6,2481.4,62.1,2490,1,78,11,78,1.13,78
2026-01-15T09:21:12.000Z,46.9558797,10.9729643,68.8,2481.1,48,2488.7,1,88,8,88,0.96,88
2026-01-15T09:21:12.333Z,46.9559245,10.9730371,68.9,2478.6,44.2,2487.8,1,93,12,93,0.62,93
2026-01-15T09:21:12.667Z,46.955963,10.9730919,69,2477.3,48.4,2486.5,1,99,13,99,0.99,99
2026-01-15T09:21:13.000Z,46.9559946,10.973144,69.1,2477.2,48.1,2485.5,1,78,8,78,0.81,78
2026-01-15T09:21:13.333Z,46.9560367,10.9732128,69.2,2476.7,59.8,2484.5,1,37,12,37,0.69,37
2026-01-15T09:21:13.667Z,46.9560653,10.9732849,69.3,2474.3,51.9,2483.6,1,57,9,57,0.99,57
2026-01-15T09:21:14.000Z,46.9561003,10.9733503,69.4,2473.5,39,2482.3,1,22,13,22,0.66,22
2026-01-15T09:21:14.333Z,46.956143,10.973401,69.5,2472.7,55,2481.4,1,21,9,21,0.92,21
2026-01-15T09:21:14.667Z,46.9561778,10.9734738,69.6,2470.9,27.9,2480.4,1,55,9,55,1.02,55
2026-01-15T09:21:15.000Z,46.9562368,10.9735196,69.7,2469.9,43.2,2479,1,91,12,91,0.66,91
2026-01-15T09:21:15.333Z,46.956281,10.9735804,69.8,2470.2,47,2478.3,1,24,9,24,0.91,24
2026-01-15T09:21:15.667Z,46.9563199,10.9736416,69.9,2468.4,29,2476.8,1,42,10,42,0.98,42
2026-01-15T09:21:16.000Z,46.9563698,10.9736821,70,2467.2,45,2475.7,1,28,9,28,0.64,28
2026-01-15T09:21:16.167Z,46.9563907,10.9737127,70.1,2465.4,65.6,2475,1,23,10,23,1.19,23
2026-01-15T09:21:16.333Z,46.9563996,10.9737414,70.1,2465.7,44.9,2474.9,1,54,8,54,1.1,54
2026-01-15T09:21:16.500Z,46.9564257,10.9737795,70.2,2465.9,38.5,2474.4,1,30,13,30,1.2,30
2026-01-15T09:21:16.667Z,46.9564564,10.9738153,70.2,2464.8,50.2,2473.8,1,20,12,20,0.6,20
2026-01-15T09:21:16.833Z,46.9564702,10.9738396,70.3,2463,61.3,2473.2,1,95,12,95,0.81,95
2026-01-15T09:21:17.000Z,46.9564845,10.9738779,70.3,2463.1,8.2,2472.6,1,32,8,32,0.93,32
2026-01-15T09:21:17.167Z,46.9565111,10.9738835,70.4,2462.4,64.6,2472.1,1,73,8,73,0.82,73
2026-01-15T09:21:17.333Z,46.9565294,10.97394,70.4,2462.3,14.9,2471.2,1,41,8,41,0.71,41
2026-01-15T09:21:17.500Z,46.9565582,10.9739512,70.5,2462.7,77.6,2470.9,1,48,9,48,1.08,48
2026-01-15T09:21:17.667Z,46.9565643,10.9739918,70.5,2460.3,28.8,2470.4,1,88,8,88,1.2,88
2026-01-15T09:21:17.833Z,46.9565873,10.9740103,70.6,2460,66.1,2469.7,1,82,9,82,0.81,82
2026-01-15T09:21:18.000Z,46.9566036,10.9740643,70.6,2459.3,60.9,2469.3,1,25,12,25,0.75,25
2026-01-15T09:21:18.167Z,46.9566137,10.9740909,70.7,2458.6,70.8,2468.5,1,33,13,33,0.77,33
2026-01-15T09:21:18.333Z,46.9566292,10.9741561,70.8,2459.2,43.8,2468.4,1,38,10,38,0.84,38
2026-01-15T09:21:18.500Z,46.9566398,10.974171,70.8,2457.6,62.5,2467.8,1,97,12,97,1.01,97
2026-01-15T09:21:18.667Z,46.9566571,10.9742197,70.9,2457.6,90,2467.1,1,99,11,99,0.82,99
2026-01-15T09:21:18.833Z,46.9566571,10.9742712,70.9,2458.1,55.5,2466.5,1,27,8,27,0.75,27
2026-01-15T09:21:19.000Z,46.956671,10.9743008,71,2457.6,86.3,2465.9,1,43,9,43,1.16,43
2026-01-15T09:21:19.167Z,46.9566725,10.974335,71,2456.8,61.8,2465.2,1,58,8,58,0.75,58
2026-01-15T09:21:19.333Z,46.9566925,10.9743897,71.1,2454.7,48.5,2465.1,1,93,13,93,0.75,93
2026-01-15T09:21:19.500Z,46.9567071,10.9744139,71.1,2455.3,72,2464.4,1,88,9,88,0.82,88
2026-01-15T09:21:19.667Z,46.9567204,10.9744739,71.2,2454.7,87.8,2464,1,25,10,25,0.76,25
2026-01-15T09:21:19.833Z,46.9567214,10.9745118,71.2,2453,60.1,2463.1,1,67,13,67,1.09,67
2026-01-15T09:21:20.000Z,46.9567388,10.9745562,71.3,2454.8,59.2,2462.6,1,99,11,99,1.02,99
2026-01-15T09:21:20.167Z,46.9567551,10.9745963,71.3,2452.1,88.2,2462.4,1,66,11,66,0.73,66
2026-01-15T09:21:20.333Z,46.9567559,10.9746328,71.4,2453.3,66.8,2461.5,1,20,11,20,0.85,20
2026-01-15T09:21:20.500Z,46.9567655,10.9746656,71.4,2451.1,62.7,2460.7,1,59,13,59,0.9,59
2026-01-15T09:21:20.667Z,46.9567794,10.974705,71.5,2451.6,47.5,2460.4,1,54,10,54,0.98,54
2026-01-15T09:21:20.833Z,46.9567974,10.9747338,71.6,2452.1,64.4,2459.7,1,99,10,99,0.76,99
2026-01-15T09:21:21.000Z,46.9568099,10.9747721,71.6,2451.4,81.2,2459.3,1,60,11,60,1.08,60
2026-01-15T09:21:21.167Z,46.9568153,10.9748232,71.7,2448.9,82.5,2458.5,1,52,9,52,0.83,52
2026-01-15T09:21:21.333Z,46.9568203,10.9748787,71.7,2448.2,61.7,2458,1,99,13,99,0.74,99
2026-01-15T09:21:21.500Z,46.9568351,10.9749189,71.8,2447.6,60.6,2457.8,1,67,9,67,0.91,67
2026-01-15T09:21:21.667Z,46.9568509,10.9749599,71.8,2446.9,77.7,2457.1,1,72,12,72,0.74,72
2026-01-15T09:21:21.833Z,46.9568552,10.9749889,71.9,2448.1,55.6,2456.4,1,36,13,36,1.06,36
2026-01-15T09:21:22.000Z,46.9568792,10.9750403,71.9,2447.7,73.8,2455.9,1,95,12,95,0.87,95
2026-01-15T09:21:22.167Z,46.9568876,10.9750827,72,2445.6,82.4,2455.4,1,41,12,41,0.91,41
2026-01-15T09:21:22.333Z,46.9568906,10.9751158,72,2444.9,47.4,2454.8,1,87,12,87,0.89,87
2026-01-15T09:21:22.500Z,46.9569097,10.9751462,72.1,2445.8,65.7,2454.2,1,51,12,51,0.66,51
2026-01-15T09:21:22.667Z,46.9569251,10.9751961,72.1,2445.7,67.1,2453.8,1,82,8,82,0.68,82
2026-01-15T09:21:22.833Z,46.9569312,10.9752173,72.2,2443.9,73.8,2453.3,1,90,11,90,1.15,90
2026-01-15T09:21:23.000Z,46.9569437,10.9752802,72.2,2444.1,82.3,2452.3,1,81,13,81,0.64,81
2026-01-15T09:21:23.167Z,46.9569476,10.9753227,72.3,2443.4,59.3,2451.8,1,20,8,20,0.65,20
2026-01-15T09:21:23.333Z,46.9569585,10.9753496,72.4,2441.5,67.1,2451.3,1,92,9,92,0.99,92
2026-01-15T09:21:23.500Z,46.9569755,10.9754086,72.4,2442.4,50.5,2450.7,1,83,10,83,1.11,83
2026-01-15T09:21:23.667Z,46.9569918,10.9754376,72.5,2441.6,67.4,2450.1,1,54,9,54,0.83,54
2026-01-15T09:21:23.833Z,46.9570029,10.9754767,72.5,2439.6,88.9,2449.8,1,65,10,65,1.04,65
2026-01-15T09:21:24.000Z,46.9570033,10.9755081,72.6,2441.1,70.9,2449.1,1,41,13,41,0.82,41
2026-01-15T09:21:24.167Z,46.9570138,10.9755525,72.6,2439.5,58,2448.6,1,53,9,53,1.12,53
2026-01-15T09:21:24.333Z,46.9570328,10.975597,72.7,2439.9,59.2,2447.9,1,81,11,81,0.88,81
2026-01-15T09:21:24.500Z,46.9570462,10.9756299,72.7,2439,91.7,2447.7,1,93,10,93,0.84,93
2026-01-15T09:21:24.667Z,46.9570452,10.9756785,72.8,2438.8,71.6,2446.9,1,72,13,72,0.64,72
2026-01-15T09:21:24.833Z,46.9570576,10.9757332,72.8,2436.3,91,2446.4,1,29,10,29,1.19,29
2026-01-15T09:21:25.000Z,46.957057,10.975784,72.9,2437.9,33.3,2445.5,1,72,10,72,1.12,72
2026-01-15T09:21:25.167Z,46.9570763,10.9758026,72.9,2435.3,77.2,2445.4,1,28,10,28,0.7,28
2026-01-15T09:21:25.333Z,46.957083,10.9758459,73,2435,80.3,2444.5,1,87,11,87,0.76,87
2026-01-15T09:21:25.500Z,46.9570903,10.9759087,73,2434.6,90.2,2443.7,1,30,12,30,1.07,30
2026-01-15T09:21:25.667Z,46.9570902,10.9759495,73.1,2433.6,78.6,2443.7,1,82,8,82,0.77,82
2026-01-15T09:21:25.833Z,46.9570971,10.9759997,73.1,2433.5,86.7,2443,1,72,9,72,1.05,72
2026-01-15T09:21:26.000Z,46.9570985,10.9760351,73.2,2433.2,62.2,2442.1,1,52,13,52,1.11,52
2026-01-15T09:21:26.167Z,46.9571179,10.9760889,73.2,2431.8,117.8,2441.9,1,39,10,39,0.89,39
2026-01-15T09:21:26.333Z,46.9571099,10.9761111,73.3,2431.2,68.2,2441.2,1,40,13,40,1.14,40
2026-01-15T09:21:26.500Z,46.9571239,10.9761624,73.3,2432.3,67.6,2440.8,1,25,13,25,0.8,25
2026-01-15T09:21:26.667Z,46.957136,10.9762054,73.4,2432.2,129.7,2439.8,1,80,10,80,0.76,80
2026-01-15T09:21:26.833Z,46.9571184,10.9762365,73.4,2431.7,85.8,2439.6,1,34,10,34,0.8,34
2026-01-15T09:21:27.000Z,46.9571218,10.9763047,73.5,2429,68.3,2438.9,1,64,12,64,0.6,64
2026-01-15T09:21:27.167Z,46.9571289,10.9763309,73.5,2429.1,90.9,2438.6,1,46,12,46,0.65,46
2026-01-15T09:21:27.333Z,46.9571282,10.9763977,73.6,2428.1,89.4,2437.6,1,71,10,71,0.9,71
2026-01-15T09:21:27.500Z,46.9571285,10.9764409,73.6,2428.1,130.4,2437,1,82,8,82,1.02,82
2026-01-15T09:21:27.667Z,46.9571087,10.976475,73.7,2427.6,95.4,2436.6,1,20,12,20,0.9,20
2026-01-15T09:21:27.833Z,46.957106,10.9765165,73.7,2426.7,127.6,2436,1,59,12,59,0.89,59
2026-01-15T09:21:28.000Z,46.9570859,10.9765547,73.8,2426.4,91,2435.2,1,32,13,32,1,32
2026-01-15T09:21:28.167Z,46.9570853,10.9766075,73.8,2426.3,142.6,2435,1,59,10,59,0.65,59
2026-01-15T09:21:28.333Z,46.9570591,10.9766369,73.9,2424.1,121.3,2434.3,1,68,10,68,1.1,68
2026-01-15T09:21:28.500Z,46.9570433,10.976675,73.9,2424.9,120.7,2433.9,1,52,12,52,1.01,52
2026-01-15T09:21:28.667Z,46.9570314,10.9767044,74,2425.2,139.4,2432.9,1,84,8,84,1.18,84
2026-01-15T09:21:28.833Z,46.957009,10.9767325,74,2422.7,151.1,2432.6,1,88,11,88,0.62,88
2026-01-15T09:21:29.000Z,46.9569751,10.9767599,74.1,2421.8,125.1,2431.8,1,83,12,83,0.65,83
2026-01-15T09:21:29.167Z,46.9569609,10.9767895,74.1,2422.4,142.9,2431.5,1,67,10,67,0.67,67
2026-01-15T09:21:29.333Z,46.9569292,10.9768246,74.2,2421.9,108.1,2431,1,26,10,26,0.9,26
2026-01-15T09:21:29.500Z,46.9569218,10.9768577,74.2,2422.1,150.1,2430.5,1,29,10,29,1.01,29
2026-01-15T09:21:29.667Z,46.9568858,10.976888,74.3,2420.7,126,2429.5,1,26,8,26,1.08,26
2026-01-15T09:21:29.833Z,46.9568738,10.9769122,74.3,2421,144.9,2428.8,1,66,8,66,0.91,66
2026-01-15T09:21:30.000Z,46.9568392,10.9769478,74.4,2419.4,102.9,2428.2,1,38,13,38,0.71,38
2026-01-15T09:21:30.167Z,46.9568331,10.9769869,74.4,2417.8,157.4,2428.1,1,69,10,69,1.14,69
2026-01-15T09:21:30.333Z,46.956802,10.9770059,74.5,2419.3,122.1,2427.1,1,62,10,62,1.09,62
2026-01-15T09:21:30.500Z,46.9567818,10.977053,74.5,2416.5,122.9,2426.8,1,90,12,90,1.07,90
2026-01-15T09:21:30.667Z,46.9567629,10.9770958,74.6,2417.8,170.5,2426.4,1,57,11,57,1.17,57
2026-01-15T09:21:30.833Z,46.9567352,10.9771026,74.6,2415.5,128.6,2425.7,1,51,8,51,0.98,51
2026-01-15T09:21:31.000Z,46.9567131,10.9771432,74.7,2415.2,132.1,2424.9,1,61,11,61,0.68,61
2026-01-15T09:21:31.167Z,46.9567006,10.9771635,74.7,2416,136.9,2424.1,1,29,13,29,1.18,29
2026-01-15T09:21:31.333Z,46.9566594,10.9772199,74.7,2416,105.6,2423.6,1,61,8,61,1.2,61
2026-01-15T09:21:31.500Z,46.9566549,10.9772435,74.8,2414,152.5,2423.1,1,46,11,46,0.66,46
2026-01-15T09:21:31.667Z,46.9566178,10.9772718,74.8,2414.8,118.7,2422.9,1,28,13,28,0.85,28
2026-01-15T09:21:31.833Z,46.9566043,10.977308,74.9,2414.2,155.6,2421.8,1,52,12,52,0.7,52
2026-01-15T09:21:32.000Z,46.9565852,10.9773207,74.9,2413.5,118.9,2421.3,1,35,9,35,0.86,35
2026-01-15T09:21:32.167Z,46.9565656,10.9773727,75,2412.9,158,2420.9,1,95,13,95,0.85,95
2026-01-15T09:21:32.333Z,46.9565332,10.9773919,75,2411.1,95.6,2420.2,1,28,10,28,1,28
2026-01-15T09:21:32.500Z,46.9565315,10.9774175,75.1,2411.1,332.7,2418.8,1,98,12,98,0.93,98
2026-01-15T09:21:32.667Z,46.9565586,10.977397,75.1,2408.5,341.2,2416.6,1,49,10,49,1.17,49
2026-01-15T09:21:32.833Z,46.9565952,10.9773787,75.2,2405.9,16.6,2413.9,1,54,11,54,0.76,54
2026-01-15T09:21:33.000Z,46.9566231,10.9773909,75.2,2401.6,338.3,2411.4,1,22,13,22,1.18,22
2026-01-15T09:21:33.167Z,46.9566605,10.9773691,75.2,2398.5,348.1,2409,1,91,9,91,0.86,91
2026-01-15T09:21:33.333Z,46.9566949,10.9773585,75.3,2397.6,346.4,2406.2,1,78,10,78,1.15,78
2026-01-15T09:21:33.500Z,46.9567214,10.9773491,75.3,2394.5,355.7,2403.8,1,60,10,60,0.69,60
2026-01-15T09:21:33.667Z,46.9567551,10.9773454,75.4,2393.3,305.2,2401.3,1,71,9,71,0.67,71
2026-01-15T09:21:33.833Z,46.956769,10.9773165,75.4,2388.8,11,2398.5,1,47,8,47,1.06,47
2026-01-15T09:21:34.000Z,46.9568089,10.9773279,75.5,2386.1,347.4,2395.9,1,36,13,36,0.73,36
2026-01-15T09:21:34.167Z,46.9568373,10.9773186,75.5,2385.7,109.9,2393.6,1,27,8,27,1.15,27
2026-01-15T09:21:34.333Z,46.9568276,10.9773578,75.5,2384,138.8,2393.2,1,87,12,87,1.15,87
2026-01-15T09:21:34.500Z,46.9567981,10.9773957,75.6,2384.2,97.1,2392.4,1,54,11,54,0.71,54
2026-01-15T09:21:34.667Z,46.9567937,10.9774474,75.6,2383.9,143,2391.8,1,52,10,52,0.94,52
2026-01-15T09:21:34.833Z,46.9567665,10.9774774,75.7,2381.3,151.2,2391.5,1,33,10,33,1.12,33
2026-01-15T09:21:35.000Z,46.9567461,10.9774938,75.7,2382.9,117.6,2390.7,1,57,10,57,1,57
2026-01-15T09:21:35.167Z,46.9567295,10.9775404,75.7,2382.3,135.2,2390.3,1,53,11,53,0.66,53
2026-01-15T09:21:35.333Z,46.956706,10.9775746,75.8,2380.2,111.7,2389.3,1,54,10,54,0.83,54
2026-01-15T09:21:35.500Z,46.9566942,10.9776181,75.8,2379.6,127.9,2388.9,1,74,12,74,1.12,74
2026-01-15T09:21:35.667Z,46.9566661,10.9776709,75.9,2378.2,155.2,2388,1,81,8,81,0.86,81
2026-01-15T09:21:35.833Z,46.956651,10.9776811,75.9,2379.6,124.5,2387.6,1,21,11,21,1.05,21
2026-01-15T09:21:36.000Z,46.9566337,10.977718,75.9,2377.5,113.2,2387,1,25,13,25,0.8,25
2026-01-15T09:21:36.167Z,46.9566174,10.9777737,76,2378.4,128,2386.3,1,91,13,91,0.97,91
2026-01-15T09:21:36.333Z,46.956596,10.9778138,76,2377.4,115.6,2385.9,1,78,10,78,0.98,78
2026-01-15T09:21:36.500Z,46.9565866,10.9778425,76.1,2376.8,143.7,2385.2,1,58,11,58,1.18,58
2026-01-15T09:21:36.667Z,46.956552,10.9778797,76.1,2376.2,137.2,2384.4,1,60,10,60,1.04,60
2026-01-15T09:21:36.833Z,46.9565322,10.9779066,76.1,2373.6,109.9,2384,1,83,12,83,0.86,83
2026-01-15T09:21:37.000Z,46.9565229,10.9779442,76.2,2373,130.1,2383.1,1,29,11,29,1.12,29
2026-01-15T09:21:37.167Z,46.9565027,10.9779794,76.2,2373.7,126,2382.8,1,51,8,51,1.18,51
2026-01-15T09:21:37.333Z,46.9564748,10.9780356,76.2,2372.3,145.1,2381.8,1,21,8,21,0.75,21
2026-01-15T09:21:37.500Z,46.9564654,10.9780452,76.3,2373.1,126.5,2381.3,1,63,12,63,1.15,63
2026-01-15T09:21:37.667Z,46.9564467,10.9780822,76.3,2372.9,121,2380.5,1,59,13,59,0.99,59
2026-01-15T09:21:37.833Z,46.9564247,10.9781359,76.4,2370.5,131.2,2380.1,1,86,12,86,1.08,86
2026-01-15T09:21:38.000Z,46.9564018,10.9781742,76.4,2371,138.3,2379.4,1,29,9,29,0.81,29
2026-01-15T09:21:38.167Z,46.9563835,10.9781981,76.4,2370,129,2378.8,1,92,11,92,1.06,92
2026-01-15T09:21:38.333Z,46.9563606,10.9782395,76.5,2368.9,121.4,2378.3,1,79,10,79,1.17,79
2026-01-15T09:21:38.500Z,46.9563414,10.9782856,76.5,2368.5,138.6,2377.8,1,80,13,80,0.7,80
2026-01-15T09:21:38.667Z,46.9563158,10.9783187,76.5,2366.7,118.5,2376.7,1,53,10,53,0.63,53
2026-01-15T09:21:38.833Z,46.9563018,10.9783565,76.6,2368.3,123.1,2376.4,1,95,10,95,0.84,95
2026-01-15T09:21:39.000Z,46.9562838,10.978397,76.6,2367.4,158.8,2375.9,1,27,9,27,1.11,27
2026-01-15T09:21:39.167Z,46.956248,10.9784173,76.6,2366.3,99.7,2374.7,1,92,8,92,1.01,92
2026-01-15T09:21:39.333Z,46.9562428,10.9784621,76.7,2365.3,136.7,2374.2,1,64,12,64,0.96,64
2026-01-15T09:21:39.500Z,46.9562146,10.9785011,76.7,2364.1,147.8,2373.6,1,61,8,61,0.8,61
2026-01-15T09:21:39.667Z,46.9561917,10.9785222,76.7,2365.3,136.8,2373.3,1,92,11,92,0.7,92
2026-01-15T09:21:39.833Z,46.956172,10.9785493,76.8,2364.6,120.1,2372.4,1,96,12,96,1.13,96
2026-01-15T09:21:40.000Z,46.9561502,10.9786043,76.8,2362.9,135.5,2372.1,1,98,10,98,0.72,98
2026-01-15T09:21:40.167Z,46.9561324,10.9786299,76.8,2362.5,108.6,2371.3,1,55,9,55,1.01,55
2026-01-15T09:21:40.333Z,46.9561233,10.9786696,76.9,2361.6,150.3,2370.3,1,66,12,66,1.04,66
2026-01-15T09:21:40.500Z,46.9560939,10.9786942,76.9,2360.9,125,2369.9,1,86,13,86,1.11,86
2026-01-15T09:21:40.667Z,46.9560685,10.9787474,76.9,2359.1,126.3,2369.2,1,52,11,52,1,52
2026-01-15T09:21:40.833Z,46.9560462,10.9787919,76.9,2359.2,90.3,2368.5,1,97,12,97,1.04,97
2026-01-15T09:21:41.000Z,46.9560461,10.9788173,77,2358.3,141.4,2368.3,1,91,11,91,0.7,91
2026-01-15T09:21:41.167Z,46.9560079,10.978862,77,2358.2,103.1,2367.5,1,46,10,46,1.08,46
2026-01-15T09:21:41.333Z,46.9560013,10.9789036,77,2358.1,149.4,2366.7,1,21,13,21,0.79,21
2026-01-15T09:21:41.500Z,46.9559746,10.9789267,77.1,2358.3,105.7,2366.3,1,79,11,79,0.72,79
2026-01-15T09:21:41.667Z,46.9559637,10.9789836,77.1,2357,143,2365.2,1,94,8,94,0.99,94
2026-01-15T09:21:41.833Z,46.9559303,10.9790205,77.1,2355.1,115.8,2365,1,23,11,23,0.81,23
2026-01-15T09:21:42.000Z,46.9559245,10.9790381,77.1,2355,134.5,2364.4,1,86,8,86,1.2,86
2026-01-15T09:21:42.167Z,46.9558965,10.9790798,77.2,2355,115.2,2363.6,1,79,13,79,1.19,79
2026-01-15T09:21:42.333Z,46.9558832,10.9791212,77.2,2352.7,147.9,2363.2,1,42,9,42,1.06,42
2026-01-15T09:21:42.500Z,46.9558595,10.979143,77.2,2353,124.1,2362.2,1,32,8,32,0.88,32
2026-01-15T09:21:42.667Z,46.9558373,10.9791911,77.2,2351.8,131.7,2361.3,1,84,8,84,1.16,84
2026-01-15T09:21:42.833Z,46.9558172,10.9792241,77.3,2352.9,101.5,2361.2,1,21,9,21,0.89,21
2026-01-15T09:21:43.000Z,46.9558096,10.9792787,77.3,2351.7,134.4,2360.1,1,27,8,27,0.81,27
2026-01-15T09:21:43.167Z,46.9557842,10.9793167,77.3,2349.6,149.2,2359.5,1,66,9,66,1.19,66
2026-01-15T09:21:43.333Z,46.955758,10.9793396,77.3,2350.9,128.5,2359.1,1,26,8,26,1.03,26
2026-01-15T09:21:43.500Z,46.9557338,10.9793842,77.4,2348.7,134.1,2358.1,1,51,12,51,0.78,51
2026-01-15T09:21:43.667Z,46.9557081,10.9794231,77.4,2349,160.8,2357.7,1,57,9,57,1.1,57
2026-01-15T09:21:43.833Z,46.9556969,10.9794288,77.4,2347.6,126,2357.4,1,29,10,29,0.87,29
2026-01-15T09:21:44.000Z,46.9556745,10.979474,77.4,2348,117.3,2356.7,1,40,8,40,1.08,40
2026-01-15T09:21:44.167Z,46.9556587,10.9795188,77.5,2345.6,118.8,2356,1,69,8,69,1.07,69
2026-01-15T09:21:44.333Z,46.9556431,10.9795603,77.5,2347.3,128.8,2355.1,1,83,11,83,1.08,83
2026-01-15T09:21:44.500Z,46.9556164,10.979609,77.5,2345.4,135.4,2354.4,1,89,9,89,0.95,89
2026-01-15T09:21:44.667Z,46.9555996,10.9796333,77.5,2345.3,110.5,2354,1,28,9,28,1.06,28
2026-01-15T09:21:44.833Z,46.9555892,10.979674,77.5,2344.7,136.3,2353.4,1,35,11,35,0.87,35
2026-01-15T09:21:45.000Z,46.9555636,10.9797099,77.6,2343.4,129.6,2352.8,1,57,9,57,0.88,57
2026-01-15T09:21:45.167Z,46.9555492,10.9797354,77.6,2343.3,118.9,2351.8,1,97,13,97,0.66,97
2026-01-15T09:21:45.333Z,46.9555239,10.9798025,77.6,2342,129.2,2351.4,1,62,12,62,0.92,62
2026-01-15T09:21:45.500Z,46.955504,10.9798383,77.6,2342.3,128.9,2350.7,1,74,9,74,0.82,74
2026-01-15T09:21:45.667Z,46.9554937,10.979857,77.6,2340.8,132.2,2349.8,1,85,13,85,1.01,85
2026-01-15T09:21:45.833Z,46.9554725,10.9798912,77.6,2340,122.9,2349.6,1,44,13,44,0.74,44
2026-01-15T09:21:46.000Z,46.9554524,10.9799367,77.7,2340.2,119,2348.8,1,75,12,75,0.76,75
2026-01-15T09:21:46.167Z,46.9554363,10.9799792,77.7,2340.3,129,2348.2,1,86,10,86,0.99,86
2026-01-15T09:21:46.333Z,46.9554072,10.9800318,77.7,2339.5,141.2,2347.6,1,85,10,85,0.99,85
2026-01-15T09:21:46.500Z,46.9553845,10.9800585,77.7,2337.2,104.4,2347,1,86,11,86,0.61,86
2026-01-15T09:21:46.667Z,46.9553763,10.9801053,77.7,2338,150.7,2346.5,1,56,10,56,0.84,56
2026-01-15T09:21:46.833Z,46.955344,10.9801319,77.7,2335.4,118.6,2345.5,1,22,12,22,0.89,22
2026-01-15T09:21:47.000Z,46.9553288,10.9801728,77.8,2335.2,146.2,2344.9,1,50,12,50,1.13,50
2026-01-15T09:21:47.167Z,46.9553061,10.9801951,77.8,2334.7,132.3,2344.6,1,21,11,21,0.83,21
2026-01-15T09:21:47.333Z,46.9552814,10.9802349,77.8,2335.3,127.5,2343.4,1,84,8,84,0.77,84
2026-01-15T09:21:47.500Z,46.9552649,10.9802664,77.8,2333.1,167.1,2342.8,1,57,13,57,0.92,57
2026-01-15T09:21:47.667Z,46.9552275,10.9802789,77.8,2333.6,166,2342.5,1,65,13,65,0.92,65
2026-01-15T09:21:47.833Z,46.9551946,10.9802909,77.8,2333.8,151.7,2341.9,1,27,10,27,0.96,27
2026-01-15T09:21:48.000Z,46.955168,10.9803119,77.8,2332,169.4,2341.1,1,36,8,36,0.83,36
2026-01-15T09:21:48.167Z,46.9551296,10.9803224,77.9,2331.3,178.6,2340.4,1,70,9,70,0.85,70
2026-01-15T09:21:48.333Z,46.9550993,10.9803235,77.9,2329.7,165.4,2339.9,1,21,12,21,0.96,21
2026-01-15T09:21:48.500Z,46.9550809,10.9803305,77.9,2331.3,164.3,2338.9,1,41,12,41,0.78,41
2026-01-15T09:21:48.667Z,46.9550422,10.9803464,77.9,2329.7,193.4,2338.6,1,78,11,78,0.81,78
2026-01-15T09:21:48.833Z,46.9550063,10.9803339,77.9,2330,140.6,2338,1,30,10,30,1.09,30
2026-01-15T09:21:49.000Z,46.954985,10.9803595,77.9,2327.5,195.4,2336.9,1,24,8,24,0.73,24
2026-01-15T09:21:49.167Z,46.954941,10.9803418,77.9,2327.5,154.6,2336.8,1,46,10,46,0.85,46
2026-01-15T09:21:49.333Z,46.9549183,10.9803576,77.9,2327.5,162.9,2335.8,1,76,13,76,0.78,76
2026-01-15T09:21:49.500Z,46.954874,10.9803776,77.9,2327.2,186.7,2335.5,1,95,12,95,0.83,95
2026-01-15T09:21:49.667Z,46.9548451,10.9803726,77.9,2325.9,188.8,2334.5,1,98,12,98,0.86,98
2026-01-15T09:21:49.833Z,46.9548201,10.9803669,77.9,2325.8,165.6,2333.9,1,65,10,65,1.06,65
2026-01-15T09:21:50.000Z,46.9547745,10.980384,78,2323.3,166.1,2333.6,1,58,13,58,0.85,58
2026-01-15T09:21:50.167Z,46.9547525,10.980392,78,2323.2,179.4,2332.9,1,65,12,65,0.61,65
2026-01-15T09:21:50.333Z,46.9547173,10.9803925,78,2322,170.5,2332.3,1,92,13,92,0.97,92
2026-01-15T09:21:50.500Z,46.9546886,10.9803995,78,2322.6,185.3,2331.3,1,20,8,20,0.72,20
2026-01-15T09:21:50.667Z,46.9546516,10.9803945,78,2320.8,181,2330.7,1,25,12,25,1.06,25
2026-01-15T09:21:50.833Z,46.9546117,10.9803935,78,2322.3,165.8,2330,1,73,10,73,0.86,73
2026-01-15T09:21:51.000Z,46.9545856,10.9804032,78,2320.5,166.3,2329.5,1,29,13,29,1.14,29
2026-01-15T09:21:51.167Z,46.9545511,10.9804155,78,2321,206.6,2328.6,1,76,13,76,1.17,76
2026-01-15T09:21:51.333Z,46.9545315,10.9804011,78,2320.3,161.9,2328.4,1,75,11,75,0.7,75
2026-01-15T09:21:51.500Z,46.9544875,10.9804222,78,2319.6,154.7,2327.7,1,29,11,29,0.67,29
2026-01-15T09:21:51.667Z,46.9544539,10.9804455,78,2319.1,159.1,2326.6,1,75,11,75,1.08,75
2026-01-15T09:21:51.833Z,46.9544335,10.9804569,78,2318.1,130.8,2326.5,1,50,13,50,0.67,50
2026-01-15T09:21:52.000Z,46.9544126,10.9804924,78,2317.3,157.1,2325.4,1,23,10,23,0.71,23
2026-01-15T09:21:52.167Z,46.9543824,10.9805111,78,2314.9,136.2,2324.8,1,67,12,67,0.96,67
2026-01-15T09:21:52.333Z,46.9543606,10.9805417,78,2315.5,117.2,2324.5,1,95,10,95,1.16,95
2026-01-15T09:21:52.500Z,46.9543438,10.9805896,78,2313.6,128.8,2323.6,1,96,8,96,1.14,96
2026-01-15T09:21:52.667Z,46.9543229,10.9806277,78,2313.5,120.4,2323,1,20,13,20,1.03,20
2026-01-15T09:21:52.833Z,46.9543104,10.9806589,78,2314,106.3,2322.4,1,22,12,22,0.91,22
2026-01-15T09:21:53.000Z,46.9542994,10.980714,78,2313.2,100.2,2321.6,1,87,11,87,0.91,87
2026-01-15T09:21:53.167Z,46.9542935,10.9807619,78,2312.8,122.4,2321,1,87,9,87,0.95,87
2026-01-15T09:21:53.333Z,46.9542826,10.9807871,78,2312.4,108.8,2320.5,1,81,8,81,1.09,81
2026-01-15T09:21:53.500Z,46.9542716,10.9808344,78,2310.7,110.1,2319.7,1,36,10,36,1,36
2026-01-15T09:21:53.667Z,46.9542576,10.9808903,78,2309.4,127.8,2318.9,1,25,11,25,1.14,25
2026-01-15T09:21:53.833Z,46.9542354,10.9809323,78,2309.9,93.4,2318.2,1,97,12,97,0.72,97
2026-01-15T09:21:54.000Z,46.954233,10.9809913,78,2307.6,139,2317.7,1,59,10,59,0.93,59
2026-01-15T09:21:54.167Z,46.9542087,10.9810223,78,2308.5,104.3,2317.2,1,87,13,87,0.73,87
2026-01-15T09:21:54.333Z,46.9541985,10.9810808,78,2308.7,107.1,2316.4,1,87,11,87,1.09,87
2026-01-15T09:21:54.500Z,46.954193,10.981107,78,2307.9,118.4,2315.8,1,98,10,98,0.85,98
2026-01-15T09:21:54.667Z,46.9541726,10.9811622,78,2305.3,88.5,2315.5,1,28,8,28,1.18,28
2026-01-15T09:21:54.833Z,46.9541735,10.9812114,78,2306.4,121.6,2314.5,1,24,11,24,1.05,24
2026-01-15T09:21:55.000Z,46.9541545,10.9812567,77.9,2305.2,138.3,2313.7,1,75,11,75,0.91,75
2026-01-15T09:21:55.167Z,46.9541342,10.9812832,77.9,2304.4,78.2,2313.5,1,44,8,44,0.89,44
2026-01-15T09:21:55.333Z,46.9541391,10.9813177,77.9,2303.2,119.5,2312.5,1,36,13,36,0.75,36
2026-01-15T09:21:55.500Z,46.9541127,10.981386,77.9,2302.8,116,2312,1,42,13,42,1.08,42
2026-01-15T09:21:55.667Z,46.9541012,10.9814205,77.9,2302.6,97.3,2311.2,1,53,11,53,1.17,53
2026-01-15T09:21:55.833Z,46.9540987,10.9814489,77.9,2302.7,110.5,2311,1,78,8,78,0.66,78
2026-01-15T09:21:56.000Z,46.9540826,10.9815119,77.9,2301.5,104.2,2310,1,25,13,25,1.15,25
2026-01-15T09:21:56.167Z,46.954077,10.9815444,77.9,2301.6,110,2309.2,1,50,11,50,0.75,50
2026-01-15T09:21:56.333Z,46.9540646,10.9815943,77.9,2300,128.5,2308.8,1,58,11,58,0.86,58
2026-01-15T09:21:56.500Z,46.9540407,10.9816383,77.9,2300.2,93.5,2308,1,42,11,42,1.09,42
2026-01-15T09:21:56.667Z,46.9540394,10.9816697,77.9,2299.5,121.2,2307.4,1,53,8,53,0.88,53
2026-01-15T09:21:56.833Z,46.9540182,10.9817209,77.8,2298.2,115.5,2307.2,1,57,8,57,1.03,57
2026-01-15T09:21:57.000Z,46.9540041,10.9817642,77.8,2298.4,130.8,2306.5,1,66,10,66,0.97,66
2026-01-15T09:21:57.167Z,46.9539806,10.9818041,77.8,2296.9,111.9,2305.3,1,74,9,74,0.98,74
2026-01-15T09:21:57.333Z,46.9539733,10.9818307,77.8,2294.9,123.4,2304.9,1,70,12,70,0.91,70
2026-01-15T09:21:57.500Z,46.953955,10.9818714,77.8,2295.8,124.5,2304.6,1,61,9,61,0.66,61
2026-01-15T09:21:57.667Z,46.9539222,10.9819412,77.8,2294.6,116.7,2303.6,1,78,9,78,1.17,78
2026-01-15T09:21:57.833Z,46.9539166,10.9819575,77.8,2293.2,127.3,2303.2,1,59,11,59,1.03,59
2026-01-15T09:21:58.000Z,46.9538899,10.9820089,77.8,2292.5,90.6,2302.6,1,25,10,25,0.93,25
2026-01-15T09:21:58.167Z,46.9538896,10.9820539,77.7,2292.6,127.7,2301.5,1,30,10,30,0.84,30
2026-01-15T09:21:58.333Z,46.9538743,10.9820829,77.7,2291,120.3,2300.9,1,89,12,89,0.9,89
2026-01-15T09:21:58.500Z,46.9538499,10.9821441,77.7,2291.6,126.5,2300.6,1,38,9,38,0.77,38
2026-01-15T09:21:58.667Z,46.9538404,10.9821629,77.7,2291.5,136.1,2299.8,1,91,13,91,1.04,91
2026-01-15T09:21:58.833Z,46.9538106,10.9822049,77.7,2289,88.7,2299.1,1,61,11,61,1.17,61
2026-01-15T09:21:59.000Z,46.9538112,10.9822446,77.7,2288.3,126.1,2298.7,1,56,10,56,1.14,56
2026-01-15T09:21:59.167Z,46.9537837,10.9822998,77.6,2287.9,118,2298.1,1,94,13,94,0.72,94
2026-01-15T09:21:59.333Z,46.9537683,10.9823423,77.6,2287.8,140.9,2297.1,1,90,10,90,0.94,90
2026-01-15T09:21:59.500Z,46.9537489,10.9823654,77.6,2288.3,97.3,2296.4,1,83,9,83,1.11,83
2026-01-15T09:21:59.667Z,46.9537446,10.9824148,77.6,2285.7,135.3,2295.9,1,93,9,93,1.19,93
2026-01-15T09:21:59.833Z,46.9537179,10.9824535,77.6,2286.8,120.8,2295,1,67,12,67,1.16,67
2026-01-15T09:22:00.000Z,46.9537048,10.9824857,77.5,2285.9,126.4,2294.9,1,55,13,55,1.06,55
2026-01-15T09:22:00.167Z,46.9536843,10.9825265,77.5,2283.9,104.8,2294.1,1,65,13,65,0.63,65
2026-01-15T09:22:00.333Z,46.9536741,10.9825831,77.5,2284.3,127.9,2293.1,1,74,9,74,0.82,74
2026-01-15T09:22:00.500Z,46.9536455,10.982637,77.5,2284.6,151.2,2292.9,1,95,8,95,1.18,95
2026-01-15T09:22:00.667Z,46.95363,10.9826495,77.5,2282.9,94.2,2292.2,1,31,10,31,0.66,31
2026-01-15T09:22:00.833Z,46.9536268,10.9827135,77.4,2281.8,141.3,2291.3,1,35,12,35,1.01,35
2026-01-15T09:22:01.000Z,46.9535971,10.9827484,77.4,2280.9,132,2290.9,1,35,11,35,1.19,35
2026-01-15T09:22:01.167Z,46.9535737,10.9827865,77.4,2282.4,136.9,2290,1,28,13,28,0.74,28
2026-01-15T09:22:01.333Z,46.9535568,10.9828097,77.4,2281.7,106.7,2289.3,1,34,8,34,0.82,34
2026-01-15T09:22:01.500Z,46.9535476,10.9828547,77.4,2279.4,151.1,2288.7,1,58,8,58,1,58
2026-01-15T09:22:01.667Z,46.9535128,10.9828829,77.3,2279.9,113.9,2288.2,1,68,12,68,1.09,68
2026-01-15T09:22:01.833Z,46.9534999,10.9829255,77.3,2278.6,135.7,2287.7,1,93,12,93,0.7,93
2026-01-15T09:22:02.000Z,46.9534736,10.9829631,77.3,2278.1,110.5,2286.9,1,69,13,69,1.05,69
2026-01-15T09:22:02.167Z,46.953468,10.9829851,77.3,2276.8,123.9,2286.1,1,44,12,44,0.88,44
2026-01-15T09:22:02.333Z,46.9534445,10.9830364,77.2,2277.6,137.2,2285.6,1,61,10,61,1.09,61
2026-01-15T09:22:02.500Z,46.9534213,10.9830679,77.2,2277.1,139.1,2284.7,1,39,8,39,0.72,39
2026-01-15T09:22:02.667Z,46.9533925,10.9831044,77.1,2275,112,2284.6,1,91,13,91,1.05,91
2026-01-15T09:22:02.833Z,46.9533789,10.9831538,77,2274.7,123.9,2283.9,1,40,10,40,0.77,40
2026-01-15T09:22:03.000Z,46.9533617,10.9831913,76.9,2273.7,128.7,2283,1,74,8,74,0.85,74
2026-01-15T09:22:03.167Z,46.9533462,10.9832196,76.8,2274.1,138.6,2282.7,1,53,9,53,0.72,53
2026-01-15T09:22:03.333Z,46.9533246,10.9832475,76.7,2273,113.6,2281.7,1,93,13,93,1.04,93
2026-01-15T09:22:03.500Z,46.9533093,10.9832989,76.6,2271.9,135.3,2281,1,96,9,96,0.66,96
2026-01-15T09:22:03.667Z,46.9532907,10.9833259,76.4,2272.6,118.8,2280.8,1,69,8,69,0.88,69
2026-01-15T09:22:03.833Z,46.9532719,10.983376,76.3,2271.7,129.7,2280.2,1,90,9,90,0.8,90
2026-01-15T09:22:04.000Z,46.953248,10.9834182,76.1,2271.2,112.9,2279,1,51,8,51,1.08,51
2026-01-15T09:22:04.167Z,46.953237,10.9834564,75.9,2268.8,142.9,2278.8,1,49,9,49,0.87,49
2026-01-15T09:22:04.333Z,46.9532092,10.9834872,75.7,2269.4,112.8,2277.7,1,23,8,23,0.68,23
2026-01-15T09:22:04.500Z,46.9531994,10.9835214,75.5,2267.3,155.4,2277.5,1,96,13,96,0.72,96
2026-01-15T09:22:04.667Z,46.9531652,10.9835443,75.3,2267.2,132,2276.9,1,22,8,22,0.66,22
2026-01-15T09:22:04.833Z,46.9531471,10.9835738,75,2266,136.2,2275.9,1,28,8,28,0.98,28
2026-01-15T09:22:05.000Z,46.9531184,10.9836141,74.8,2266.2,114.4,2275.4,1,68,10,68,0.68,68
2026-01-15T09:22:05.167Z,46.9531122,10.9836341,74.5,2266.3,136.4,2274.7,1,79,11,79,0.68,79
2026-01-15T09:22:05.333Z,46.953072,10.9836901,74.3,2266.1,110.9,2274.1,1,27,9,27,1.1,27
2026-01-15T09:22:05.500Z,46.953065,10.983717,74,2265.1,164.1,2273.6,1,45,12,45,0.81,45
2026-01-15T09:22:05.667Z,46.9530362,10.983729,73.7,2264.8,128.5,2273.2,1,24,9,24,0.87,24
2026-01-15T09:22:05.833Z,46.9530162,10.9837659,73.4,2262.9,147.2,2272.3,1,41,11,41,1.12,41
2026-01-15T09:22:06.000Z,46.9529803,10.9837998,73.1,2262.9,153.7,2272.1,1,90,10,90,0.8,90
2026-01-15T09:22:06.167Z,46.9529599,10.9838146,72.8,2262.2,120.6,2271,1,92,8,92,0.79,92
2026-01-15T09:22:06.333Z,46.952946,10.9838491,72.5,2261.3,115.8,2270.9,1,34,9,34,0.99,34
2026-01-15T09:22:06.500Z,46.9529293,10.9838997,72.2,2260.9,147.7,2270.1,1,43,13,43,0.69,43
2026-01-15T09:22:06.667Z,46.952899,10.9839278,71.8,2260.8,122.3,2269.5,1,64,12,64,1.17,64
2026-01-15T09:22:06.833Z,46.9528843,10.9839619,71.5,2260.5,163,2268.7,1,54,11,54,1.07,54
2026-01-15T09:22:07.000Z,46.9528635,10.9839712,71.1,2259.1,141.3,2268.3,1,81,12,81,0.86,81
2026-01-15T09:22:07.167Z,46.9528283,10.9840125,70.8,2259.6,126.1,2267.9,1,56,9,56,0.73,56
2026-01-15T09:22:07.333Z,46.9528179,10.9840334,70.4,2257.1,128.8,2267,1,95,8,95,0.68,95
2026-01-15T09:22:07.500Z,46.952799,10.9840678,70.1,2257.3,161.3,2266.7,1,71,11,71,0.93,71
2026-01-15T09:22:07.667Z,46.9527738,10.9840803,69.7,2257.1,137.1,2266,1,41,9,41,0.79,41
2026-01-15T09:22:08.000Z,46.9527279,10.9841428,68.9,2254.9,129.9,2265,1,66,11,66,1.06,66
2026-01-15T09:22:08.333Z,46.9526844,10.984219,68.1,2255.6,137.3,2263.7,1,41,9,41,1.03,41
2026-01-15T09:22:08.667Z,46.9526519,10.9842629,67.3,2253.6,132.6,2262.4,1,26,11,26,1.08,26
2026-01-15T09:22:09.000Z,46.9526107,10.9843285,66.5,2251.2,145.6,2261.5,1,94,12,94,0.96,94
2026-01-15T09:22:09.333Z,46.9525593,10.98438,65.7,2251.4,130.3,2260.3,1,71,9,71,0.88,71
2026-01-15T09:22:09.667Z,46.9525184,10.9844506,64.9,2249.1,135.8,2259,1,86,12,86,1.09,86
2026-01-15T09:22:10.000Z,46.9524908,10.9844899,64.1,2250.4,138.4,2258.1,1,40,11,40,0.83,40
2026-01-15T09:22:10.333Z,46.9524508,10.9845419,63.2,2248.9,134,2257.2,1,71,10,71,1.13,71
2026-01-15T09:22:10.667Z,46.9524096,10.9846044,62.4,2247.7,123.6,2256.1,1,43,9,43,0.69,43
2026-01-15T09:22:11.000Z,46.9523798,10.9846701,61.5,2246.4,141.9,2255.3,1,85,11,85,0.95,85
2026-01-15T09:22:11.333Z,46.9523355,10.9847209,60.7,2244.3,152.4,2254,1,63,11,63,0.86,63
2026-01-15T09:22:11.667Z,46.9522993,10.9847486,59.8,2243.1,126.6,2253.3,1,37,10,37,0.76,37
2026-01-15T09:22:12.000Z,46.9522624,10.9848214,59,2244.1,134.6,2251.9,1,66,11,66,0.61,66
2026-01-15T09:22:12.333Z,46.9522324,10.9848659,58.1,2242.6,159.5,2251.2,1,85,9,85,1.11,85
2026-01-15T09:22:12.667Z,46.9521983,10.9848846,57.3,2241.1,140.2,2250.1,1,50,9,50,1.04,50
2026-01-15T09:22:13.000Z,46.9521511,10.9849423,56.4,2240.6,146.4,2249.1,1,21,12,21,0.77,21
2026-01-15T09:22:13.333Z,46.9521154,10.984977,55.6,2239.8,135,2248.2,1,57,8,57,0.84,57
2026-01-15T09:22:13.667Z,46.9520724,10.9850399,54.8,2237.4,135.6,2247.2,1,52,12,52,0.92,52
2026-01-15T09:22:14.000Z,46.952054,10.9850663,54,2237.5,138.6,2246.2,1,64,12,64,0.75,64
2026-01-15T09:22:14.333Z,46.9520159,10.9851155,53.2,2236.9,157.9,2245.7,1,64,13,64,1.03,64
2026-01-15T09:22:14.667Z,46.9519668,10.9851447,52.4,2236.8,148.8,2244.6,1,40,8,40,1.05,40
2026-01-15T09:22:15.000Z,46.9519273,10.9851797,51.6,2235.5,139.4,2243.6,1,97,12,97,0.8,97
2026-01-15T09:22:15.333Z,46.9519051,10.9852076,50.8,2232.7,153,2242.6,1,59,9,59,1.19,59
2026-01-15T09:22:15.667Z,46.9518611,10.9852405,50,2232.5,151,2241.8,1,75,9,75,0.8,75
2026-01-15T09:22:16.000Z,46.951823,10.9852715,49.3,2231.4,147.6,2241.1,1,43,11,43,1.19,43
2026-01-15T09:22:17.000Z,46.9517267,10.9853612,47,2230.8,158,2238.9,1,78,11,78,0.77,78
2026-01-15T09:22:18.000Z,46.9516039,10.9854339,44.9,2226.8,164.6,2236.6,1,70,10,70,0.69,70
2026-01-15T09:22:19.000Z,46.9515046,10.9854739,42.8,2225.9,163.8,2233.9,1,88,10,88,0.78,88
2026-01-15T09:22:20.000Z,46.9514013,10.985518,40.9,2223.9,147.4,2232.2,1,82,8,82,1.12,82
2026-01-15T09:22:21.000Z,46.951317,10.985597,39.1,2221.7,149.9,2229.8,1,72,8,72,1.09,72
2026-01-15T09:22:22.000Z,46.9512253,10.985675,37.4,2217.9,130.1,2227.8,1,78,8,78,0.8,78
2026-01-15T09:22:23.000Z,46.9511754,10.9857617,35.8,2218.3,125.2,2226.3,1,47,10,47,0.73,47
2026-01-15T09:22:24.000Z,46.9511167,10.9858837,34.4,2215.2,125,2224.6,1,38,9,38,0.89,38
2026-01-15T09:22:25.000Z,46.951066,10.9859896,33,2213,140.5,2222.6,1,38,9,38,0.91,38
2026-01-15T09:22:26.000Z,46.9510016,10.9860675,31.7,2213.2,129.6,2221.1,1,83,11,83,1,83
2026-01-15T09:22:27.000Z,46.9509464,10.9861651,30.4,2211,132.3,2219.8,1,51,8,51,0.65,51
2026-01-15T09:22:28.000Z,46.9509011,10.986238,29.3,2209.6,121.7,2217.9,1,82,12,82,0.7,82
2026-01-15T09:22:29.000Z,46.9508644,10.9863249,28.3,2208.1,132.6,2216.5,1,26,9,26,0.89,26
2026-01-15T09:22:30.000Z,46.9508206,10.9863948,27.3,2206.6,132.8,2214.8,1,35,8,35,0.79,35
2026-01-15T09:22:31.000Z,46.9507592,10.9864919,26.4,2204.3,129.2,2213.6,1,96,10,96,0.82,96
2026-01-15T09:22:32.000Z,46.9507228,10.9865573,25.5,2203.1,149.3,2212.4,1,96,12,96,0.97,96
2026-01-15T09:22:33.000Z,46.9506656,10.9866071,24.7,2202.1,119.9,2211.4,1,21,13,21,1.1,21
2026-01-15T09:22:34.000Z,46.9506363,10.9866817,24,2200.1,148.7,2210.1,1,43,8,43,0.64,43
2026-01-15T09:22:35.000Z,46.9505823,10.9867298,23.3,2200.8,130.1,2208.9,1,27,8,27,0.74,27
2026-01-15T09:22:36.000Z,46.950548,10.9867895,22.7,2199.3,150.8,2207.8,1,68,10,68,0.74,68
2026-01-15T09:22:37.000Z,46.9504917,10.9868355,22.1,2198.2,118.5,2206.4,1,48,11,48,1.19,48
2026-01-15T09:22:38.000Z,46.9504692,10.9868961,21.6,2195.6,140.3,2205.4,1,24,8,24,0.9,24
2026-01-15T09:22:39.000Z,46.9504128,10.9869648,21.1,2195.3,117.9,2204.3,1,66,8,66,0.81,66
2026-01-15T09:22:40.000Z,46.9503867,10.987037,20.6,2195.1,87,2203.5,1,39,11,39,0.73,39
2026-01-15T09:22:41.000Z,46.9503887,10.9870931,20.2,2194.4,92.1,2202.1,1,54,10,54,1.05,54
2026-01-15T09:22:42.000Z,46.9503865,10.9871812,19.8,2191.8,77,2201,1,35,8,35,1,35
2026-01-15T09:22:44.000Z,46.9504057,10.9873033,19.1,2191.1,23.7,2199.4,1,55,11,55,1.14,55
2026-01-15T09:22:46.000Z,46.9504922,10.9873589,18.6,2187.9,10.4,2197.6,1,47,9,47,0.99,47
2026-01-15T09:22:48.000Z,46.950574,10.987381,18.2,2187.2,7.9,2195.3,1,63,12,63,0.95,63
2026-01-15T09:22:50.000Z,46.9506615,10.9873989,17.9,2185.2,5.7,2193.5,1,76,13,76,0.73,76
2026-01-15T09:22:52.000Z,46.9507514,10.9874121,17.7,2181.7,5,2191.9,1,33,11,33,0.79,33
2026-01-15T09:22:54.000Z,46.9508451,10.9874242,17.6,2182.1,100.6,2190,1,98,11,98,1.08,98
2026-01-15T09:22:56.000Z,46.9508437,10.9874352,17.6,2180.9,38,2190.2,1,72,9,72,0.8,72
2026-01-15T09:22:56.000Z,46.9512357,10.9878836,18,2181.5,239,2189.9,1,82,9,82,0.82,82
2026-01-15T09:22:58.000Z,46.9511888,10.9877694,18,2184.9,237.8,2194.7,1,99,9,99,1.05,99
2026-01-15T09:23:00.000Z,46.9511413,10.9876588,18,2189.6,228.6,2199.1,1,73,13,73,1.08,73
2026-01-15T09:23:02.000Z,46.9510771,10.9875521,18,2194.4,241.8,2203.8,1,81,12,81,0.85,81
2026-01-15T09:23:04.000Z,46.9510324,10.9874302,18,2197.9,242.6,2208,1,95,9,95,0.76,95
2026-01-15T09:23:06.000Z,46.9509909,10.9873131,18,2203.4,231.1,2212.7,1,23,8,23,0.86,23
2026-01-15T09:23:08.000Z,46.950936,10.9872133,18,2207.7,241,2217.3,1,64,13,64,1.16,64
2026-01-15T09:23:10.000Z,46.9508932,10.9871003,18,2212.4,237.8,2221.6,1,90,10,90,1.14,90
2026-01-15T09:23:12.000Z,46.9508415,10.98698,18,2216.6,235.8,2225.8,1,93,10,93,1.04,93
2026-01-15T09:23:14.000Z,46.9507906,10.9868701,18,2221.3,239.1,2230.5,1,25,10,25,0.69,25
2026-01-15T09:23:16.000Z,46.9507465,10.9867621,18,2225.1,242,2234.9,1,59,11,59,0.99,59
2026-01-15T09:23:18.000Z,46.9507047,10.9866469,18,2230,236.9,2239.4,1,25,8,25,0.73,25
2026-01-15T09:23:20.000Z,46.9506631,10.9865534,18,2234.2,238.4,2244.3,1,49,9,49,0.62,49
2026-01-15T09:23:22.000Z,46.9506136,10.9864355,18,2239.5,232.6,2248.7,1,50,10,50,0.83,50
2026-01-15T09:23:24.000Z,46.9505589,10.9863307,18,2244,248,2253.4,1,92,10,92,1,92
2026-01-15T09:23:26.000Z,46.9505216,10.9861953,18,2248.1,237.4,2257.5,1,35,13,35,0.93,35
2026-01-15T09:23:28.000Z,46.9504763,10.9860916,18,2254.4,232.1,2262.2,1,75,9,75,1.04,75
2026-01-15T09:23:30.000Z,46.9504166,10.9859792,18,2258.4,240.2,2266.8,1,37,8,37,1,37
2026-01-15T09:23:32.000Z,46.9503705,10.9858611,18,2262.8,233.7,2271.3,1,57,12,57,0.66,57
2026-01-15T09:23:34.000Z,46.9503186,10.9857576,18,2267.8,246.4,2275.5,1,52,8,52,0.78,52
2026-01-15T09:23:36.000Z,46.9502877,10.9856541,18,2271.4,234.6,2280.4,1,35,10,35,0.74,35
2026-01-15T09:23:38.000Z,46.9502308,10.9855367,18,2275.4,242.1,2284.6,1,88,8,88,0.87,88
2026-01-15T09:23:40.000Z,46.9501865,10.985414,18,2279.6,233.2,2289.3,1,71,13,71,0.93,71
2026-01-15T09:23:42.000Z,46.9501316,10.9853064,18,2283.7,239.5,2293.7,1,52,11,52,1.09,52
2026-01-15T09:23:44.000Z,46.9500832,10.9851858,18,2290.3,230.4,2298.3,1,41,11,41,1.13,41
2026-01-15T09:23:46.000Z,46.9500324,10.9850958,18,2294.2,244.3,2302.5,1,92,11,92,0.98,92
2026-01-15T09:23:48.000Z,46.9499928,10.9849754,18,2298.8,233.2,2307.3,1,70,11,70,0.64,70
2026-01-15T09:23:50.000Z,46.9499393,10.9848708,18,2302,245.8,2311.7,1,51,9,51,0.81,51
2026-01-15T09:23:52.000Z,46.9499011,10.984746,18,2307.4,237,2316.4,1,21,8,21,0.97,21
2026-01-15T09:23:54.000Z,46.9498524,10.9846363,18,2312.7,236.2,2321,1,29,13,29,0.83,29
2026-01-15T09:23:56.000Z,46.9497992,10.98452,18,2315.8,236.3,2325.1,1,61,13,61,0.66,61
2026-01-15T09:23:58.000Z,46.9497499,10.9844118,18,2320.6,244,2330.2,1,70,8,70,0.64,70
2026-01-15T09:24:00.000Z,46.9497129,10.9843008,18,2326.1,235.4,2334.6,1,70,11,70,1.08,70
2026-01-15T09:24:02.000Z,46.9496668,10.9842028,18,2330.6,243.2,2339,1,50,13,50,1.2,50
2026-01-15T09:24:04.000Z,46.949625,10.9840818,18,2334.9,233.3,2343.3,1,68,8,68,1.12,68
2026-01-15T09:24:06.000Z,46.949568,10.9839696,18,2339,236.8,2348.1,1,70,10,70,0.91,70
2026-01-15T09:24:08.000Z,46.9495201,10.9838625,18,2343.7,242,2352.6,1,58,9,58,0.86,58
2026-01-15T09:24:10.000Z,46.9494723,10.9837306,18,2348.5,237.3,2357.2,1,59,9,59,0.7,59
2026-01-15T09:24:12.000Z,46.9494317,10.9836378,18,2352,238.4,2361.6,1,71,8,71,1,71
2026-01-15T09:24:14.000Z,46.9493757,10.9835046,18,2356.6,232.8,2366,1,46,9,46,1.05,46
2026-01-15T09:24:16.000Z,46.9493278,10.9834123,18,2361.8,238.5,2370.4,1,83,9,83,1.05,83
2026-01-15T09:24:18.000Z,46.949277,10.9832908,18,2366.7,241.6,2375.1,1,21,13,21,0.74,21
2026-01-15T09:24:20.000Z,46.9492407,10.9831925,18,2370.7,239.5,2379.4,1,66,9,66,0.74,66
2026-01-15T09:24:22.000Z,46.9491975,10.9830852,18,2374.4,236.5,2384.1,1,88,10,88,1.15,88
2026-01-15T09:24:24.000Z,46.9491449,10.9829688,18,2378.3,240.9,2388.6,1,80,12,80,1.09,80
2026-01-15T09:24:26.000Z,46.9490991,10.9828481,18,2382.9,237,2393.2,1,59,12,59,0.81,59
2026-01-15T09:24:28.000Z,46.9490489,10.9827348,18,2389.4,240.4,2397.8,1,48,13,48,0.84,48
2026-01-15T09:24:30.000Z,46.9490088,10.9826313,18,2391.9,230.8,2401.8,1,85,9,85,0.6,85
2026-01-15T09:24:32.000Z,46.9489446,10.9825159,18,2397,238.1,2406.5,1,49,12,49,0.83,49
2026-01-15T09:24:34.000Z,46.9489002,10.9824114,18,2401.9,248.3,2411.1,1,97,9,97,1.14,97
2026-01-15T09:24:36.000Z,46.9488646,10.9822803,18,2406.5,226.9,2415.7,1,40,8,40,0.9,40
2026-01-15T09:24:38.000Z,46.9488033,10.9821842,18,2411.8,245,2420.4,1,45,8,45,0.62,45
2026-01-15T09:24:40.000Z,46.9487666,10.9820689,18,2416.1,241.1,2424.7,1,85,11,85,0.68,85
2026-01-15T09:24:42.000Z,46.9487225,10.9819518,18,2419.7,230,2429.3,1,85,10,85,1.01,85
2026-01-15T09:24:44.000Z,46.948662,10.9818463,18,2423.7,246.6,2433.8,1,73,10,73,1.15,73
2026-01-15T09:24:46.000Z,46.9486247,10.9817201,18,2428.8,234.6,2438.2,1,28,11,28,0.71,28
2026-01-15T09:24:48.000Z,46.9485785,10.9816248,18,2434,236.3,2442.9,1,78,11,78,0.98,78
2026-01-15T09:24:50.000Z,46.9485262,10.98151,18,2439.1,244.5,2447.1,1,49,12,49,0.95,49
2026-01-15T09:24:52.000Z,46.9484864,10.9813876,18,2442.8,230.4,2451.7,1,67,13,67,0.81,67
2026-01-15T09:24:54.000Z,46.9484272,10.9812828,18,2446.2,238.3,2456.3,1,86,12,86,0.81,86
2026-01-15T09:24:56.000Z,46.9483808,10.9811728,18,2452.4,236.6,2461,1,52,12,52,0.63,52
2026-01-15T09:24:58.000Z,46.9483274,10.9810541,18,2455.9,239,2465.4,1,66,12,66,1.06,66
2026-01-15T09:25:00.000Z,46.9482825,10.9809447,18,2461.9,244.3,2469.5,1,78,11,78,0.7,78
2026-01-15T09:25:02.000Z,46.9482454,10.9808318,18,2465,235.4,2474.1,1,58,10,58,0.76,58
2026-01-15T09:25:04.000Z,46.9481915,10.9807173,18,2469.8,240.6,2478.7,1,78,12,78,1.18,78
2026-01-15T09:25:06.000Z,46.94815,10.9806095,18,2475.5,232.1,2483.3,1,32,10,32,1.2,32
2026-01-15T09:25:08.000Z,46.9480964,10.9805085,18,2479.1,236.1,2487.6,1,43,13,43,0.95,43
2026-01-15T09:25:10.000Z,46.9480409,10.9803873,18,2482.7,244.9,2492.5,1,34,9,34,0.99,34
2026-01-15T09:25:12.000Z,46.9480072,10.9802817,18,2486.9,237.2,2497,1,64,10,64,0.99,64
2026-01-15T09:25:14.000Z,46.9479514,10.980155,18,2493.5,242.5,2501.5,1,51,10,51,0.62,51
2026-01-15T09:25:16.000Z,46.9479146,10.9800514,18,2495.8,233.8,2505.6,1,83,13,83,0.64,83
2026-01-15T09:25:18.000Z,46.9478534,10.9799291,18,2501.2,245.2,2510.3,1,90,12,90,0.82,90
2026-01-15T09:25:20.000Z,46.9478215,10.9798282,18,2505.6,237.1,2515,1,45,9,45,0.64,45
2026-01-15T09:25:22.000Z,46.9477703,10.9797121,18,2510.5,235.7,2519.3,1,30,9,30,1.1,30
2026-01-15T09:25:24.000Z,46.9477247,10.9796142,18,2516,238.4,2524.1,1,55,12,55,1.18,55
2026-01-15T09:25:26.000Z,46.9476759,10.9794981,18,2519.9,239.2,2528.4,1,93,11,93,0.87,93
2026-01-15T09:25:28.000Z,46.9476308,10.9793872,18,2523.3,236.6,2532.7,1,47,10,47,0.97,47
2026-01-15T09:25:30.000Z,46.9475771,10.9792678,18,2529.5,245.4,2537.2,1,38,8,38,0.65,38
2026-01-15T09:25:32.000Z,46.9475378,10.9791418,18,2532.8,232,2541.7,1,35,8,35,0.86,35
2026-01-15T09:25:34.000Z,46.9474793,10.9790321,18,2537,231.8,2546.3,1,31,10,31,1.01,31
2026-01-15T09:25:36.000Z,46.9474241,10.9789293,18,2541.6,248.6,2551.2,1,47,8,47,0.84,47
2026-01-15T09:25:38.000Z,46.9473959,10.978824,18,2545.7,237.6,2555.2,1,87,13,87,0.86,87
2026-01-15T09:25:40.000Z,46.9473392,10.9786933,18,2551.5,237.9,2559.7,1,58,12,58,1.14,58
2026-01-15T09:25:42.000Z,46.9472968,10.9785941,18,2555.4,232,2564.8,1,63,12,63,0.71,63
2026-01-15T09:25:44.000Z,46.9472407,10.9784889,18,2559.3,239.2,2569.3,1,30,12,30,1.09,30
2026-01-15T09:25:46.000Z,46.9471974,10.9783823,18,2564.7,243.5,2573.3,1,76,9,76,0.98,76
2026-01-15T09:25:48.000Z,46.947158,10.9782667,18,2569.1,230.1,2578,1,79,10,79,1.14,79
2026-01-15T09:25:50.000Z,46.9470941,10.9781548,18,2572.9,240.3,2582.6,1,67,10,67,1.08,67
2026-01-15T09:25:52.000Z,46.9470459,10.9780311,18,2579.1,241,2586.9,1,74,12,74,1.03,74
2026-01-15T09:25:54.000Z,46.9470046,10.9779219,18,2582.1,242,2591.5,1,53,12,53,1.16,53
2026-01-15T09:25:56.000Z,46.946962,10.9778043,18,2586,237.6,2596,1,32,9,32,1.01,32
2026-01-15T09:25:58.000Z,46.9469147,10.9776951,18,2591,241.6,2600.4,1,93,9,93,1.16,93
2026-01-15T09:26:00.000Z,46.9468717,10.9775785,18,2597.2,234.7,2605.4,1,62,9,62,1.04,62
2026-01-15T09:26:02.000Z,46.9468171,10.9774654,18,2599.7,231.7,2609.8,1,29,12,29,0.81,29
2026-01-15T09:26:04.000Z,46.9467676,10.9773735,18,2604.1,238.9,2613.9,1,65,11,65,0.74,65
2026-01-15T09:26:06.000Z,46.9467196,10.977257,18,2610.2,240.6,2618.9,1,39,11,39,1.03,39
2026-01-15T09:26:08.000Z,46.946675,10.9771409,18,2614.2,235.3,2623.1,1,45,8,45,0.91,45
2026-01-15T09:26:10.000Z,46.9466286,10.9770426,18,2619.6,241.5,2627.6,1,65,9,65,1.05,65
2026-01-15T09:26:12.000Z,46.9465859,10.9769273,18,2623.3,237.7,2632.5,1,46,12,46,0.76,46
2026-01-15T09:26:14.000Z,46.9465296,10.9767969,18,2628.8,242.1,2636.8,1,92,11,92,0.62,92
2026-01-15T09:26:16.000Z,46.9464907,10.9766891,18,2631.7,229.9,2641.5,1,77,8,77,0.68,77
2026-01-15T09:26:18.000Z,46.9464304,10.9765841,18,2637.2,243.3,2645.8,1,52,13,52,0.97,52
2026-01-15T09:26:20.000Z,46.9463948,10.9764805,18,2641.5,240.5,2650.5,1,95,8,95,0.86,95
2026-01-15T09:26:22.000Z,46.9463468,10.976356,18,2646.5,242.2,2654.6,1,66,12,66,0.98,66
2026-01-15T09:26:24.000Z,46.9463047,10.9762392,18,2649.8,235.4,2659.5,1,58,9,58,0.84,58
2026-01-15T09:26:26.000Z,46.946252,10.9761273,18,2655.6,241.2,2663.7,1,56,8,56,1.2,56
2026-01-15T09:26:28.000Z,46.9462066,10.9760064,18,2660.3,224.3,2668.2,1,58,9,58,0.98,58
2026-01-15T09:26:30.000Z,46.9461486,10.9759234,18,2664.6,244.8,2672.6,1,72,9,72,0.62,72
2026-01-15T09:26:32.000Z,46.9461047,10.9757865,18,2667.7,233.9,2677.6,1,95,8,95,0.96,95
2026-01-15T09:26:34.000Z,46.946056,10.9756887,18,2672.2,246.4,2681.9,1,93,13,93,0.69,93
2026-01-15T09:26:36.000Z,46.946019,10.9755646,18,2677.8,236,2686.3,1,67,12,67,0.62,67
2026-01-15T09:26:38.000Z,46.9459662,10.97545,18,2683,238.8,2690.6,1,50,8,50,0.82,50
2026-01-15T09:26:40.000Z,46.9459242,10.9753486,18,2686.1,228.3,2695.6,1,20,13,20,1.16,20
2026-01-15T09:26:42.000Z,46.9458605,10.9752438,18,2691.4,242.7,2700.2,1,74,9,74,0.79,74
2026-01-15T09:26:44.000Z,46.9458176,10.9751219,18,2694.3,235,2704.2,1,54,9,54,1.15,54
2026-01-15T09:26:46.000Z,46.9457691,10.9750203,18,2699.6,239.4,2709,1,58,13,58,0.71,58
2026-01-15T09:26:48.000Z,46.9457189,10.9748959,18,2703.5,245.7,2713.3,1,88,8,88,0.78,88
2026-01-15T09:26:50.000Z,46.9456881,10.9747959,18,2709,236.3,2718,1,52,12,52,0.6,52
2026-01-15T09:26:52.000Z,46.9456286,10.9746654,18,2713.6,234.1,2722.6,1,90,13,90,1.12,90
2026-01-15T09:26:54.000Z,46.9455781,10.9745633,18,2719,236.8,2726.9,1,39,8,39,1.16,39
2026-01-15T09:26:56.000Z,46.9455333,10.974463,18,2723.4,238.9,2731.4,1,93,13,93,0.62,93
2026-01-15T09:26:58.000Z,46.9454857,10.9743476,18,2726.2,245.5,2735.8,1,79,13,79,0.81,79
2026-01-15T09:27:00.000Z,46.9454489,10.9742295,18,2731.2,237.7,2740.4,1,82,12,82,0.82,82
2026-01-15T09:27:02.000Z,46.9454008,10.9741182,18,2735.9,233.2,2745,1,94,8,94,0.93,94
2026-01-15T09:27:04.000Z,46.9453399,10.9739991,18,2741.5,239.7,2749.8,1,70,9,70,0.7,70
2026-01-15T09:27:06.000Z,46.9452946,10.9738856,18,2745,235.5,2753.8,1,84,8,84,1,84
2026-01-15T09:27:08.000Z,46.9452498,10.9737902,18,2749,238.5,2758.5,1,44,13,44,1.19,44
2026-01-15T09:27:10.000Z,46.9451976,10.9736652,18,2754.9,232.8,2763.3,1,65,10,65,1.16,65
2026-01-15T09:27:12.000Z,46.9451479,10.9735694,18,2757.6,242,2767.4,1,28,10,28,0.9,28
2026-01-15T09:27:14.000Z,46.9451016,10.973442,18,2762.5,239.4,2772.2,1,80,8,80,0.69,80
2026-01-15T09:27:16.000Z,46.9450595,10.9733379,18,2766.7,234.7,2776.7,1,90,10,90,1.01,90
2026-01-15T09:27:18.000Z,46.9450052,10.9732257,18,2771.8,243.4,2781,1,68,13,68,0.82,68
2026-01-15T09:27:20.000Z,46.9449703,10.9731238,18,2777.1,237.6,2785.9,1,24,10,24,0.86,24
2026-01-15T09:27:22.000Z,46.9449188,10.9730051,18,2781.9,245.8,2790.4,1,63,13,63,1.09,63
2026-01-15T09:27:24.000Z,46.9448783,10.9728734,18,2785.3,226.1,2794.4,1,71,13,71,0.73,71
2026-01-15T09:27:26.000Z,46.9448175,10.972781,18,2789.3,248.2,2799,1,76,11,76,1.01,76
2026-01-15T09:27:28.000Z,46.9447831,10.9726553,18,2795.8,226.6,2803.6,1,50,11,50,0.99,50
2026-01-15T09:27:30.000Z,46.9447235,10.9725631,18,2798.3,243.8,2808,1,36,13,36,1.15,36
2026-01-15T09:27:32.000Z,46.9446771,10.9724248,18,2803.3,243.5,2813,1,67,12,67,1.13,67
2026-01-15T09:27:34.000Z,46.944644,10.9723276,18,2808.1,235.1,2817.2,1,75,12,75,0.77,75
2026-01-15T09:27:36.000Z,46.9445915,10.9722173,18,2813.3,237.2,2822,1,56,8,56,0.88,56
2026-01-15T09:27:38.000Z,46.9445425,10.9721059,18,2818.4,235.4,2826.5,1,77,11,77,0.84,77
2026-01-15T09:27:40.000Z,46.9444951,10.9720053,18,2822.7,244.5,2830.9,1,78,9,78,0.73,78
2026-01-15T09:27:42.000Z,46.9444553,10.9718833,18,2827.3,229.8,2835.5,1,64,8,64,0.86,64
2026-01-15T09:27:44.000Z,46.9443969,10.971782,18,2831.7,243.4,2839.8,1,95,11,95,0.99,95
2026-01-15T09:27:46.000Z,46.9443498,10.9716445,18,2835.7,231.1,2844.5,1,62,8,62,0.63,62
2026-01-15T09:27:48.000Z,46.9442948,10.9715445,18,2839.1,239.2,2849,1,81,12,81,0.66,81
2026-01-15T09:27:50.000Z,46.9442544,10.9714452,18,2844.7,243.4,2853.4,1,40,10,40,1.18,40
2026-01-15T09:27:52.000Z,46.9442126,10.9713229,18,2848.9,237.6,2858.1,1,95,12,95,0.78,95
2026-01-15T09:27:54.000Z,46.9441564,10.971193,18,2853.5,227.4,2862.1,1,78,9,78,0.71,78
2026-01-15T09:27:56.000Z,46.9441045,10.9711103,18,2858.6,245.4,2866.7,1,98,12,98,0.63,98
2026-01-15T09:27:58.000Z,46.9440606,10.9709697,18,2861.7,238,2871.3,1,85,8,85,1.11,85
2026-01-15T09:28:00.000Z,46.944025,10.9708864,18,2866.5,232.3,2875.9,1,44,11,44,0.68,44
2026-01-15T09:28:02.000Z,46.9439645,10.9707718,18,2871.9,245.3,2880.5,1,56,10,56,0.76,56
2026-01-15T09:28:04.000Z,46.9439297,10.9706608,18,2875.1,238.1,2885.2,1,99,13,99,1.16,99
2026-01-15T09:28:06.000Z,46.943874,10.9705297,18,2880.3,233.8,2889.2,1,58,13,58,0.92,58
2026-01-15T09:28:08.000Z,46.9438256,10.9704328,18,2885.5,247.6,2893.8,1,47,11,47,0.89,47
2026-01-15T09:28:10.000Z,46.9437901,10.9703068,18,2889.3,232,2898.2,1,59,10,59,0.95,59
2026-01-15T09:28:12.000Z,46.9437323,10.9701983,18,2893.7,237.4,2903,1,75,11,75,1.06,75
2026-01-15T09:28:14.000Z,46.9436796,10.9700775,18,2899.2,239.7,2907.8,1,26,9,26,0.65,26
2026-01-15T09:28:16.000Z,46.9436372,10.9699711,18,2904,236.1,2912,1,56,8,56,0.87,56
2026-01-15T09:28:18.000Z,46.9435939,10.9698768,18,2907.4,234.9,2916.3,1,46,8,46,0.95,46
2026-01-15T09:28:20.000Z,46.9435369,10.9697582,18,2910.9,241.2,2921,1,32,9,32,0.87,32
2026-01-15T09:28:22.000Z,46.9434928,10.9696405,18,2916.3,240.9,2925.2,1,81,9,81,0.76,81
2026-01-15T09:28:24.000Z,46.9434533,10.9695364,18,2920.9,234.1,2929.8,1,91,10,91,1.01,91
2026-01-15T09:28:26.000Z,46.9434012,10.9694311,18,2926.1,239.5,2934.5,1,96,9,96,0.72,96
2026-01-15T09:28:28.000Z,46.9433483,10.9692997,18,2929.7,234.1,2939.3,1,93,9,93,1.1,93
2026-01-15T09:28:30.000Z,46.9432977,10.9691972,18,2935.7,247.8,2943.7,1,83,10,83,0.66,83
2026-01-15T09:28:32.000Z,46.9432686,10.969093,18,2938.3,232.5,2947.8,1,21,10,21,0.74,21
2026-01-15T09:28:34.000Z,46.9432106,10.9689822,18,2942.8,243.8,2952.8,1,29,9,29,0.68,29
2026-01-15T09:28:36.000Z,46.9431724,10.9688687,18,2948.9,243,2957.3,1,92,11,92,0.91,92
2026-01-15T09:28:38.000Z,46.9431256,10.9687344,18,2953.8,231.8,2961.4,1,39,10,39,0.94,39
2026-01-15T09:28:40.000Z,46.9430788,10.9686474,18,2957.1,237.2,2966.4,1,68,8,68,0.68,68
2026-01-15T09:28:42.000Z,46.9430178,10.9685088,18,2960.9,237.7,2970.5,1,70,11,70,1.12,70
2026-01-15T09:28:44.000Z,46.9429715,10.9684016,18,2967.4,238,2975.4,1,42,12,42,0.71,42
2026-01-15T09:28:46.000Z,46.9429277,10.968299,18,2969.7,244.4,2979.6,1,55,11,55,0.92,55
2026-01-15T09:28:48.000Z,46.9428876,10.9681765,18,2975.9,232.1,2984.5,1,49,10,49,0.74,49
2026-01-15T09:28:50.000Z,46.9428333,10.9680744,18,2979.7,238.4,2988.5,1,60,9,60,0.93,60
2026-01-15T09:28:52.000Z,46.942785,10.9679592,18,2984.7,241.3,2993.2,1,89,10,89,1.19,89
2026-01-15T09:28:54.000Z,46.9427478,10.9678597,18,2988.8,243.1,2997.8,1,67,8,67,0.8,67
2026-01-15T09:28:56.000Z,46.9427025,10.9677291,18,2992.2,233.5,3002.4,1,91,13,91,0.64,91
2026-01-15T09:28:58.000Z,46.9426509,10.9676269,18,2997.5,238.7,3006.5,1,98,12,98,0.65,98
2026-01-15T09:29:00.000Z,46.9425969,10.9674966,18,3001.2,240.7,3011.6,1,41,12,41,1.01,41
2026-01-15T09:29:02.000Z,46.9425628,10.9674077,18,3006.7,233.8,3015.5,1,20,12,20,0.81,20
2026-01-15T09:29:04.000Z,46.9425058,10.9672937,18,3011.6,240.9,3020.2,1,77,11,77,1.16,77
2026-01-15T09:29:06.000Z,46.9424632,10.9671816,18,3015.4,62.5,3023.8,1,99,11,99,0.71,99
2026-01-15T09:29:06.000Z,46.942468,10.9671951,20,3014.9,97.1,3024.2,1,52,9,52,1.11,52
2026-01-15T09:29:07.000Z,46.9424619,10.9672664,20,3013.3,92.3,3022.9,1,51,8,51,0.95,51
2026-01-15T09:29:08.000Z,46.9424603,10.9673254,20.1,3013.4,105.2,3021.9,1,30,8,30,0.88,30
2026-01-15T09:29:09.000Z,46.9424432,10.9674173,20.2,3011.9,70.9,3021.1,1,42,9,42,1.13,42
2026-01-15T09:29:10.000Z,46.9424576,10.9674783,20.3,3010,63.4,3019.8,1,47,10,47,1.16,47
2026-01-15T09:29:11.000Z,46.9424821,10.96755,20.5,3009.3,71.7,3018.5,1,84,9,84,0.79,84
2026-01-15T09:29:12.000Z,46.9424987,10.9676236,20.8,3008.7,65.7,3017.6,1,59,13,59,0.61,59
2026-01-15T09:29:13.000Z,46.9425139,10.9676729,21,3007,64.3,3016.6,1,73,11,73,1.09,73
2026-01-15T09:29:14.000Z,46.9425448,10.967767,21.4,3005.3,105.4,3015.7,1,77,11,77,0.64,77
2026-01-15T09:29:15.000Z,46.9425332,10.9678288,21.7,3005.8,128.7,3014.1,1,27,11,27,0.84,27
2026-01-15T09:29:16.000Z,46.9424994,10.9678905,22.1,3004.7,146.8,3012.9,1,81,11,81,0.84,81
2026-01-15T09:29:17.000Z,46.9424585,10.9679297,22.6,3003.4,134.3,3012.3,1,76,8,76,1.03,76
2026-01-15T09:29:18.000Z,46.9424128,10.9679984,23.1,3002.8,154.3,3010.9,1,77,13,77,1.02,77
2026-01-15T09:29:19.000Z,46.9423774,10.9680233,23.7,2999.9,154.3,3009.8,1,86,13,86,1.19,86
2026-01-15T09:29:20.000Z,46.942317,10.9680659,24.3,2998.2,151.8,3008.1,1,46,13,46,1.14,46
2026-01-15T09:29:21.000Z,46.9422646,10.968107,25,2998.8,168.4,3007.3,1,53,13,53,1.07,53
2026-01-15T09:29:22.000Z,46.9421998,10.9681265,25.7,2997.3,171,3006,1,75,10,75,0.65,75
2026-01-15T09:29:23.000Z,46.9421266,10.9681434,26.5,2994.4,165.9,3004.7,1,89,11,89,1.07,89
2026-01-15T09:29:24.000Z,46.9420598,10.9681679,27.4,2993.6,161.3,3003.1,1,86,9,86,0.98,86
2026-01-15T09:29:25.000Z,46.9419973,10.9681989,28.3,2991.5,165.8,3001.5,1,22,10,22,0.93,22
2026-01-15T09:29:26.000Z,46.9419322,10.9682231,29.4,2991.2,148.4,3000.1,1,53,13,53,0.84,53
2026-01-15T09:29:27.000Z,46.9418728,10.9682766,30.5,2990.6,124.1,2998.8,1,85,12,85,0.66,85
2026-01-15T09:29:28.000Z,46.941826,10.968378,31.7,2988.5,128.1,2996.9,1,88,8,88,0.76,88
2026-01-15T09:29:29.000Z,46.9417787,10.9684663,33,2986.5,127.9,2995.5,1,45,8,45,1.12,45
2026-01-15T09:29:30.000Z,46.9417259,10.9685658,34.4,2984.2,138.5,2993.6,1,85,13,85,1.1,85
2026-01-15T09:29:31.000Z,46.9416588,10.9686529,35.9,2983.7,125.3,2991.8,1,21,13,21,1.11,21
2026-01-15T09:29:32.000Z,46.941612,10.9687498,37.5,2980.1,118.3,2989.6,1,23,13,23,0.77,23
2026-01-15T09:29:33.000Z,46.9415646,10.9688789,39.2,2978.3,57.5,2987.6,1,92,8,92,0.77,92
2026-01-15T09:29:34.000Z,46.9416134,10.9689912,41.1,2977.8,343.4,2985.9,1,62,8,62,0.88,62
2026-01-15T09:29:35.000Z,46.9417143,10.9689472,43,2974.6,337.4,2983.8,1,29,10,29,1.2,29
2026-01-15T09:29:36.000Z,46.9418132,10.968887,45.1,2972.9,351.7,2981.3,1,98,13,98,1.15,98
2026-01-15T09:29:37.000Z,46.9419255,10.9688629,47.4,2969.1,12,2978.9,1,63,11,63,0.65,63
2026-01-15T09:29:38.000Z,46.9420379,10.9688978,49.7,2967.7,7.2,2976.6,1,67,13,67,1.14,67
2026-01-15T09:29:39.000Z,46.9421708,10.9689224,52.2,2964.4,5.7,2974,1,95,10,95,1.06,95
2026-01-15T09:29:39.333Z,46.9422163,10.968929,53,2964.6,14,2973.1,1,87,9,87,1.11,87
2026-01-15T09:29:39.667Z,46.942256,10.9689435,53.9,2962.7,3.7,2972,1,90,12,90,0.92,90
2026-01-15T09:29:40.000Z,46.9422873,10.9689465,54.8,2962,0.3,2970.8,1,66,13,66,0.88,66
2026-01-15T09:29:40.333Z,46.9423442,10.9689469,55.7,2960,5,2970,1,70,9,70,0.8,70
2026-01-15T09:29:40.667Z,46.9423891,10.9689527,56.6,2961.2,356.3,2969.1,1,41,11,41,1.01,41
2026-01-15T09:29:41.000Z,46.9424306,10.9689488,57.5,2959.3,0.6,2968,1,72,12,72,0.82,72
2026-01-15T09:29:41.333Z,46.9424875,10.9689497,58.4,2957.7,16.6,2966.9,1,58,8,58,1.15,58
2026-01-15T09:29:41.667Z,46.9425303,10.9689684,59.3,2957.1,350.4,2966.2,1,99,10,99,1.17,99
2026-01-15T09:29:42.000Z,46.9425887,10.9689539,60.3,2955.4,29.8,2965.3,1,62,13,62,0.75,62
2026-01-15T09:29:42.333Z,46.942625,10.9689844,61.2,2954.4,351.1,2964,1,69,9,69,0.7,69
2026-01-15T09:29:42.667Z,46.9426831,10.968971,62.2,2953.3,349.2,2962.9,1,76,11,76,0.61,76
2026-01-15T09:29:43.000Z,46.9427309,10.9689577,63.1,2953.4,1.8,2961.9,1,41,10,41,1.04,41
2026-01-15T09:29:43.333Z,46.9427885,10.9689603,64.1,2951.3,333.9,2961,1,55,10,55,1.18,55
2026-01-15T09:29:43.667Z,46.9428329,10.9689284,65,2951.5,6.6,2959.7,1,31,12,31,0.71,31
2026-01-15T09:29:44.000Z,46.9429004,10.9689398,66,2949,339,2958.3,1,30,10,30,0.92,30
2026-01-15T09:29:44.333Z,46.9429376,10.9689189,66.9,2948.4,5,2957,1,56,10,56,0.87,56
2026-01-15T09:29:44.667Z,46.9429975,10.9689266,67.9,2947,9.4,2956.4,1,65,11,65,0.82,65
2026-01-15T09:29:45.000Z,46.9430537,10.9689402,68.8,2945,355.1,2954.7,1,70,9,70,0.64,70
2026-01-15T09:29:45.333Z,46.9431058,10.9689336,69.7,2945.5,19.3,2953.5,1,94,10,94,0.68,94
2026-01-15T09:29:45.667Z,46.9431702,10.9689666,70.6,2943.4,352.9,2952.4,1,20,10,20,1.19,20
2026-01-15T09:29:45.833Z,46.9431999,10.9689612,71.1,2943.5,33,2951.6,1,23,13,23,1.06,23
2026-01-15T09:29:46.000Z,46.9432223,10.9689825,71.5,2943,34,2951,1,99,8,99,0.81,99
2026-01-15T09:29:46.167Z,46.9432508,10.9690107,72,2941.2,2.1,2950.6,1,50,13,50,0.79,50
2026-01-15T09:29:46.333Z,46.943292,10.9690129,72.4,2941,27.4,2950,1,97,8,97,0.65,97
2026-01-15T09:29:46.500Z,46.943321,10.9690349,72.9,2940.9,37.3,2949.3,1,85,8,85,1.12,85
2026-01-15T09:29:46.667Z,46.9433305,10.9690455,73.3,2939.6,28.5,2948.9,1,55,10,55,0.74,55
2026-01-15T09:29:46.833Z,46.9433673,10.9690748,73.7,2939.4,22.3,2948.1,1,23,11,23,0.89,23
2026-01-15T09:29:47.000Z,46.9433976,10.969093,74.1,2938.9,38.2,2947.7,1,95,13,95,0.68,95
2026-01-15T09:29:47.167Z,46.9434184,10.969117,74.5,2938.5,350.8,2946.8,1,56,9,56,1.19,56
2026-01-15T09:29:47.333Z,46.9434616,10.9691067,74.9,2937.2,13.6,2946,1,74,12,74,0.67,74
2026-01-15T09:29:47.500Z,46.9434827,10.9691142,75.3,2936,16.9,2945.3,1,96,10,96,1.07,96
2026-01-15T09:29:47.667Z,46.94352,10.9691308,75.7,2935.7,10,2944.8,1,79,12,79,0.61,79
2026-01-15T09:29:47.833Z,46.9435449,10.9691372,76.1,2935.3,344,2944.2,1,64,13,64,0.66,64
2026-01-15T09:29:48.000Z,46.9435829,10.9691212,76.5,2934,333.1,2943.7,1,23,8,23,0.66,23
2026-01-15T09:29:48.167Z,46.9436065,10.9691037,76.8,2934.7,353.7,2942.9,1,80,8,80,0.8,80
2026-01-15T09:29:48.333Z,46.9436387,10.9690985,77.2,2932.4,343.3,2942.2,1,43,10,43,0.62,43
2026-01-15T09:29:48.500Z,46.9436815,10.9690797,77.5,2933.1,335.5,2941.7,1,88,11,88,0.64,88
2026-01-15T09:29:48.667Z,46.9436968,10.9690695,77.9,2932.7,333.9,2940.7,1,53,11,53,0.77,53
2026-01-15T09:29:48.833Z,46.9437329,10.9690436,78.2,2930.3,4.3,2940.2,1,76,10,76,0.89,76
2026-01-15T09:29:49.000Z,46.9437604,10.9690466,78.5,2929.7,321.2,2939.6,1,48,8,48,0.73,48
2026-01-15T09:29:49.167Z,46.9437977,10.9690027,78.8,2930.3,338.7,2938.8,1,26,10,26,1.05,26
2026-01-15T09:29:49.333Z,46.9438304,10.968984,79.1,2928.6,334.3,2938.1,1,58,9,58,1.02,58
2026-01-15T09:29:49.500Z,46.9438457,10.9689732,79.4,2929.5,352.8,2937.3,1,29,9,29,0.74,29
2026-01-15T09:29:49.667Z,46.9438859,10.9689658,79.7,2927,326.5,2936.5,1,53,9,53,0.97,53
2026-01-15T09:29:49.833Z,46.9439188,10.9689339,79.9,2927.5,353.8,2935.9,1,72,10,72,0.7,72
2026-01-15T09:29:50.000Z,46.9439526,10.9689285,80.2,2926.9,328.8,2935.2,1,74,11,74,1.09,74
2026-01-15T09:29:50.100Z,46.9439597,10.9689222,80.3,2925.3,337.2,2934.8,1,34,8,34,1.16,34
2026-01-15T09:29:50.200Z,46.9439867,10.9689056,80.4,2926.3,289.5,2934.4,1,28,11,28,0.86,28
2026-01-15T09:29:50.300Z,46.943993,10.9688796,80.6,2924.1,351.4,2934.2,1,67,9,67,0.71,67
2026-01-15T09:29:50.400Z,46.9440183,10.968874,80.7,2923.9,7.6,2933.7,1,22,9,22,0.76,22
2026-01-15T09:29:50.500Z,46.9440455,10.9688793,80.8,2923.4,291.1,2932.9,1,59,11,59,0.96,59
2026-01-15T09:29:50.600Z,46.9440496,10.9688637,80.9,2923.3,339.6,2932.6,1,46,11,46,0.66,46
2026-01-15T09:29:50.700Z,46.9440716,10.9688517,81,2922.7,19.2,2932.4,1,81,10,81,0.77,81
2026-01-15T09:29:50.800Z,46.9441085,10.9688705,81.1,2923.9,353.7,2931.9,1,61,11,61,0.89,61
2026-01-15T09:29:50.900Z,46.9441278,10.9688674,81.2,2922.5,0.9,2931.4,1,29,8,29,0.7,29
2026-01-15T09:29:51.000Z,46.9441404,10.9688677,81.3,2921.9,332.6,2930.9,1,44,10,44,1.09,44
2026-01-15T09:29:51.100Z,46.944167,10.9688475,81.4,2921.4,345.2,2930.8,1,76,9,76,0.69,76
2026-01-15T09:29:51.200Z,46.944174,10.9688448,81.5,2922.3,336,2930.2,1,71,9,71,1.17,71
2026-01-15T09:29:51.300Z,46.9442012,10.9688271,81.6,2920,42.4,2929.9,1,49,9,49,0.83,49
2026-01-15T09:29:51.400Z,46.9442101,10.968839,81.6,2920.8,354.3,2929,1,96,9,96,0.62,96
2026-01-15T09:29:51.500Z,46.9442383,10.9688349,81.7,2918.7,342.1,2928.6,1,78,9,78,0.85,78
2026-01-15T09:29:51.600Z,46.9442599,10.9688247,81.8,2919.7,313.9,2928.1,1,29,11,29,1.15,29
2026-01-15T09:29:51.700Z,46.9442752,10.9688014,81.8,2918,307,2928.1,1,82,9,82,0.64,82
2026-01-15T09:29:51.800Z,46.9442939,10.9687651,81.9,2917.7,249.1,2927.3,1,56,13,56,1.06,56
2026-01-15T09:29:51.900Z,46.9442857,10.9687336,81.9,2916.9,325.7,2927.4,1,47,12,47,0.64,47
2026-01-15T09:29:52.000Z,46.9443082,10.9687111,81.9,2917.3,242,2926.8,1,60,8,60,0.88,60
2026-01-15T09:29:52.100Z,46.9442993,10.9686866,82,2918.3,268.1,2926.2,1,51,13,51,0.88,51
2026-01-15T09:29:52.200Z,46.9442986,10.968656,82,2915.8,280,2926.1,1,93,8,93,0.85,93
2026-01-15T09:29:52.300Z,46.9443028,10.9686211,82,2917.5,250.4,2925.1,1,27,10,27,1.13,27
2026-01-15T09:29:52.400Z,46.9442962,10.968594,82,2917,283.7,2924.8,1,77,8,77,1.16,77
2026-01-15T09:29:52.500Z,46.9443006,10.9685675,82,2916.2,246.8,2924.5,1,99,11,99,0.74,99
2026-01-15T09:29:52.600Z,46.9442919,10.9685378,82,2915.7,210,2923.8,1,22,11,22,0.76,22
2026-01-15T09:29:52.700Z,46.9442758,10.9685242,82,2915,246.4,2923.6,1,21,11,21,0.91,21
2026-01-15T09:29:52.800Z,46.9442641,10.9684849,82,2914.6,175.2,2923.3,1,62,9,62,1.03,62
2026-01-15T09:29:52.900Z,46.9442438,10.9684874,82,2914,212.4,2922.7,1,69,13,69,0.81,69
2026-01-15T09:29:53.000Z,46.9442142,10.9684599,81.9,2912.6,173.8,2922.7,1,65,10,65,0.94,65
2026-01-15T09:29:53.100Z,46.944199,10.9684623,81.9,2913,253.2,2922.1,1,83,11,83,0.62,83
2026-01-15T09:29:53.200Z,46.9441915,10.968426,81.8,2911.5,167.1,2921.4,1,56,11,56,1.13,56
2026-01-15T09:29:53.300Z,46.9441653,10.9684348,81.8,2912.3,226.8,2920.8,1,89,10,89,0.97,89
2026-01-15T09:29:53.400Z,46.9441532,10.9684159,81.8,2910.5,192.8,2920.5,1,24,9,24,0.94,24
2026-01-15T09:29:53.500Z,46.9441232,10.9684059,81.7,2910.2,214.9,2920,1,79,8,79,0.95,79
2026-01-15T09:29:53.600Z,46.9441091,10.9683915,81.7,2909.8,237.5,2919.7,1,28,11,28,0.98,28
2026-01-15T09:29:53.700Z,46.9440982,10.9683664,81.6,2910.2,164,2919.5,1,81,9,81,0.69,81
2026-01-15T09:29:53.800Z,46.9440739,10.9683766,81.6,2910.2,224.3,2918.9,1,92,9,92,0.6,92
2026-01-15T09:29:53.900Z,46.9440503,10.9683429,81.6,2910.6,147.2,2918.5,1,70,11,70,0.68,70
2026-01-15T09:29:54.000Z,46.9440324,10.9683598,81.5,2908,215.8,2918.4,1,83,12,83,0.8,83
2026-01-15T09:29:54.100Z,46.9440168,10.9683433,81.5,2908.2,189.9,2917.5,1,82,12,82,1.07,82
2026-01-15T09:29:54.200Z,46.9439984,10.9683386,81.4,2907.7,218.9,2917.3,1,68,10,68,1.16,68
2026-01-15T09:29:54.300Z,46.9439763,10.9683125,81.4,2909,178.8,2916.8,1,97,12,97,0.91,97
2026-01-15T09:29:54.400Z,46.9439503,10.9683133,81.4,2906.7,223.3,2916.4,1,53,13,53,0.76,53
2026-01-15T09:29:54.500Z,46.9439322,10.9682883,81.3,2906.4,196.4,2916.1,1,28,8,28,0.65,28
2026-01-15T09:29:54.600Z,46.9439264,10.9682858,81.3,2907.5,204.9,2915.7,1,91,10,91,1.09,91
2026-01-15T09:29:54.700Z,46.9439015,10.9682689,81.2,2905.4,183.7,2914.9,1,57,11,57,0.68,57
2026-01-15T09:29:54.800Z,46.9438919,10.968268,81.2,2906,194.1,2914.8,1,31,10,31,0.73,31
2026-01-15T09:29:54.900Z,46.943875,10.9682618,81.2,2904.7,209.8,2914,1,98,12,98,0.65,98
2026-01-15T09:29:55.000Z,46.9438402,10.9682326,81.1,2905.6,187.1,2913.6,1,38,11,38,1.01,38
2026-01-15T09:29:55.100Z,46.9438205,10.968229,81.1,2904.4,208.7,2913.5,1,68,13,68,0.81,68
2026-01-15T09:29:55.200Z,46.9438144,10.9682241,81,2904.5,227.1,2913.1,1,38,8,38,0.79,38
2026-01-15T09:29:55.300Z,46.9437914,10.9681878,81,2904.1,164.6,2912.8,1,37,13,37,0.63,37
2026-01-15T09:29:55.400Z,46.9437736,10.968195,81,2902.6,223.8,2911.9,1,61,9,61,0.67,61
2026-01-15T09:29:55.500Z,46.9437486,10.9681599,80.9,2903.5,214.3,2911.5,1,44,8,44,0.96,44
2026-01-15T09:29:55.600Z,46.9437336,10.9681449,80.9,2902.7,207.5,2911.2,1,49,13,49,0.95,49
2026-01-15T09:29:55.700Z,46.9437294,10.9681417,80.8,2901,211.6,2910.6,1,62,10,62,0.77,62
2026-01-15T09:29:55.800Z,46.943706,10.9681206,80.8,2900.2,235.3,2910.4,1,93,12,93,1.19,93
2026-01-15T09:29:55.900Z,46.9436924,10.9680918,80.8,2902.1,249.9,2909.9,1,63,8,63,0.84,63
2026-01-15T09:29:56.000Z,46.9436845,10.9680602,80.7,2899.7,236.2,2909.3,1,22,13,22,0.82,22
2026-01-15T09:29:56.100Z,46.943675,10.9680394,80.7,2900.6,215.3,2909.3,1,55,11,55,1.14,55
2026-01-15T09:29:56.200Z,46.9436553,10.968019,80.6,2900.4,262.6,2908.7,1,55,13,55,1.18,55
2026-01-15T09:29:56.300Z,46.9436539,10.9680033,80.6,2899.3,249.5,2908.2,1,57,9,57,1.07,57
2026-01-15T09:29:56.400Z,46.9436474,10.9679778,80.6,2899,224.6,2907.9,1,71,13,71,0.94,71
2026-01-15T09:29:56.500Z,46.9436177,10.9679349,80.5,2897.8,219.2,2907.6,1,74,13,74,1.13,74
2026-01-15T09:29:56.600Z,46.9436085,10.9679239,80.5,2896.9,253,2907.1,1,56,11,56,0.83,56
2026-01-15T09:29:56.700Z,46.9436039,10.9679019,80.4,2897.7,270.4,2906.4,1,89,12,89,1.18,89
2026-01-15T09:29:56.800Z,46.9436041,10.9678587,80.4,2897.8,272.6,2906.1,1,44,8,44,0.8,44
2026-01-15T09:29:56.900Z,46.9436046,10.9678427,80.3,2896.8,226.9,2905.7,1,23,8,23,0.67,23
2026-01-15T09:29:57.000Z,46.9435815,10.9678065,80.3,2896.6,262.9,2905.4,1,97,13,97,0.9,97
2026-01-15T09:29:57.100Z,46.9435789,10.9677758,80.3,2895.4,271.6,2904.9,1,34,12,34,1.08,34
2026-01-15T09:29:57.200Z,46.9435795,10.9677449,80.2,2896.1,230.1,2904.4,1,52,13,52,1.05,52
2026-01-15T09:29:57.300Z,46.9435651,10.9677197,80.2,2895.1,246.2,2903.9,1,94,12,94,1.03,94
2026-01-15T09:29:57.400Z,46.9435583,10.9676971,80.1,2894.1,265.3,2903.6,1,90,8,90,1,90
2026-01-15T09:29:57.500Z,46.9435566,10.9676665,80.1,2893.2,287.9,2903.4,1,80,9,80,0.84,80
2026-01-15T09:29:57.600Z,46.9435608,10.9676474,80.1,2893.5,258.6,2902.6,1,23,9,23,1.1,23
2026-01-15T09:29:57.700Z,46.9435563,10.9676148,80,2894,251.6,2902.1,1,60,10,60,1,60
2026-01-15T09:29:57.800Z,46.943548,10.9675782,80,2893,238.8,2902,1,48,11,48,0.95,48
2026-01-15T09:29:57.967Z,46.9435339,10.9675441,79.9,2892.4,248.7,2901.3,1,81,9,81,0.76,81
2026-01-15T09:29:58.133Z,46.9435226,10.9675016,79.8,2892.3,277,2900.8,1,88,10,88,0.69,88
2026-01-15T09:29:58.300Z,46.9435262,10.9674589,79.8,2890.6,263.7,2899.7,1,50,10,50,0.65,50
2026-01-15T09:29:58.467Z,46.9435222,10.9674062,79.7,2890.6,241.1,2898.9,1,28,11,28,1.14,28
2026-01-15T09:29:58.633Z,46.9435044,10.9673589,79.6,2889.1,264.7,2898.5,1,59,8,59,0.88,59
2026-01-15T09:29:58.800Z,46.9435006,10.9672991,79.6,2888.3,258.5,2897.8,1,85,10,85,0.81,85
2026-01-15T09:29:58.967Z,46.9434965,10.9672695,79.5,2887.3,250.9,2897,1,32,9,32,0.64,32
2026-01-15T09:29:59.133Z,46.9434811,10.9672043,79.4,2887.5,237.5,2896.5,1,33,11,33,0.98,33
2026-01-15T09:29:59.300Z,46.9434673,10.9671726,79.4,2887.8,237.9,2895.6,1,55,13,55,1.06,55
2026-01-15T09:29:59.467Z,46.9434506,10.9671336,79.3,2886.3,269.9,2895.2,1,34,9,34,0.81,34
2026-01-15T09:29:59.633Z,46.9434505,10.9670641,79.2,2884.4,222.6,2894.5,1,84,12,84,0.96,84
2026-01-15T09:29:59.800Z,46.9434247,10.9670293,79.2,2885.5,271.2,2893.4,1,62,11,62,0.74,62
2026-01-15T09:29:59.967Z,46.9434252,10.9669935,79.1,2883.3,255.6,2893.1,1,86,8,86,0.98,86
2026-01-15T09:30:00.133Z,46.9434158,10.9669399,79,2882.7,251.1,2892.3,1,31,13,31,1.05,31
2026-01-15T09:30:00.300Z,46.9434036,10.9668878,79,2883.3,228.7,2891.6,1,77,13,77,1.05,77
2026-01-15T09:30:00.467Z,46.9433814,10.9668508,78.9,2882.9,242.8,2890.7,1,51,8,51,0.94,51
2026-01-15T09:30:00.633Z,46.9433683,10.9668134,78.8,2881.2,254.4,2889.9,1,83,12,83,1.15,83
2026-01-15T09:30:00.800Z,46.9433602,10.966771,78.8,2881.1,236.9,2889.6,1,86,9,86,0.76,86
2026-01-15T09:30:00.967Z,46.9433364,10.9667176,78.7,2878.9,258.7,2888.7,1,21,12,21,0.6,21
2026-01-15T09:30:01.133Z,46.9433303,10.966673,78.6,2878,263.9,2888.1,1,62,9,62,0.74,62
2026-01-15T09:30:01.300Z,46.9433264,10.9666192,78.6,2877.7,208.8,2887.4,1,98,12,98,0.73,98
2026-01-15T09:30:01.467Z,46.9433027,10.9666001,78.5,2876.8,253.1,2886.6,1,83,8,83,0.72,83
2026-01-15T09:30:01.633Z,46.9432914,10.9665455,78.4,2877.2,228.3,2886,1,95,12,95,0.72,95
2026-01-15T09:30:01.800Z,46.9432677,10.9665066,78.4,2875.4,231.7,2885.1,1,83,10,83,1.06,83
2026-01-15T09:30:01.967Z,46.9432502,10.9664741,78.3,2876.2,242.8,2884.8,1,52,8,52,0.83,52
2026-01-15T09:30:02.133Z,46.9432375,10.9664379,78.2,2874.2,259.1,2883.8,1,62,11,62,1.17,62
2026-01-15T09:30:02.300Z,46.9432286,10.9663699,78.2,2875,232.3,2883.3,1,57,12,57,0.77,57
2026-01-15T09:30:02.467Z,46.943211,10.9663365,78.1,2873.3,233.4,2882.6,1,90,11,90,0.65,90
2026-01-15T09:30:02.633Z,46.9431904,10.9662959,78,2873.2,234.7,2881.8,1,86,11,86,0.86,86
2026-01-15T09:30:02.800Z,46.9431715,10.9662568,78,2873.1,240.9,2880.9,1,74,11,74,1.11,74
2026-01-15T09:30:02.967Z,46.9431556,10.9662149,77.9,2872.2,221.1,2880.6,1,90,13,90,0.77,90
2026-01-15T09:30:03.133Z,46.9431248,10.9661755,77.8,2871.4,259.6,2880,1,43,10,43,1.19,43
2026-01-15T09:30:03.300Z,46.9431192,10.9661306,77.8,2869.4,220.9,2879.2,1,97,13,97,1.01,97
2026-01-15T09:30:03.467Z,46.9431048,10.9661123,77.7,2868.4,218.9,2878.7,1,94,9,94,0.81,94
2026-01-15T09:30:03.633Z,46.9430743,10.9660762,77.6,2870,257.7,2878,1,25,10,25,0.75,25
2026-01-15T09:30:03.800Z,46.9430649,10.9660133,77.6,2869.1,245.2,2877,1,70,12,70,1.16,70
2026-01-15T09:30:03.967Z,46.9430539,10.9659784,77.5,2867.9,241.2,2876.3,1,40,8,40,1.06,40
2026-01-15T09:30:04.133Z,46.9430339,10.9659252,77.4,2866.6,261.9,2875.4,1,59,13,59,0.67,59
2026-01-15T09:30:04.300Z,46.9430305,10.96589,77.4,2866.9,220.7,2875,1,21,11,21,0.92,21
2026-01-15T09:30:04.467Z,46.9430022,10.9658544,77.3,2864.7,262.2,2874.5,1,87,12,87,0.98,87
2026-01-15T09:30:04.633Z,46.9429995,10.9658256,77.2,2864.7,231.8,2873.6,1,40,8,40,1.16,40
2026-01-15T09:30:04.800Z,46.9429764,10.9657826,77.2,2864.7,261,2873.3,1,45,11,45,1.16,45
2026-01-15T09:30:04.967Z,46.9429697,10.9657204,77.1,2862.3,236.3,2872.6,1,85,13,85,0.77,85
2026-01-15T09:30:05.133Z,46.9429549,10.9656879,77,2862.2,268.5,2871.8,1,33,12,33,0.78,33
2026-01-15T09:30:05.300Z,46.9429539,10.9656336,77,2861.7,250.1,2871.1,1,59,8,59,1.01,59
2026-01-15T09:30:05.467Z,46.9429402,10.9655782,76.9,2860.1,235.5,2870.2,1,92,8,92,0.66,92
2026-01-15T09:30:05.633Z,46.9429263,10.9655486,76.9,2861.4,253.1,2869.4,1,39,11,39,0.71,39
2026-01-15T09:30:05.800Z,46.9429141,10.9654897,76.8,2859,283.5,2868.7,1,40,8,40,1,40
2026-01-15T09:30:05.967Z,46.9429214,10.9654451,76.7,2859.6,247.3,2868.3,1,89,12,89,0.79,89
2026-01-15T09:30:06.133Z,46.9429093,10.9654028,76.7,2857.4,288.1,2867.9,1,88,8,88,1.08,88
2026-01-15T09:30:06.300Z,46.9429172,10.9653675,76.6,2857.5,257,2866.9,1,54,13,54,0.79,54
2026-01-15T09:30:06.467Z,46.9429097,10.9653199,76.5,2857.4,264.1,2866.1,1,49,8,49,0.73,49
2026-01-15T09:30:06.633Z,46.9429066,10.9652759,76.5,2855.7,268.1,2865.4,1,24,8,24,1,24
2026-01-15T09:30:06.800Z,46.9429056,10.9652325,76.4,2855.8,306.1,2865.1,1,89,13,89,1.14,89
2026-01-15T09:30:06.967Z,46.9429265,10.9651905,76.4,2856.2,266.8,2864.2,1,57,10,57,0.79,57
2026-01-15T09:30:07.133Z,46.942924,10.9651243,76.3,2855.2,272.3,2863.4,1,94,11,94,0.62,94
2026-01-15T09:30:07.300Z,46.9429254,10.9650733,76.2,2854.1,292.8,2862.8,1,74,9,74,1.06,74
2026-01-15T09:30:07.467Z,46.9429326,10.9650482,76.2,2853.4,273.2,2862.4,1,52,12,52,1.08,52
2026-01-15T09:30:07.633Z,46.942935,10.9649858,76.1,2852.9,298.3,2861.5,1,40,9,40,1.18,40
2026-01-15T09:30:07.800Z,46.9429474,10.964952,76,2851.3,300.3,2860.8,1,56,13,56,1.03,56
2026-01-15T09:30:07.967Z,46.9429711,10.9648927,76,2850,297.1,2860.5,1,92,10,92,0.67,92
2026-01-15T09:30:08.133Z,46.9429826,10.9648598,75.9,2850,276.3,2859.6,1,75,11,75,0.82,75
2026-01-15T09:30:08.300Z,46.9429863,10.9648109,75.9,2850.1,303.4,2858.9,1,56,10,56,0.96,56
2026-01-15T09:30:08.467Z,46.9429991,10.9647825,75.8,2848.5,326.9,2858,1,25,13,25,0.84,25
2026-01-15T09:30:08.633Z,46.9430322,10.9647509,75.7,2848.8,286.5,2857.4,1,79,8,79,1.11,79
2026-01-15T09:30:08.800Z,46.9430407,10.9647089,75.7,2847.4,317.8,2857,1,56,8,56,0.71,56
2026-01-15T09:30:08.967Z,46.9430619,10.9646807,75.6,2847.7,302.4,2856.3,1,29,8,29,0.75,29
2026-01-15T09:30:09.133Z,46.9430785,10.9646424,75.6,2846,321.6,2855.6,1,97,11,97,0.94,97
2026-01-15T09:30:09.300Z,46.9431088,10.9646072,75.5,2845.6,348.3,2854.8,1,55,9,55,0.94,55
2026-01-15T09:30:09.467Z,46.9431401,10.9645977,75.4,2846.4,299.5,2854.4,1,80,9,80,0.82,80
2026-01-15T09:30:09.633Z,46.9431547,10.9645599,75.4,2845.4,312.7,2853.6,1,29,11,29,0.63,29
2026-01-15T09:30:09.800Z,46.9431758,10.9645264,75.3,2843.8,341.9,2852.8,1,42,12,42,1,42
2026-01-15T09:30:09.967Z,46.9432233,10.9645037,75.3,2842.2,353.7,2852,1,63,11,63,1.14,63
2026-01-15T09:30:10.133Z,46.9432457,10.9645001,75.2,2841.5,348.8,2851.5,1,27,13,27,1.01,27
2026-01-15T09:30:10.300Z,46.9432737,10.964492,75.2,2840.9,348.3,2851.2,1,40,9,40,1.2,40
2026-01-15T09:30:10.467Z,46.943307,10.9644819,75.1,2841.1,355.1,2850.1,1,71,10,71,0.64,71
2026-01-15T09:30:10.633Z,46.9433427,10.9644774,75,2840.2,23.3,2849.9,1,86,8,86,1.19,86
2026-01-15T09:30:10.800Z,46.9433727,10.9644963,75,2840.3,12.7,2849.2,1,37,10,37,0.78,37
2026-01-15T09:30:10.967Z,46.9434025,10.9645061,74.9,2838.8,336,2848,1,49,12,49,0.93,49
2026-01-15T09:30:11.133Z,46.9434304,10.9644879,74.9,2837.7,28.2,2847.4,1,90,9,90,0.64,90
2026-01-15T09:30:11.300Z,46.9434545,10.9645068,74.8,2838.6,11.1,2846.9,1,64,10,64,0.66,64
2026-01-15T09:30:11.467Z,46.9434868,10.9645161,74.8,2837.8,338.9,2846.1,1,22,13,22,1.16,22
2026-01-15T09:30:11.633Z,46.9435137,10.9645009,74.7,2835.5,8.7,2845.6,1,56,9,56,0.82,56
2026-01-15T09:30:11.800Z,46.9435559,10.9645104,74.7,2834.9,39.8,2845,1,91,8,91,1.01,91
2026-01-15T09:30:11.967Z,46.9435813,10.9645414,74.6,2835.8,346,2844.4,1,45,8,45,0.62,45
2026-01-15T09:30:12.133Z,46.9436059,10.9645324,74.5,2835.9,2.3,2843.5,1,54,12,54,0.75,54
2026-01-15T09:30:12.300Z,46.9436405,10.9645344,74.5,2833,27.3,2843.3,1,55,8,55,1.03,55
2026-01-15T09:30:12.467Z,46.9436769,10.9645619,74.4,2834.5,353.8,2842.5,1,88,8,88,1.03,88
2026-01-15T09:30:12.633Z,46.9437072,10.9645571,74.4,2833.9,22.3,2841.5,1,26,13,26,0.6,26
2026-01-15T09:30:12.800Z,46.9437445,10.9645795,74.3,2832.7,17.9,2841,1,51,12,51,0.98,51
2026-01-15T09:30:12.967Z,46.9437737,10.9645933,74.3,2832.5,357.6,2840.5,1,91,13,91,1.01,91
2026-01-15T09:30:13.133Z,46.9438052,10.9645914,74.2,2830.9,44.4,2839.7,1,78,11,78,0.75,78
2026-01-15T09:30:13.300Z,46.9438265,10.9646219,74.2,2831.1,3.1,2838.9,1,96,9,96,0.91,96
2026-01-15T09:30:13.467Z,46.9438556,10.9646242,74.1,2828.9,359.5,2838.3,1,85,9,85,1.19,85
2026-01-15T09:30:13.633Z,46.9438799,10.9646239,74.1,2829.3,30.2,2837.8,1,91,9,91,0.9,91
2026-01-15T09:30:13.800Z,46.9439221,10.9646599,74,2827.6,0.6,2837.5,1,24,12,24,0.64,24
2026-01-15T09:30:13.967Z,46.9439491,10.9646603,74,2828.7,24.5,2836.8,1,40,11,40,0.75,40
2026-01-15T09:30:14.133Z,46.9439801,10.964681,73.9,2827.7,6.9,2836,1,76,9,76,1.11,76
2026-01-15T09:30:14.300Z,46.944007,10.9646858,73.9,2826.5,50.2,2835.4,1,58,13,58,1.07,58
2026-01-15T09:30:14.467Z,46.9440237,10.9647152,73.8,2826.6,349.6,2834.3,1,46,13,46,0.88,46
2026-01-15T09:30:14.633Z,46.9440645,10.9647042,73.8,2824,25.2,2833.9,1,92,10,92,1.02,92
2026-01-15T09:30:14.800Z,46.9440931,10.9647239,73.7,2825.1,21.3,2833.5,1,32,13,32,0.81,32
2026-01-15T09:30:14.967Z,46.9441285,10.9647441,73.7,2823.9,1.1,2832.8,1,88,13,88,0.72,88
2026-01-15T09:30:15.133Z,46.9441531,10.9647448,73.6,2823.8,24.6,2832.1,1,52,8,52,0.72,52
2026-01-15T09:30:15.300Z,46.944189,10.9647689,73.6,2821.7,344.8,2831.5,1,59,8,59,0.82,59
2026-01-15T09:30:15.467Z,46.9442201,10.9647565,73.5,2821.6,21.1,2830.6,1,52,10,52,0.81,52
2026-01-15T09:30:15.633Z,46.9442464,10.9647714,73.5,2822,357.4,2830.1,1,89,13,89,0.71,89
2026-01-15T09:30:15.800Z,46.9442792,10.9647692,73.4,2821.6,60.7,2829.6,1,42,8,42,1.11,42
2026-01-15T09:30:15.967Z,46.9442931,10.9648055,73.4,2819.3,354.8,2828.6,1,67,8,67,0.72,67
2026-01-15T09:30:16.133Z,46.9443342,10.9648,73.3,2818.3,353.1,2827.9,1,71,9,71,0.61,71
2026-01-15T09:30:16.300Z,46.9443686,10.9647939,73.3,2818.9,21.3,2827.4,1,69,12,69,1.1,69
2026-01-15T09:30:16.467Z,46.9443872,10.9648045,73.2,2816.9,343,2827,1,90,11,90,0.63,90
2026-01-15T09:30:16.633Z,46.9444137,10.9647926,73.2,2816.7,358,2826.4,1,42,11,42,0.93,42
2026-01-15T09:30:16.800Z,46.9444522,10.9647906,73.1,2817.6,357.5,2825.5,1,72,13,72,1.13,72
2026-01-15T09:30:16.967Z,46.9444834,10.9647886,73.1,2815.9,357.8,2824.8,1,33,9,33,0.67,33
2026-01-15T09:30:17.133Z,46.94451,10.9647871,73.1,2815.6,1.7,2824.6,1,85,9,85,1.1,85
2026-01-15T09:30:17.300Z,46.9445522,10.9647889,73,2814.3,5,2823.6,1,98,11,98,0.7,98
2026-01-15T09:30:17.467Z,46.9445662,10.9647907,73,2813.4,343.9,2823.2,1,34,9,34,0.61,34
2026-01-15T09:30:17.633Z,46.9446077,10.9647732,72.9,2814.4,346.9,2822.2,1,26,13,26,0.62,26
2026-01-15T09:30:17.800Z,46.9446309,10.9647653,72.9,2813,1.9,2821.6,1,48,11,48,1.19,48
2026-01-15T09:30:17.967Z,46.9446665,10.964767,72.8,2811.6,4.1,2821.2,1,28,13,28,0.84,28
2026-01-15T09:30:18.133Z,46.9447052,10.9647711,72.8,2810.3,328.6,2820.6,1,53,12,53,0.92,53
2026-01-15T09:30:18.300Z,46.9447276,10.9647511,72.8,2810.7,353.1,2819.7,1,90,8,90,0.69,90
2026-01-15T09:30:18.467Z,46.9447519,10.9647468,72.7,2811.3,359.4,2819.3,1,80,9,80,1.01,80
2026-01-15T09:30:18.633Z,46.9447954,10.9647461,72.7,2810.3,351.8,2818.4,1,30,9,30,1.04,30
2026-01-15T09:30:18.800Z,46.9448209,10.9647407,72.6,2809.5,7.1,2818.2,1,31,13,31,0.71,31
2026-01-15T09:30:18.967Z,46.9448537,10.9647467,72.6,2807.3,343,2817.3,1,21,13,21,0.61,21
2026-01-15T09:30:19.133Z,46.9448789,10.9647354,72.5,2806.7,347.6,2816.8,1,31,10,31,0.64,31
2026-01-15T09:30:19.300Z,46.9449122,10.9647247,72.5,2807.8,27.4,2815.8,1,93,8,93,0.84,93
2026-01-15T09:30:19.467Z,46.9449276,10.9647364,72.5,2806.1,325.2,2815.6,1,45,11,45,1,45
2026-01-15T09:30:19.633Z,46.9449632,10.9647002,72.4,2806.9,10.9,2815,1,45,9,45,0.96,45
2026-01-15T09:30:19.800Z,46.9449892,10.9647075,72.4,2805.9,345.3,2813.9,1,69,13,69,1.03,69
2026-01-15T09:30:19.967Z,46.9450296,10.964692,72.3,2803.7,22.8,2813.5,1,97,9,97,0.73,97
2026-01-15T09:30:20.133Z,46.9450548,10.9647075,72.3,2803.2,324.6,2812.7,1,90,8,90,1.08,90
2026-01-15T09:30:20.300Z,46.945088,10.964673,72.3,2803.8,26.7,2812.5,1,41,12,41,0.74,41
2026-01-15T09:30:20.467Z,46.9451067,10.9646868,72.2,2802.7,332.4,2811.8,1,23,11,23,0.96,23
2026-01-15T09:30:20.633Z,46.9451429,10.9646591,72.2,2801.6,359.3,2811,1,43,11,43,0.77,43
2026-01-15T09:30:20.800Z,46.9451779,10.9646585,72.2,2800.3,354.6,2810.1,1,69,12,69,1.06,69
2026-01-15T09:30:20.967Z,46.9451974,10.9646558,72.1,2799.7,4.6,2809.6,1,50,12,50,1.11,50
2026-01-15T09:30:21.133Z,46.945242,10.9646611,72.1,2800.3,316.3,2808.8,1,52,12,52,1.11,52
2026-01-15T09:30:21.300Z,46.9452642,10.96463,72,2798.5,9.5,2808.1,1,54,8,54,0.97,54
2026-01-15T09:30:21.467Z,46.9452997,10.9646387,72,2797.5,358.9,2807.5,1,84,10,84,0.97,84
2026-01-15T09:30:21.633Z,46.9453172,10.9646382,72,2797.6,330,2806.8,1,74,9,74,0.74,74
2026-01-15T09:30:21.800Z,46.945344,10.9646155,71.9,2798.5,349.7,2806.7,1,71,8,71,0.62,71
2026-01-15T09:30:21.967Z,46.9453788,10.9646062,71.9,2797.1,358.2,2805.7,1,89,12,89,0.66,89
2026-01-15T09:30:22.133Z,46.945409,10.9646048,71.9,2795.4,1.1,2805.4,1,24,9,24,0.65,24
2026-01-15T09:30:22.300Z,46.9454336,10.9646055,71.8,2795.5,341,2804.4,1,31,8,31,0.75,31
2026-01-15T09:30:22.467Z,46.9454599,10.9645922,71.8,2794.4,352.2,2804.2,1,83,9,83,0.65,83
2026-01-15T09:30:22.633Z,46.945498,10.9645846,71.8,2794.2,16.7,2803.1,1,86,12,86,1.09,86
2026-01-15T09:30:22.800Z,46.945535,10.9646009,71.7,2794,340.4,2802.8,1,98,10,98,0.76,98
2026-01-15T09:30:22.967Z,46.9455547,10.9645906,71.7,2793.2,12.1,2802.1,1,54,9,54,0.97,54
2026-01-15T09:30:23.133Z,46.9455852,10.9646002,71.7,2792.5,350.9,2801.2,1,25,8,25,0.69,25
2026-01-15T09:30:23.300Z,46.9456262,10.9645906,71.6,2791,338,2800.8,1,77,9,77,0.93,77
2026-01-15T09:30:23.467Z,46.9456463,10.9645787,71.6,2790.7,14.9,2800.4,1,83,13,83,0.81,83
2026-01-15T09:30:23.633Z,46.945674,10.9645895,71.6,2790.1,358.9,2799.4,1,69,10,69,0.83,69
2026-01-15T09:30:23.800Z,46.9456985,10.9645888,71.6,2788.8,338.4,2799.1,1,75,12,75,0.63,75
2026-01-15T09:30:23.967Z,46.9457431,10.9645629,71.5,2789.3,346.5,2798.3,1,53,9,53,0.67,53
2026-01-15T09:30:24.133Z,46.9457605,10.9645568,71.5,2789.1,17,2797.4,1,48,10,48,0.67,48
2026-01-15T09:30:24.300Z,46.9458062,10.9645773,71.5,2787.9,359.1,2797.2,1,93,8,93,0.79,93
2026-01-15T09:30:24.467Z,46.9458317,10.9645767,71.4,2787.9,333.9,2796.4,1,74,11,74,1.01,74
2026-01-15T09:30:24.633Z,46.9458583,10.9645576,71.4,2787.1,23.1,2795.6,1,31,10,31,0.87,31
2026-01-15T09:30:24.800Z,46.945893,10.9645793,71.4,2785.7,351.3,2795.3,1,81,11,81,0.98,81
2026-01-15T09:30:24.967Z,46.9459135,10.9645747,71.3,2785.5,27.6,2794.7,1,83,9,83,1.07,83
2026-01-15T09:30:25.133Z,46.9459395,10.9645946,71.3,2785.5,353.9,2794.2,1,81,13,81,1.01,81
2026-01-15T09:30:25.300Z,46.9459824,10.9645879,71.3,2783.9,349.5,2793,1,53,9,53,0.88,53
2026-01-15T09:30:25.467Z,46.9459972,10.9645839,71.3,2782.7,1.3,2792.7,1,62,8,62,0.72,62
2026-01-15T09:30:25.633Z,46.94604,10.9645853,71.2,2783,36.7,2791.8,1,43,13,43,0.93,43
2026-01-15T09:30:25.800Z,46.9460644,10.9646119,71.2,2783,6.8,2791.3,1,99,9,99,0.71,99
2026-01-15T09:30:25.967Z,46.9460943,10.9646171,71.2,2782.3,346.7,2791,1,53,11,53,0.73,53
2026-01-15T09:30:26.133Z,46.9461301,10.9646047,71.2,2779.9,40.9,2790.2,1,54,11,54,0.88,54
2026-01-15T09:30:26.300Z,46.9461571,10.9646389,71.1,2780.7,3.3,2789.4,1,36,12,36,0.78,36
2026-01-15T09:30:26.467Z,46.9461787,10.9646407,71.1,2779,24.5,2788.9,1,72,12,72,0.79,72
2026-01-15T09:30:26.633Z,46.9462156,10.9646653,71.1,2778.5,1.9,2788.3,1,51,12,51,0.96,51
2026-01-15T09:30:26.800Z,46.9462442,10.9646667,71.1,2779.5,49.9,2787.6,1,34,12,34,1,34
2026-01-15T09:30:26.967Z,46.9462579,10.9646905,71,2777.5,354.9,2787.1,1,21,9,21,1.05,21
2026-01-15T09:30:27.133Z,46.9462854,10.9646869,71,2777.2,0.5,2786.7,1,59,9,59,0.67,59
2026-01-15T09:30:27.300Z,46.9463287,10.9646875,71,2776.7,26.9,2785.5,1,88,10,88,0.64,88
2026-01-15T09:30:27.467Z,46.9463467,10.9647009,71,2776.1,16.5,2785,1,74,12,74,0.67,74
2026-01-15T09:30:27.633Z,46.9463823,10.9647163,71,2776.6,28.4,2784.3,1,31,12,31,0.72,31
2026-01-15T09:30:27.800Z,46.9464048,10.9647341,70.9,2775.7,30.1,2784,1,82,9,82,0.89,82
2026-01-15T09:30:27.967Z,46.9464356,10.9647603,70.9,2773.9,20.4,2783.2,1,78,10,78,0.73,78
2026-01-15T09:30:28.133Z,46.9464679,10.9647779,70.9,2774.7,18.2,2782.8,1,27,13,27,1.01,27
2026-01-15T09:30:28.300Z,46.9464812,10.9647843,70.9,2774.2,23,2781.9,1,72,13,72,0.78,72
2026-01-15T09:30:28.467Z,46.9465077,10.9648008,70.9,2771.6,17.4,2781.3,1,28,9,28,1.18,28
2026-01-15T09:30:28.633Z,46.9465416,10.9648164,70.8,2772.6,45.4,2781,1,83,13,83,1.01,83
2026-01-15T09:30:28.800Z,46.9465728,10.9648627,70.8,2771.1,355.9,2779.9,1,67,8,67,0.78,67
2026-01-15T09:30:28.967Z,46.9465813,10.9648618,70.8,2769.7,24.4,2779.5,1,53,11,53,0.79,53
2026-01-15T09:30:29.133Z,46.9466215,10.9648885,70.8,2770.6,37.3,2779,1,28,9,28,0.81,28
2026-01-15T09:30:29.300Z,46.9466404,10.9649096,70.8,2770.2,30.6,2778.6,1,64,11,64,1,64
2026-01-15T09:30:29.467Z,46.9466716,10.9649366,70.7,2768.5,20.5,2777.9,1,95,12,95,0.72,95
2026-01-15T09:30:29.633Z,46.9466995,10.9649519,70.7,2768.8,22.5,2777,1,95,10,95,1.04,95
2026-01-15T09:30:29.800Z,46.9467264,10.9649682,70.7,2766.6,8.1,2776.7,1,54,12,54,0.61,54
2026-01-15T09:30:29.967Z,46.9467537,10.9649739,70.7,2766.6,353.4,2775.8,1,34,11,34,1.19,34
2026-01-15T09:30:30.133Z,46.9467766,10.96497,70.7,2765.7,341.9,2775.3,1,98,8,98,1.18,98
2026-01-15T09:30:30.300Z,46.9468031,10.9649573,70.7,2766.7,4.8,2774.5,1,45,8,45,0.81,45
2026-01-15T09:30:30.467Z,46.9468418,10.9649621,70.7,2764.3,16.9,2774,1,34,10,34,0.98,34
2026-01-15T09:30:30.633Z,46.9468735,10.9649762,70.6,2765.1,355.4,2773.3,1,94,12,94,0.68,94
2026-01-15T09:30:30.800Z,46.9469069,10.9649723,70.6,2763.5,6.6,2772.5,1,66,11,66,1.13,66
2026-01-15T09:30:30.967Z,46.9469311,10.9649764,70.6,2764,17.2,2772.3,1,96,11,96,0.88,96
2026-01-15T09:30:31.133Z,46.9469659,10.9649922,70.6,2763.7,321.2,2771.4,1,67,11,67,0.66,67
2026-01-15T09:30:31.300Z,46.9469817,10.9649736,70.6,2761.9,7.8,2770.8,1,45,9,45,0.85,45
2026-01-15T09:30:31.467Z,46.9470066,10.9649786,70.6,2760.6,1.6,2770.4,1,22,8,22,0.84,22
2026-01-15T09:30:31.633Z,46.9470489,10.9649803,70.6,2761.3,3.5,2769.7,1,78,8,78,1.12,78
2026-01-15T09:30:31.800Z,46.9470757,10.9649827,70.6,2761.3,351,2769.2,1,35,10,35,1,35
2026-01-15T09:30:31.967Z,46.9471072,10.9649754,70.5,2758.4,30.3,2768.6,1,79,8,79,1.18,79
2026-01-15T09:30:32.133Z,46.9471233,10.9649892,70.5,2759.1,334.7,2767.8,1,31,8,31,0.96,31
2026-01-15T09:30:32.300Z,46.9471693,10.9649573,70.5,2757.9,353,2767.3,1,86,9,86,0.98,86
2026-01-15T09:30:32.467Z,46.9471922,10.9649532,70.5,2757.7,338.9,2766.6,1,59,10,59,0.91,59
2026-01-15T09:30:32.633Z,46.9472131,10.9649414,70.5,2757.4,350.8,2766.2,1,64,9,64,0.79,64
2026-01-15T09:30:32.800Z,46.9472414,10.9649347,70.5,2755.4,4.6,2765.2,1,73,10,73,0.73,73
2026-01-15T09:30:32.967Z,46.9472743,10.9649386,70.5,2755.9,336.9,2765,1,42,12,42,0.69,42
2026-01-15T09:30:33.133Z,46.9472973,10.9649242,70.5,2754.2,347.4,2763.8,1,62,13,62,0.99,62
2026-01-15T09:30:33.300Z,46.9473403,10.9649101,70.5,2753.7,13.4,2763.6,1,68,12,68,1.16,68
2026-01-15T09:30:33.467Z,46.9473621,10.9649177,70.5,2753.9,2.7,2762.7,1,96,9,96,1.07,96
2026-01-15T09:30:33.633Z,46.9473882,10.9649195,70.5,2753.2,337.3,2762.3,1,50,9,50,0.62,50
2026-01-15T09:30:33.800Z,46.947431,10.9648933,70.4,2752.2,23.2,2761.4,1,36,12,36,0.95,36
2026-01-15T09:30:33.967Z,46.9474407,10.9648994,70.4,2751.4,349.3,2761.1,1,37,12,37,0.9,37
2026-01-15T09:30:34.133Z,46.9474751,10.9648899,70.4,2751.8,354.3,2760.2,1,97,12,97,0.78,97
2026-01-15T09:30:34.300Z,46.9475177,10.9648837,70.4,2749.7,350,2759.8,1,58,8,58,0.82,58
2026-01-15T09:30:34.467Z,46.9475309,10.9648803,70.4,2748.9,350.1,2759.4,1,99,13,99,1.12,99
2026-01-15T09:30:34.633Z,46.9475694,10.9648705,70.4,2749.3,340,2758.7,1,50,11,50,1.13,50
2026-01-15T09:30:34.800Z,46.9476004,10.964854,70.4,2749,321.2,2757.7,1,24,13,24,0.86,24
2026-01-15T09:30:34.967Z,46.9476171,10.9648343,70.4,2748.1,8,2757.2,1,61,13,61,1.12,61
2026-01-15T09:30:35.133Z,46.9476602,10.9648432,70.4,2747.7,343.7,2756.7,1,73,13,73,1.04,73
2026-01-15T09:30:35.300Z,46.9476883,10.9648312,70.4,2747.6,6,2756.2,1,30,13,30,0.85,30
2026-01-15T09:30:35.467Z,46.9477141,10.9648352,70.4,2747.4,336.6,2755.6,1,52,12,52,1.05,52
2026-01-15T09:30:35.633Z,46.9477376,10.9648203,70.4,2745.7,354.4,2754.8,1,25,11,25,0.94,25
2026-01-15T09:30:35.800Z,46.947775,10.9648149,70.4,2745.2,309.2,2754.3,1,70,8,70,0.74,70
2026-01-15T09:30:35.967Z,46.9477877,10.9647921,70.4,2745.3,11.6,2753.6,1,50,10,50,0.86,50
2026-01-15T09:30:36.133Z,46.9478329,10.9648057,70.4,2744.4,318.8,2753,1,84,12,84,1.18,84
2026-01-15T09:30:36.300Z,46.947857,10.9647748,70.4,2743.8,354.1,2752.5,1,97,9,97,0.9,97
2026-01-15T09:30:36.467Z,46.9478863,10.9647704,70.4,2743.8,348.8,2751.9,1,40,13,40,0.7,40
2026-01-15T09:30:36.633Z,46.9479059,10.9647647,70.4,2742.5,337.2,2751.3,1,87,10,87,1.11,87
2026-01-15T09:30:36.800Z,46.9479358,10.9647463,70.4,2741.6,341.2,2750.3,1,24,9,24,0.67,24
2026-01-15T09:30:36.967Z,46.9479557,10.9647364,70.4,2741.9,321.7,2750.1,1,86,10,86,1.1,86
2026-01-15T09:30:37.133Z,46.947988,10.9646991,70.4,2741.1,327.8,2749.3,1,20,9,20,0.9,20
2026-01-15T09:30:37.300Z,46.9480128,10.9646762,70.4,2739.1,355.4,2748.5,1,95,8,95,0.85,95
2026-01-15T09:30:37.467Z,46.9480397,10.964673,70.4,2739.7,331.3,2748,1,28,13,28,0.76,28
2026-01-15T09:30:37.633Z,46.9480623,10.9646549,70.4,2738,342.4,2747.5,1,45,12,45,0.7,45
2026-01-15T09:30:37.800Z,46.9481046,10.9646352,70.4,2736.8,338.3,2746.6,1,97,8,97,0.91,97
2026-01-15T09:30:37.967Z,46.9481313,10.9646196,70.4,2738.4,324.9,2746,1,35,13,35,1.05,35
2026-01-15T09:30:38.133Z,46.9481484,10.964602,70.4,2737.8,325.7,2745.5,1,94,13,94,1.06,94
2026-01-15T09:30:38.300Z,46.9481752,10.9645752,70.4,2736.8,11.9,2744.8,1,49,13,49,0.93,49
2026-01-15T09:30:38.467Z,46.9482046,10.9645843,70.4,2735.2,329.6,2744.4,1,51,12,51,0.91,51
2026-01-15T09:30:38.633Z,46.9482293,10.9645631,70.4,2733.8,338.9,2743.6,1,52,11,52,1.18,52
2026-01-15T09:30:38.800Z,46.9482507,10.964551,70.4,2733.2,328.2,2743,1,25,12,25,0.65,25
2026-01-15T09:30:38.967Z,46.9482908,10.9645146,70.5,2732.9,352.1,2742.4,1,30,11,30,1.06,30
2026-01-15T09:30:39.133Z,46.9483066,10.9645114,70.5,2732,312.5,2741.9,1,20,11,20,1.12,20
2026-01-15T09:30:39.300Z,46.9483306,10.9644731,70.5,2731.1,352.4,2741,1,52,11,52,0.79,52
2026-01-15T09:30:39.467Z,46.9483684,10.9644657,70.5,2732.7,359.3,2740.4,1,63,10,63,0.72,63
2026-01-15T09:30:39.633Z,46.9484014,10.9644651,70.5,2730,316.4,2739.9,1,55,12,55,0.66,55
2026-01-15T09:30:39.800Z,46.9484238,10.9644338,70.5,2730.3,357.9,2739.5,1,83,10,83,0.74,83
2026-01-15T09:30:39.967Z,46.9484494,10.9644324,70.5,2730.6,324.4,2738.7,1,39,11,39,0.91,39
2026-01-15T09:30:40.133Z,46.9484793,10.964401,70.5,2728.6,336.4,2737.9,1,39,10,39,0.72,39
2026-01-15T09:30:40.300Z,46.9485018,10.9643866,70.5,2728.7,347.6,2737.4,1,73,13,73,1.11,73
2026-01-15T09:30:40.467Z,46.9485415,10.9643738,70.5,2728.5,1.5,2737,1,90,13,90,0.65,90
2026-01-15T09:30:40.633Z,46.9485651,10.9643747,70.5,2728.3,333.8,2736.5,1,92,8,92,0.65,92
2026-01-15T09:30:40.800Z,46.9485991,10.9643502,70.5,2726.8,319.8,2735.9,1,51,12,51,0.6,51
2026-01-15T09:30:40.967Z,46.9486134,10.9643325,70.6,2725.9,351.4,2735,1,34,8,34,0.85,34
2026-01-15T09:30:41.133Z,46.9486427,10.964326,70.6,2724.9,358.3,2734.2,1,98,13,98,0.72,98
2026-01-15T09:30:41.300Z,46.9486734,10.9643247,70.6,2725.7,348.7,2733.8,1,25,13,25,1.09,25
2026-01-15T09:30:41.467Z,46.9487047,10.9643155,70.6,2723.4,330.8,2732.9,1,50,8,50,0.62,50
2026-01-15T09:30:41.633Z,46.9487306,10.9642943,70.6,2724.2,345.2,2732.9,1,49,13,49,0.85,49
2026-01-15T09:30:41.800Z,46.9487614,10.9642824,70.6,2724.2,352.7,2732.1,1,30,12,30,0.84,30
2026-01-15T09:30:41.967Z,46.9487884,10.9642773,70.6,2722.9,333.2,2731.4,1,58,13,58,1.17,58
2026-01-15T09:30:42.133Z,46.948818,10.9642554,70.6,2721.3,359.1,2730.6,1,42,12,42,1.14,42
2026-01-15T09:30:42.300Z,46.9488409,10.9642549,70.7,2721.4,331.5,2730.2,1,21,11,21,0.91,21
2026-01-15T09:30:42.467Z,46.9488629,10.9642374,70.7,2721.2,348.7,2729.8,1,27,13,27,0.72,27
2026-01-15T09:30:42.633Z,46.9489067,10.9642246,70.7,2720.3,340.8,2728.9,1,56,9,56,1.05,56
2026-01-15T09:30:42.800Z,46.9489297,10.9642129,70.7,2719.9,342.5,2728.4,1,46,12,46,1.05,46
2026-01-15T09:30:42.967Z,46.9489477,10.9642046,70.7,2719.2,345.6,2727.6,1,22,12,22,1.02,22
2026-01-15T09:30:43.133Z,46.9489919,10.964188,70.7,2719,359.4,2726.9,1,66,13,66,0.71,66
2026-01-15T09:30:43.300Z,46.9490059,10.9641878,70.8,2718.1,320.6,2726.6,1,24,13,24,0.81,24
2026-01-15T09:30:43.467Z,46.9490338,10.9641542,70.8,2718,9.2,2726.1,1,36,9,36,1.03,36
2026-01-15T09:30:43.633Z,46.9490696,10.9641627,70.8,2715.1,326.1,2725.2,1,62,11,62,0.95,62
2026-01-15T09:30:43.800Z,46.9490937,10.964139,70.8,2715.2,7.4,2724.5,1,44,9,44,0.97,44
2026-01-15T09:30:43.967Z,46.9491272,10.9641454,70.8,2713.8,332.2,2723.9,1,98,8,98,0.75,98
2026-01-15T09:30:44.133Z,46.9491579,10.9641217,70.9,2714.9,11,2723.6,1,70,8,70,0.61,70
2026-01-15T09:30:44.300Z,46.9491891,10.9641306,70.9,2713.5,348.3,2722.9,1,67,13,67,0.7,67
2026-01-15T09:30:44.467Z,46.9492147,10.9641228,70.9,2712,317.7,2721.8,1,69,12,69,1.1,69
2026-01-15T09:30:44.633Z,46.9492351,10.9640956,70.9,2712.5,11.5,2721.5,1,43,12,43,1.05,43
2026-01-15T09:30:44.800Z,46.9492798,10.9641089,70.9,2712.5,332.2,2721,1,79,8,79,1.15,79
2026-01-15T09:30:44.967Z,46.9492988,10.9640942,71,2711.2,355.4,2720,1,77,10,77,0.94,77
2026-01-15T09:30:45.133Z,46.9493312,10.9640904,71,2711.2,329.8,2719.6,1,81,10,81,0.74,81
2026-01-15T09:30:45.300Z,46.9493593,10.9640664,71,2709.9,3.1,2718.7,1,86,13,86,0.75,86
2026-01-15T09:30:45.467Z,46.949396,10.9640693,71,2709.5,4.6,2718.4,1,79,12,79,0.72,79
2026-01-15T09:30:45.633Z,46.9494148,10.9640715,71,2708.2,358.8,2717.8,1,42,12,42,0.83,42
2026-01-15T09:30:45.800Z,46.9494444,10.9640706,71.1,2707,7.7,2717.2,1,40,11,40,1.01,40
2026-01-15T09:30:45.967Z,46.949469,10.9640755,71.1,2706.6,354.1,2716.4,1,95,8,95,0.66,95
2026-01-15T09:30:46.133Z,46.9495066,10.9640698,71.1,2706.4,341.2,2715.9,1,30,13,30,0.83,30
2026-01-15T09:30:46.300Z,46.9495399,10.9640532,71.1,2706.3,25.4,2715.2,1,73,10,73,0.93,73
2026-01-15T09:30:46.467Z,46.9495724,10.9640758,71.2,2705.7,0.5,2714.4,1,30,8,30,1.19,30
2026-01-15T09:30:46.633Z,46.9495968,10.9640761,71.2,2703.9,3,2714.1,1,92,10,92,0.85,92
2026-01-15T09:30:46.800Z,46.9496285,10.9640785,71.2,2705.3,30,2713.1,1,97,11,97,0.89,97
2026-01-15T09:30:46.967Z,46.9496516,10.964098,71.2,2704.2,25.7,2712.8,1,57,10,57,1.07,57
2026-01-15T09:30:47.133Z,46.9496863,10.9641225,71.3,2701.8,1.9,2712.3,1,94,13,94,0.9,94
2026-01-15T09:30:47.300Z,46.9497152,10.9641239,71.3,2703,23.3,2711.6,1,93,8,93,1.1,93
2026-01-15T09:30:47.467Z,46.9497387,10.9641387,71.3,2702.4,17,2711,1,98,10,98,0.61,98
2026-01-15T09:30:47.633Z,46.9497698,10.9641526,71.3,2701.9,59.9,2710.4,1,30,12,30,0.75,30
2026-01-15T09:30:47.800Z,46.9497815,10.9641822,71.4,2699.8,35.5,2709.5,1,62,9,62,1.03,62
2026-01-15T09:30:47.967Z,46.949816,10.9642182,71.4,2700.5,23.9,2708.7,1,73,9,73,1.02,73
2026-01-15T09:30:48.133Z,46.9498397,10.9642336,71.4,2699,18.6,2708.2,1,72,12,72,1.08,72
2026-01-15T09:30:48.300Z,46.9498634,10.9642453,71.5,2698.1,36.8,2707.4,1,98,8,98,0.98,98
2026-01-15T09:30:48.467Z,46.9498923,10.964277,71.5,2698.7,359.7,2707.2,1,37,11,37,1.13,37
2026-01-15T09:30:48.633Z,46.9499164,10.9642768,71.5,2696.7,34.2,2706.3,1,76,9,76,0.81,76
2026-01-15T09:30:48.800Z,46.9499493,10.9643096,71.5,2696.6,31.6,2705.8,1,52,12,52,0.65,52
2026-01-15T09:30:48.967Z,46.9499698,10.9643281,71.6,2697.4,52.3,2704.9,1,43,11,43,0.7,43
2026-01-15T09:30:49.133Z,46.9499834,10.9643539,71.6,2696.6,29.1,2704.5,1,21,10,21,1.03,21
2026-01-15T09:30:49.300Z,46.9500242,10.9643872,71.6,2695.8,55.1,2703.9,1,83,9,83,0.69,83
2026-01-15T09:30:49.467Z,46.950042,10.9644246,71.7,2695,355,2703.6,1,30,11,30,0.95,30
2026-01-15T09:30:49.633Z,46.9500576,10.9644226,71.7,2693.2,49.3,2702.8,1,94,13,94,0.71,94
2026-01-15T09:30:49.800Z,46.9500871,10.9644728,71.7,2691.8,21.2,2701.9,1,82,12,82,0.63,82
2026-01-15T09:30:49.967Z,46.9501183,10.9644905,71.8,2692.8,36,2701.7,1,73,11,73,0.67,73
2026-01-15T09:30:50.133Z,46.9501421,10.9645158,71.8,2692.1,21.4,2700.5,1,46,10,46,1.14,46
2026-01-15T09:30:50.300Z,46.9501569,10.9645243,71.8,2690.5,35.3,2700.2,1,28,10,28,0.87,28
2026-01-15T09:30:50.467Z,46.9501903,10.964559,71.9,2691.6,55,2699.5,1,98,12,98,0.68,98
2026-01-15T09:30:50.633Z,46.9502038,10.9645872,71.9,2690.4,43.4,2698.7,1,56,12,56,0.66,56
2026-01-15T09:30:50.800Z,46.9502273,10.9646198,71.9,2689.7,67.4,2698.3,1,69,8,69,0.63,69
2026-01-15T09:30:50.967Z,46.9502385,10.9646592,72,2689.6,45.1,2697.4,1,91,11,91,1.16,91
2026-01-15T09:30:51.133Z,46.9502693,10.9647045,72,2688.2,62.3,2697,1,81,9,81,1.13,81
2026-01-15T09:30:51.300Z,46.9502823,10.9647407,72,2687,79.2,2696.3,1,80,13,80,0.73,80
2026-01-15T09:30:51.467Z,46.9502871,10.9647777,72.1,2687.9,36.8,2695.6,1,59,8,59,1.07,59
2026-01-15T09:30:51.633Z,46.9503188,10.9648125,72.1,2685.3,55.9,2695,1,49,8,49,0.81,49
2026-01-15T09:30:51.800Z,46.950335,10.9648476,72.1,2685.9,76.9,2694.4,1,25,13,25,1.13,25
2026-01-15T09:30:51.967Z,46.9503397,10.9648773,72.2,2684.5,53.8,2693.6,1,54,8,54,0.61,54
2026-01-15T09:30:52.133Z,46.9503628,10.9649236,72.2,2683.6,37.7,2693,1,86,8,86,0.98,86
2026-01-15T09:30:52.300Z,46.9503858,10.9649496,72.3,2683.7,87,2692.9,1,57,11,57,0.7,57
2026-01-15T09:30:52.467Z,46.9503878,10.9650062,72.3,2681.9,51.5,2691.8,1,69,9,69,0.65,69
2026-01-15T09:30:52.633Z,46.9504052,10.9650383,72.3,2683,64.9,2691.6,1,59,8,59,0.62,59
2026-01-15T09:30:52.800Z,46.9504176,10.9650771,72.4,2682.6,61.9,2690.6,1,29,9,29,1.1,29
2026-01-15T09:30:52.967Z,46.9504313,10.9651147,72.4,2682.1,53.1,2690,1,64,9,64,0.86,64
2026-01-15T09:30:53.133Z,46.9504554,10.9651618,72.5,2679.6,94.3,2689.6,1,81,10,81,1.2,81
2026-01-15T09:30:53.300Z,46.950454,10.9651892,72.5,2680.3,58.9,2689,1,41,10,41,0.72,41
2026-01-15T09:30:53.467Z,46.9504678,10.9652227,72.5,2679.2,53.3,2687.9,1,86,11,86,1.19,86
2026-01-15T09:30:53.633Z,46.9504955,10.9652772,72.6,2679.4,98.6,2687.6,1,49,12,49,0.63,49
2026-01-15T09:30:53.800Z,46.9504916,10.965315,72.6,2677,62,2686.7,1,39,9,39,0.67,39
2026-01-15T09:30:53.967Z,46.9505065,10.965356,72.7,2678.3,98.1,2686.5,1,39,10,39,0.93,39
2026-01-15T09:30:54.133Z,46.9505026,10.9653959,72.7,2676.3,51.1,2685.3,1,39,10,39,0.61,39
2026-01-15T09:30:54.300Z,46.9505215,10.9654302,72.7,2676,67.5,2684.7,1,27,9,27,1.14,27
2026-01-15T09:30:54.467Z,46.9505335,10.9654726,72.8,2676.1,94.9,2684.3,1,32,11,32,0.82,32
2026-01-15T09:30:54.633Z,46.9505309,10.9655171,72.8,2674.8,92.3,2683.5,1,48,9,48,0.8,48
2026-01-15T09:30:54.800Z,46.9505294,10.9655722,72.9,2673.4,61.5,2682.9,1,23,9,23,0.85,23
2026-01-15T09:30:54.967Z,46.9505395,10.9655994,72.9,2672.3,96,2682.3,1,34,12,34,0.69,34
2026-01-15T09:30:55.133Z,46.9505353,10.9656576,73,2672.6,76.4,2681.7,1,35,8,35,0.93,35
2026-01-15T09:30:55.300Z,46.950545,10.9657162,73,2671.7,125.7,2680.8,1,21,9,21,0.84,21
2026-01-15T09:30:55.467Z,46.9505304,10.965746,73,2672.1,86.8,2680.7,1,21,9,21,0.7,21
2026-01-15T09:30:55.633Z,46.9505316,10.9657778,73.1,2669.7,111.4,2679.9,1,93,13,93,1.04,93
2026-01-15T09:30:55.800Z,46.9505165,10.9658342,73.1,2671.2,157.5,2679.3,1,29,13,29,0.74,29
2026-01-15T09:30:55.967Z,46.9504916,10.9658493,73.2,2668.5,118,2678.8,1,53,8,53,0.95,53
2026-01-15T09:30:56.133Z,46.9504733,10.9658997,73.2,2668.3,144.8,2678.2,1,45,13,45,0.8,45
2026-01-15T09:30:56.300Z,46.9504555,10.9659181,73.3,2668.2,127.9,2677.2,1,34,11,34,1.04,34
2026-01-15T09:30:56.467Z,46.9504325,10.9659614,73.3,2668.4,187.7,2676.7,1,27,10,27,1.1,27
2026-01-15T09:30:56.633Z,46.9503899,10.965953,73.4,2665.8,118.1,2675.8,1,49,11,49,1.11,49
2026-01-15T09:30:56.800Z,46.9503777,10.9659865,73.4,2666.3,159.3,2675.3,1,52,9,52,0.71,52
2026-01-15T09:30:56.967Z,46.9503472,10.9660034,73.5,2664.9,162.7,2674.4,1,92,12,92,1.2,92
2026-01-15T09:30:57.133Z,46.9503196,10.966016,73.5,2666.1,148.8,2674.3,1,53,12,53,1.1,53
2026-01-15T09:30:57.300Z,46.9502888,10.9660433,73.6,2663.7,180.9,2673.2,1,64,13,64,1,64
2026-01-15T09:30:57.467Z,46.9502545,10.9660425,73.6,2664.7,155.6,2672.7,1,51,10,51,0.78,51
2026-01-15T09:30:57.633Z,46.9502168,10.9660676,73.7,2662.1,184.7,2672.4,1,92,9,92,0.83,92
2026-01-15T09:30:57.800Z,46.9501872,10.966064,73.7,2662.4,160.5,2671.2,1,48,8,48,1.05,48
2026-01-15T09:30:57.967Z,46.9501706,10.9660726,73.8,2662.7,160.7,2671,1,98,8,98,0.75,98
2026-01-15T09:30:58.133Z,46.9501383,10.9660892,73.8,2660.5,150.9,2670.4,1,33,12,33,0.79,33
2026-01-15T09:30:58.300Z,46.9500973,10.9661226,73.9,2660.2,164.5,2669.5,1,84,8,84,1.02,84
2026-01-15T09:30:58.467Z,46.9500773,10.9661307,73.9,2660,168.5,2669.1,1,24,13,24,0.91,24
2026-01-15T09:30:58.633Z,46.9500467,10.9661398,74,2659.7,173,2668.1,1,57,10,57,0.6,57
2026-01-15T09:30:58.800Z,46.9500083,10.9661467,74,2659.7,182.2,2667.8,1,88,13,88,0.93,88
2026-01-15T09:30:58.967Z,46.9499852,10.9661454,74.1,2658.2,192.2,2666.9,1,42,9,42,0.9,42
2026-01-15T09:30:59.133Z,46.9499624,10.9661382,74.1,2657.2,175.1,2666.1,1,82,12,82,0.87,82
2026-01-15T09:30:59.300Z,46.9499206,10.9661434,74.2,2656.1,140.4,2665.4,1,28,11,28,0.81,28
2026-01-15T09:30:59.467Z,46.9499003,10.966168,74.2,2656.1,180.8,2665,1,79,11,79,1.1,79
2026-01-15T09:30:59.633Z,46.9498699,10.9661674,74.3,2655.6,179,2664.5,1,27,13,27,0.62,27
2026-01-15T09:30:59.800Z,46.9498399,10.9661682,74.3,2654.2,180.1,2663.5,1,70,13,70,0.84,70
2026-01-15T09:30:59.967Z,46.9498067,10.9661681,74.4,2653,167.5,2662.9,1,68,8,68,1.11,68
2026-01-15T09:31:00.133Z,46.9497701,10.96618,74.4,2652.5,177.4,2662.3,1,68,12,68,0.77,68
2026-01-15T09:31:00.300Z,46.9497309,10.9661826,74.5,2653.9,203.6,2661.5,1,27,10,27,0.73,27
2026-01-15T09:31:00.467Z,46.9497128,10.966171,74.5,2652.4,172.1,2660.8,1,28,11,28,1.18,28
2026-01-15T09:31:00.633Z,46.9496842,10.9661768,74.6,2650.6,195.7,2660.5,1,52,11,52,0.6,52
2026-01-15T09:31:00.800Z,46.9496524,10.9661637,74.6,2649.8,150.2,2659.7,1,97,8,97,0.92,97
2026-01-15T09:31:00.967Z,46.9496119,10.9661977,74.7,2650.1,193.7,2659.3,1,94,13,94,1,94
2026-01-15T09:31:01.133Z,46.9495828,10.9661873,74.7,2649.7,171.9,2658.5,1,45,10,45,0.74,45
2026-01-15T09:31:01.300Z,46.9495505,10.966194,74.8,2648.2,169.4,2657.5,1,33,11,33,0.97,33
2026-01-15T09:31:01.467Z,46.9495247,10.9662011,74.9,2648.9,147.9,2657.1,1,97,9,97,0.76,97
2026-01-15T09:31:01.633Z,46.9494996,10.9662242,74.9,2646.3,169.2,2656.8,1,63,10,63,0.69,63
2026-01-15T09:31:01.800Z,46.9494666,10.9662334,75,2646.9,187.4,2655.6,1,93,8,93,0.9,93
2026-01-15T09:31:01.967Z,46.9494367,10.9662277,75,2646.9,150.3,2655,1,95,8,95,0.88,95
2026-01-15T09:31:02.133Z,46.9494089,10.9662509,75.1,2645.8,197.6,2654.7,1,44,13,44,0.98,44
2026-01-15T09:31:02.300Z,46.9493742,10.9662348,75.1,2643.7,127.9,2654.1,1,28,10,28,0.67,28
2026-01-15T09:31:02.467Z,46.9493486,10.966283,75.2,2645.1,154.4,2653.3,1,81,10,81,0.62,81
2026-01-15T09:31:02.633Z,46.9493251,10.9662995,75.3,2642.9,115,2652.6,1,40,8,40,1.14,40
2026-01-15T09:31:02.800Z,46.9493138,10.966335,75.3,2642.8,145.7,2651.7,1,68,12,68,0.81,68
2026-01-15T09:31:02.967Z,46.9492773,10.9663715,75.4,2642.6,149.5,2651.1,1,23,13,23,0.73,23
2026-01-15T09:31:03.133Z,46.9492525,10.9663929,75.4,2641.9,98.8,2650.7,1,71,9,71,1.17,71
2026-01-15T09:31:03.300Z,46.9492463,10.9664519,75.5,2641.2,156.2,2649.8,1,82,12,82,0.95,82
2026-01-15T09:31:03.467Z,46.9492198,10.966469,75.5,2639.8,93.9,2649.1,1,30,12,30,0.92,30
2026-01-15T09:31:03.633Z,46.9492167,10.9665364,75.6,2640.6,107.1,2648.7,1,30,8,30,0.8,30
2026-01-15T09:31:03.800Z,46.949212,10.9665588,75.7,2640,98.1,2648.2,1,52,8,52,0.64,52
2026-01-15T09:31:03.967Z,46.9492055,10.9666253,75.7,2639.3,98.7,2647.4,1,20,11,20,0.88,20
2026-01-15T09:31:04.133Z,46.9492006,10.966672,75.8,2637.7,88.9,2646.7,1,46,12,46,0.95,46
2026-01-15T09:31:04.300Z,46.9492011,10.9667098,75.8,2638.1,112.7,2645.9,1,53,9,53,0.68,53
2026-01-15T09:31:04.467Z,46.9491899,10.966749,75.9,2635.7,94.8,2645.1,1,96,9,96,0.68,96
2026-01-15T09:31:04.633Z,46.9491861,10.9668156,76,2635.3,65,2644.4,1,56,9,56,0.73,56
2026-01-15T09:31:04.800Z,46.9491958,10.9668461,76,2635.4,73.9,2643.9,1,44,8,44,0.65,44
2026-01-15T09:31:04.967Z,46.949206,10.9668978,76.1,2634.9,30,2643.3,1,53,13,53,0.98,53
2026-01-15T09:31:05.133Z,46.9492227,10.9669119,76.1,2633.4,59.4,2642.9,1,47,9,47,0.63,47
2026-01-15T09:31:05.300Z,46.9492414,10.9669582,76.2,2632,52,2642.2,1,87,11,87,1.09,87
2026-01-15T09:31:05.467Z,46.94926,10.9669931,76.3,2631.1,63.3,2641.1,1,76,10,76,1.17,76
2026-01-15T09:31:05.633Z,46.9492741,10.9670341,76.3,2632,70.6,2640.4,1,89,12,89,0.76,89
2026-01-15T09:31:05.800Z,46.9492861,10.9670839,76.4,2632,62.9,2639.8,1,92,8,92,0.75,92
2026-01-15T09:31:05.967Z,46.9493031,10.9671326,76.5,2630.8,52.4,2639.3,1,97,11,97,0.77,97
2026-01-15T09:31:06.133Z,46.94932,10.9671648,76.5,2629.9,39.4,2638.4,1,87,8,87,1.17,87
2026-01-15T09:31:06.300Z,46.9493512,10.9672023,76.6,2629.6,55,2637.6,1,81,13,81,1.12,81
2026-01-15T09:31:06.467Z,46.9493608,10.9672224,76.6,2628.1,53.4,2636.9,1,99,9,99,1.02,99
2026-01-15T09:31:06.633Z,46.9493884,10.9672768,76.7,2628.2,57.3,2636.5,1,52,11,52,0.62,52
2026-01-15T09:31:06.800Z,46.9494,10.9673033,76.8,2626.5,28.9,2635.8,1,34,12,34,0.92,34
2026-01-15T09:31:06.967Z,46.9494391,10.9673349,76.8,2626.9,77.3,2635.3,1,68,11,68,0.62,68
2026-01-15T09:31:07.133Z,46.9494451,10.967374,76.9,2626.1,47.9,2634.7,1,47,9,47,0.82,47
2026-01-15T09:31:07.300Z,46.9494697,10.9674139,77,2625,22.4,2634,1,42,10,42,1.07,42
2026-01-15T09:31:07.467Z,46.9495002,10.9674323,77,2625.1,56.5,2632.9,1,58,13,58,0.7,58
2026-01-15T09:31:07.633Z,46.9495145,10.967464,77.1,2623.5,49.8,2632.7,1,77,8,77,0.97,77
2026-01-15T09:31:07.800Z,46.9495427,10.9675128,77.1,2621.7,42.2,2631.8,1,35,8,35,0.78,35
2026-01-15T09:31:07.967Z,46.9495611,10.9675372,77.2,2621.6,36.1,2630.9,1,67,13,67,0.9,67
2026-01-15T09:31:08.133Z,46.9495923,10.9675705,77.3,2620.8,68.3,2630.6,1,70,11,70,1.13,70
2026-01-15T09:31:08.300Z,46.9495986,10.9675937,77.3,2620.4,48.9,2629.6,1,32,11,32,1.17,32
2026-01-15T09:31:08.467Z,46.949635,10.9676549,77.4,2620.2,50.4,2629,1,28,10,28,0.7,28
2026-01-15T09:31:08.633Z,46.9496469,10.967676,77.5,2619.3,52.7,2628.6,1,74,12,74,0.79,74
2026-01-15T09:31:08.800Z,46.9496712,10.9677227,77.5,2618.9,32.7,2627.6,1,90,13,90,1.18,90
2026-01-15T09:31:08.967Z,46.9496942,10.9677443,77.6,2617.8,66.9,2626.9,1,84,9,84,1.14,84
2026-01-15T09:31:09.133Z,46.9497052,10.967782,77.7,2617.6,32.5,2626.2,1,79,9,79,0.86,79
2026-01-15T09:31:09.300Z,46.9497341,10.967809,77.7,2617.9,67.1,2625.4,1,27,13,27,0.84,27
2026-01-15T09:31:09.467Z,46.9497516,10.9678698,77.8,2615.8,43.9,2624.8,1,49,13,49,1.06,49
2026-01-15T09:31:09.633Z,46.9497743,10.9679018,77.9,2615,31.5,2624.2,1,25,12,25,0.69,25
2026-01-15T09:31:09.800Z,46.9497985,10.9679235,77.9,2613.9,57.7,2623.6,1,49,13,49,0.92,49
2026-01-15T09:31:09.967Z,46.9498226,10.9679793,78,2614.6,22.2,2622.7,1,87,11,87,0.94,87
2026-01-15T09:31:10.133Z,46.9498453,10.9679929,78.1,2612.5,65.5,2622.5,1,87,12,87,0.94,87
2026-01-15T09:31:10.300Z,46.9498629,10.9680494,78.1,2613.8,39.8,2621.7,1,63,13,63,1.09,63
2026-01-15T09:31:10.467Z,46.9498819,10.9680726,78.2,2612.7,62.1,2620.7,1,31,12,31,0.87,31
2026-01-15T09:31:10.633Z,46.9498981,10.9681174,78.3,2611.3,53.4,2620.2,1,24,10,24,0.66,24
2026-01-15T09:31:10.800Z,46.9499198,10.9681602,78.3,2609.9,17.6,2619.4,1,44,12,44,1.04,44
2026-01-15T09:31:10.967Z,46.9499506,10.9681745,78.4,2609.7,79,2618.6,1,85,8,85,0.9,85
2026-01-15T09:31:11.133Z,46.9499591,10.9682385,78.5,2609.2,16.7,2618,1,66,8,66,0.71,66
2026-01-15T09:31:11.300Z,46.9499784,10.968247,78.5,2607.4,46.9,2617.6,1,46,9,46,0.64,46
2026-01-15T09:31:11.467Z,46.9500039,10.9682869,78.6,2607.8,57.4,2616.7,1,31,8,31,0.61,31
2026-01-15T09:31:11.633Z,46.9500246,10.9683343,78.7,2607.8,60.2,2616.2,1,97,11,97,0.91,97
2026-01-15T09:31:11.800Z,46.9500434,10.9683823,78.7,2605.7,21.9,2615.6,1,98,13,98,1.02,98
2026-01-15T09:31:11.967Z,46.9500617,10.9683931,78.8,2605.2,42.7,2614.7,1,81,11,81,0.9,81
2026-01-15T09:31:12.133Z,46.9500953,10.9684385,78.9,2606.2,58.4,2614.3,1,68,13,68,1.01,68
2026-01-15T09:31:12.300Z,46.9501135,10.9684818,78.9,2604.4,59.4,2613.1,1,59,10,59,0.72,59
2026-01-15T09:31:12.467Z,46.950131,10.9685252,79,2603,55.5,2612.6,1,30,12,30,0.81,30
2026-01-15T09:31:12.633Z,46.9501484,10.9685623,79.1,2603,28.7,2612,1,71,12,71,0.99,71
2026-01-15T09:31:12.800Z,46.9501718,10.9685811,79.1,2601.7,46.6,2611,1,63,8,63,0.98,63
2026-01-15T09:31:12.967Z,46.9501969,10.96862,79.2,2602.7,55.6,2610.3,1,99,11,99,0.61,99
2026-01-15T09:31:13.133Z,46.9502141,10.9686568,79.3,2601.2,32.4,2609.6,1,36,9,36,0.86,36
2026-01-15T09:31:13.300Z,46.9502476,10.9686879,79.3,2599.3,53.4,2609.3,1,61,9,61,1,61
2026-01-15T09:31:13.467Z,46.9502721,10.9687363,79.4,2598.6,19.5,2608.7,1,53,8,53,1.06,53
2026-01-15T09:31:13.633Z,46.9503039,10.9687528,79.5,2600.2,26.8,2607.7,1,51,13,51,0.74,51
2026-01-15T09:31:13.800Z,46.9503216,10.9687659,79.5,2598.4,29,2607.2,1,46,9,46,0.62,46
2026-01-15T09:31:13.967Z,46.950357,10.9687947,79.6,2597.3,11,2606.8,1,66,10,66,1.18,66
2026-01-15T09:31:14.133Z,46.9503858,10.9688029,79.7,2596.1,32.9,2605.8,1,78,13,78,0.66,78
2026-01-15T09:31:14.300Z,46.9504081,10.968824,79.7,2596.1,27.6,2605.3,1,83,8,83,0.74,83
2026-01-15T09:31:14.467Z,46.9504547,10.9688597,79.8,2594.8,4.4,2605,1,60,13,60,1.15,60
2026-01-15T09:31:14.633Z,46.9504795,10.9688625,79.9,2595.4,23.7,2604.3,1,35,11,35,0.69,35
2026-01-15T09:31:14.800Z,46.9505101,10.9688822,79.9,2593.6,61.1,2603.4,1,21,13,21,1.02,21
2026-01-15T09:31:14.967Z,46.9505261,10.9689246,80,2593.3,351.3,2602.8,1,51,11,51,0.73,51
2026-01-15T09:31:15.067Z,46.9505572,10.9689176,80.1,2593.1,70.7,2602.3,1,82,9,82,0.93,82
2026-01-15T09:31:15.167Z,46.9505652,10.9689511,80.1,2593.7,11.4,2602,1,31,10,31,1.01,31
2026-01-15T09:31:15.267Z,46.9505895,10.9689583,80.1,2592.5,357.7,2601.9,1,89,13,89,0.81,89
2026-01-15T09:31:15.367Z,46.9506096,10.9689571,80.2,2593.7,67.3,2601.5,1,33,9,33,1.02,33
2026-01-15T09:31:15.467Z,46.9506194,10.9689914,80.2,2592.8,350.3,2601.1,1,54,11,54,1,54
2026-01-15T09:31:15.567Z,46.950645,10.968985,80.3,2591.1,39.6,2600.9,1,79,13,79,0.73,79
2026-01-15T09:31:15.667Z,46.9506685,10.9690135,80.3,2592.5,353.9,2600.5,1,51,12,51,0.65,51
2026-01-15T09:31:15.767Z,46.9506876,10.9690105,80.3,2590.2,72.8,2599.7,1,92,13,92,1,92
2026-01-15T09:31:15.867Z,46.9506938,10.9690399,80.4,2590.8,353,2599.3,1,73,13,73,1.11,73
2026-01-15T09:31:15.967Z,46.950717,10.9690357,80.4,2589,40.6,2598.9,1,89,11,89,0.96,89
2026-01-15T09:31:16.067Z,46.9507392,10.9690636,80.5,2589.6,44.4,2598.8,1,36,9,36,0.75,36
2026-01-15T09:31:16.167Z,46.9507496,10.9690785,80.5,2590.6,335.8,2598.5,1,92,8,92,1.07,92
2026-01-15T09:31:16.267Z,46.9507731,10.969063,80.5,2589.3,60.9,2597.9,1,33,9,33,0.98,33
2026-01-15T09:31:16.367Z,46.9507888,10.9691043,80.6,2588.2,354.9,2597.8,1,39,13,39,1.19,39
2026-01-15T09:31:16.467Z,46.9508095,10.9691016,80.6,2587.5,57.4,2597.1,1,80,11,80,1.18,80
2026-01-15T09:31:16.567Z,46.9508194,10.9691243,80.7,2587.9,21.6,2596.9,1,41,10,41,0.91,41
2026-01-15T09:31:16.667Z,46.9508394,10.9691359,80.7,2586.4,336.7,2596.6,1,72,8,72,0.78,72
2026-01-15T09:31:16.767Z,46.950853,10.9691273,80.8,2586.6,30.3,2595.9,1,59,10,59,0.9,59
2026-01-15T09:31:16.867Z,46.9508903,10.9691592,80.8,2587.8,30,2595.9,1,43,11,43,0.7,43
2026-01-15T09:31:16.967Z,46.9509026,10.9691696,80.8,2587.2,352.1,2595.4,1,91,11,91,0.99,91
2026-01-15T09:31:17.067Z,46.9509194,10.9691662,80.9,2584.9,66.3,2594.7,1,35,8,35,0.69,35
2026-01-15T09:31:17.167Z,46.950925,10.9691849,80.9,2585.8,25,2594.4,1,88,13,88,1.17,88
2026-01-15T09:31:17.267Z,46.9509427,10.969197,81,2584.5,32.1,2594.1,1,74,12,74,0.84,74
2026-01-15T09:31:17.367Z,46.9509764,10.969228,81,2585.5,359.3,2594.1,1,74,12,74,0.78,74
2026-01-15T09:31:17.467Z,46.9509941,10.9692277,81,2585.6,29.8,2593.4,1,59,11,59,0.74,59
2026-01-15T09:31:17.567Z,46.9510147,10.969245,81.1,2584.7,36.1,2593,1,81,12,81,0.73,81
2026-01-15T09:31:17.667Z,46.9510305,10.9692619,81.1,2583.5,48.2,2592.5,1,53,11,53,1.08,53
2026-01-15T09:31:17.767Z,46.9510371,10.9692727,81.2,2584.1,47.7,2592.6,1,30,11,30,0.76,30
2026-01-15T09:31:17.867Z,46.9510523,10.9692972,81.2,2584.2,352.2,2592,1,95,8,95,0.9,95
2026-01-15T09:31:17.967Z,46.9510743,10.9692928,81.2,2583.6,54.9,2591.6,1,54,13,54,0.85,54
2026-01-15T09:31:18.067Z,46.9510931,10.969332,81.3,2582,7.6,2591.3,1,91,11,91,0.73,91
2026-01-15T09:31:18.167Z,46.9511166,10.9693366,81.3,2580.9,0.9,2590.7,1,81,11,81,0.83,81
2026-01-15T09:31:18.267Z,46.9511394,10.9693371,81.4,2580.8,46,2590.3,1,56,8,56,0.68,56
2026-01-15T09:31:18.367Z,46.9511535,10.9693585,81.4,2581,55.4,2589.8,1,56,8,56,0.84,56
2026-01-15T09:31:18.467Z,46.9511677,10.9693886,81.4,2581.4,334,2589.5,1,72,8,72,0.88,72
2026-01-15T09:31:18.567Z,46.9511842,10.9693768,81.5,2579.6,35.4,2589.2,1,49,11,49,0.77,49
2026-01-15T09:31:18.667Z,46.9512078,10.9694014,81.5,2580.4,73.2,2588.7,1,30,13,30,1.15,30
2026-01-15T09:31:18.767Z,46.9512123,10.9694233,81.6,2580,7.4,2588.4,1,51,8,51,0.74,51
2026-01-15T09:31:18.867Z,46.9512313,10.9694269,81.6,2580.4,10.4,2588.2,1,57,9,57,1.14,57
2026-01-15T09:31:18.967Z,46.9512648,10.9694359,81.6,2578.6,62.2,2587.8,1,85,10,85,0.68,85
2026-01-15T09:31:19.067Z,46.9512783,10.9694734,81.7,2578.7,27.1,2587.2,1,37,12,37,1.08,37
2026-01-15T09:31:19.167Z,46.9512942,10.9694853,81.7,2577.6,29.6,2587.1,1,76,13,76,1.07,76
2026-01-15T09:31:19.267Z,46.9513131,10.969501,81.8,2577.5,33.8,2586.8,1,82,13,82,1.18,82
2026-01-15T09:31:19.367Z,46.9513277,10.9695153,81.8,2576.5,345.5,2586.4,1,20,8,20,0.93,20
2026-01-15T09:31:19.467Z,46.9513488,10.9695073,81.8,2575.8,50.4,2586.1,1,33,8,33,1.18,33
2026-01-15T09:31:19.567Z,46.9513669,10.9695393,81.9,2576.9,0.7,2585.6,1,37,8,37,0.77,37
2026-01-15T09:31:19.667Z,46.9513832,10.9695396,81.9,2575,69.8,2585,1,80,8,80,1.05,80
2026-01-15T09:31:19.767Z,46.9513922,10.9695755,82,2576.9,18.1,2584.5,1,42,10,42,1.01,42
2026-01-15T09:31:19.867Z,46.95142,10.9695888,82,2575,337.2,2584.5,1,97,9,97,1.19,97
2026-01-15T09:31:19.967Z,46.9514377,10.9695779,82,2574.5,22.2,2584.2,1,51,12,51,1.15,51
2026-01-15T09:31:20.067Z,46.9514606,10.9695916,82.1,2574.7,37,2583.7,1,31,13,31,1.08,31
2026-01-15T09:31:20.167Z,46.9514797,10.9696127,82.1,2573.2,69.1,2583.5,1,69,12,69,0.88,69
2026-01-15T09:31:20.267Z,46.9514878,10.9696437,82.2,2573.6,18.4,2583.1,1,63,10,63,0.67,63
2026-01-15T09:31:20.367Z,46.9515042,10.9696517,82.2,2572.8,6.8,2582.5,1,34,10,34,1,34
2026-01-15T09:31:20.467Z,46.9515283,10.9696559,82.2,2571.9,68.9,2581.7,1,68,8,68,0.96,68
2026-01-15T09:31:20.567Z,46.9515369,10.9696886,82.3,2572.2,11.3,2581.8,1,87,13,87,1.15,87
2026-01-15T09:31:20.667Z,46.9515638,10.9696965,82.3,2573.4,30.7,2581.3,1,29,11,29,0.76,29
2026-01-15T09:31:20.767Z,46.951587,10.9697167,82.4,2573.1,336.1,2581.1,1,30,11,30,1.11,30
2026-01-15T09:31:20.867Z,46.9516029,10.9697064,82.4,2572.4,44.8,2580.2,1,77,11,77,1.05,77
2026-01-15T09:31:20.967Z,46.9516126,10.9697205,82.4,2569.9,38.5,2580.2,1,53,12,53,0.71,53
2026-01-15T09:31:21.067Z,46.9516344,10.9697459,82.5,2570.4,11.6,2579.7,1,66,10,66,1.05,66
2026-01-15T09:31:21.167Z,46.951656,10.9697524,82.5,2570.5,32.7,2579.5,1,34,9,34,0.65,34
2026-01-15T09:31:21.267Z,46.951668,10.9697637,82.6,2569,26.1,2579.2,1,86,8,86,0.63,86
2026-01-15T09:31:21.367Z,46.9516976,10.9697849,82.6,2569.3,41.8,2578.5,1,38,13,38,0.93,38
2026-01-15T09:31:21.467Z,46.9517031,10.9697921,82.6,2569.8,62.1,2578.1,1,34,9,34,1.18,34
2026-01-15T09:31:21.567Z,46.9517172,10.9698311,82.7,2569.5,355.3,2577.6,1,86,11,86,0.72,86
2026-01-15T09:31:21.667Z,46.9517403,10.9698283,82.7,2568.2,26.9,2577.3,1,42,13,42,0.74,42
2026-01-15T09:31:21.767Z,46.9517703,10.9698506,82.8,2567.2,354.3,2577.2,1,37,12,37,0.6,37
2026-01-15T09:31:21.867Z,46.951784,10.9698486,82.8,2566.5,41.9,2576.5,1,50,12,50,0.85,50
2026-01-15T09:31:21.967Z,46.9518014,10.9698715,82.8,2567.8,43,2576.1,1,63,8,63,0.63,63
2026-01-15T09:31:22.067Z,46.9518219,10.9698995,82.9,2567.2,24.8,2575.7,1,78,8,78,0.96,78
2026-01-15T09:31:22.167Z,46.9518321,10.9699064,82.9,2567.1,24.6,2575.4,1,31,12,31,0.72,31
2026-01-15T09:31:22.267Z,46.9518589,10.9699244,82.9,2566.1,16.7,2575.3,1,90,8,90,0.85,90
2026-01-15T09:31:22.367Z,46.9518794,10.9699334,83,2566.3,2.8,2574.5,1,34,12,34,0.96,34
2026-01-15T09:31:22.467Z,46.9518865,10.9699339,83,2564.5,37.1,2574.1,1,30,12,30,0.97,30
2026-01-15T09:31:22.567Z,46.951908,10.9699577,83.1,2565.2,33.5,2574.1,1,47,9,47,1.19,47
2026-01-15T09:31:22.667Z,46.9519334,10.9699823,83.1,2563.8,32.6,2573.6,1,55,11,55,0.68,55
2026-01-15T09:31:22.767Z,46.9519504,10.9699982,83.1,2563.8,28.6,2572.9,1,97,8,97,0.96,97
2026-01-15T09:31:22.867Z,46.9519569,10.9700034,83.2,2564.3,2.6,2572.9,1,23,13,23,0.81,23
2026-01-15T09:31:22.967Z,46.9519829,10.9700051,83.2,2564.4,52.3,2572.6,1,22,9,22,0.6,22
2026-01-15T09:31:23.067Z,46.9519944,10.9700269,83.3,2562.3,49.2,2572.1,1,73,9,73,0.7,73
2026-01-15T09:31:23.167Z,46.9520131,10.9700586,83.3,2561.8,338.2,2571.7,1,45,12,45,0.86,45
2026-01-15T09:31:23.267Z,46.9520339,10.9700464,83.3,2562.8,17.8,2571.2,1,35,11,35,1.09,35
2026-01-15T09:31:23.367Z,46.9520632,10.9700602,83.4,2561.7,35.6,2570.5,1,62,8,62,1.14,62
2026-01-15T09:31:23.467Z,46.9520817,10.9700796,83.4,2560.8,87.2,2570.4,1,73,8,73,0.61,73
2026-01-15T09:31:23.567Z,46.9520827,10.9701095,83.4,2562,355.3,2570.3,1,51,10,51,1.05,51
2026-01-15T09:31:23.667Z,46.952111,10.9701061,83.5,2560.2,62.7,2569.4,1,67,11,67,0.84,67
2026-01-15T09:31:23.767Z,46.9521244,10.9701442,83.5,2559.6,357.9,2569.1,1,88,8,88,0.71,88
2026-01-15T09:31:23.867Z,46.9521521,10.9701427,83.6,2560.9,12.6,2568.8,1,28,8,28,0.78,28
2026-01-15T09:31:23.967Z,46.9521689,10.9701482,83.6,2558.4,57.9,2568.5,1,36,11,36,1.14,36
2026-01-15T09:31:24.067Z,46.9521855,10.9701869,83.6,2558.2,43.1,2568,1,49,10,49,1.09,49
2026-01-15T09:31:24.167Z,46.9521966,10.9702021,83.7,2557.9,352.1,2567.5,1,92,13,92,0.71,92
2026-01-15T09:31:24.267Z,46.9522311,10.9701951,83.7,2557.9,60,2567.2,1,66,11,66,1.16,66
2026-01-15T09:31:24.367Z,46.9522389,10.9702149,83.7,2556.8,13.4,2566.8,1,22,9,22,0.63,22
2026-01-15T09:31:24.467Z,46.9522665,10.9702245,83.8,2557.3,74,2566.7,1,40,10,40,0.82,40
2026-01-15T09:31:24.567Z,46.9522683,10.9702337,83.8,2556.3,23.2,2566.4,1,39,10,39,1.07,39
2026-01-15T09:31:24.667Z,46.952293,10.9702492,83.9,2556.5,50.7,2565.9,1,77,9,77,0.75,77
2026-01-15T09:31:24.767Z,46.9523065,10.9702734,83.9,2557.5,22.4,2565.5,1,41,13,41,0.8,41
2026-01-15T09:31:24.867Z,46.9523418,10.9702947,83.9,2555.6,93.8,2564.8,1,47,9,47,1.02,47
2026-01-15T09:31:24.967Z,46.9523408,10.9703169,84,2554.6,18.4,2564.5,1,92,9,92,1.05,92
2026-01-15T09:31:25.067Z,46.9523738,10.970333,84,2554.4,45.2,2564.1,1,33,8,33,0.71,33
2026-01-15T09:31:25.167Z,46.9523845,10.9703488,84,2553.8,359.1,2563.6,1,36,12,36,0.73,36
2026-01-15T09:31:25.267Z,46.9524106,10.9703482,84.1,2554.5,26.6,2563.6,1,60,8,60,0.63,60
2026-01-15T09:31:25.367Z,46.9524185,10.970354,84.1,2553.5,22.5,2562.8,1,23,9,23,0.94,23
2026-01-15T09:31:25.467Z,46.9524449,10.97037,84.1,2553,34.8,2562.7,1,32,11,32,0.95,32
2026-01-15T09:31:25.567Z,46.9524617,10.9703871,84.2,2553.2,26.9,2562.1,1,72,13,72,0.62,72
2026-01-15T09:31:25.667Z,46.9524827,10.9704027,84.2,2552.7,46.9,2561.9,1,54,12,54,0.72,54
2026-01-15T09:31:25.767Z,46.9524978,10.9704263,84.2,2552,4.9,2561.3,1,49,9,49,0.75,49
2026-01-15T09:31:25.867Z,46.9525154,10.9704285,84.3,2551.8,38.3,2560.8,1,62,9,62,0.69,62
2026-01-15T09:31:25.967Z,46.9525318,10.9704475,84.3,2552.2,32.1,2560.8,1,88,11,88,0.79,88
2026-01-15T09:31:26.067Z,46.9525537,10.9704676,84.4,2550,39,2560,1,83,11,83,0.92,83
2026-01-15T09:31:26.167Z,46.9525656,10.9704817,84.4,2551.4,357,2560.1,1,53,10,53,0.62,53
2026-01-15T09:31:26.267Z,46.9525941,10.9704795,84.4,2549.4,27.2,2559.6,1,40,13,40,0.97,40
2026-01-15T09:31:26.367Z,46.9526124,10.9704933,84.5,2549.2,62.2,2559.1,1,46,11,46,0.67,46
2026-01-15T09:31:26.467Z,46.9526262,10.9705316,84.5,2548.6,13,2558.4,1,92,13,92,0.96,92
2026-01-15T09:31:26.567Z,46.9526454,10.9705381,84.5,2548,41.1,2558.5,1,88,12,88,0.69,88
2026-01-15T09:31:26.667Z,46.9526642,10.9705621,84.6,2549.1,29.9,2557.7,1,25,9,25,0.87,25
2026-01-15T09:31:26.767Z,46.9526763,10.9705723,84.6,2549,355,2557.3,1,57,8,57,0.73,57
2026-01-15T09:31:26.867Z,46.9527144,10.9705674,84.6,2547.3,55.8,2556.8,1,29,9,29,0.75,29
2026-01-15T09:31:26.967Z,46.9527301,10.9706013,84.7,2548.6,12.9,2556.8,1,89,10,89,0.64,89
2026-01-15T09:31:27.067Z,46.9527491,10.9706077,84.7,2548.2,66.8,2556.5,1,38,10,38,1.03,38
2026-01-15T09:31:27.167Z,46.9527571,10.970635,84.7,2545.8,358,2555.9,1,28,8,28,1.17,28
2026-01-15T09:31:27.267Z,46.9527831,10.9706337,84.8,2546.9,45.4,2555.4,1,99,8,99,1.07,99
2026-01-15T09:31:27.367Z,46.9527956,10.9706523,84.8,2546.3,29.1,2555.3,1,99,12,99,1,99
2026-01-15T09:31:27.467Z,46.9528166,10.9706694,84.8,2546.7,25,2554.5,1,71,8,71,0.82,71
2026-01-15T09:31:27.567Z,46.9528317,10.9706797,84.9,2544.4,2.3,2554.2,1,62,11,62,1.16,62
2026-01-15T09:31:27.667Z,46.9528586,10.9706813,84.9,2545,72.9,2553.7,1,25,8,25,0.67,25
2026-01-15T09:31:27.767Z,46.9528634,10.9707042,84.9,2543.2,25.6,2553.2,1,55,8,55,0.82,55
2026-01-15T09:31:27.867Z,46.9528836,10.9707184,85,2543.6,31,2553.2,1,53,12,53,0.87,53
2026-01-15T09:31:27.967Z,46.9529109,10.9707424,85,2544.2,19.1,2552.6,1,69,10,69,0.99,69
2026-01-15T09:31:28.067Z,46.9529383,10.9707563,85,2543.8,7,2552.5,1,94,11,94,0.77,94
2026-01-15T09:31:28.167Z,46.9529521,10.9707588,85.1,2543.5,58.7,2551.5,1,90,8,90,1.06,90
2026-01-15T09:31:28.267Z,46.9529592,10.9707759,85.1,2542,22.1,2551.2,1,37,8,37,0.7,37
2026-01-15T09:31:28.367Z,46.9529931,10.9707961,85.1,2542.9,58.1,2551.1,1,31,9,31,1.1,31
2026-01-15T09:31:28.467Z,46.9530008,10.9708142,85.2,2542.8,31.6,2550.4,1,67,9,67,0.67,67
2026-01-15T09:31:28.567Z,46.9530142,10.9708263,85.2,2542.3,12.3,2550.3,1,64,9,64,0.8,64
2026-01-15T09:31:28.667Z,46.9530476,10.970837,85.2,2541.7,56.8,2549.5,1,90,8,90,1.06,90
2026-01-15T09:31:28.767Z,46.9530552,10.970854,85.3,2539.9,41.5,2549.2,1,63,13,63,0.72,63
2026-01-15T09:31:28.867Z,46.9530782,10.9708838,85.3,2540,19.5,2549,1,39,10,39,0.62,39
2026-01-15T09:31:28.967Z,46.9531048,10.9708976,85.3,2538.7,63.8,2548.4,1,94,12,94,0.77,94
2026-01-15T09:31:29.067Z,46.9531091,10.9709104,85.4,2540.1,348.6,2548.3,1,90,12,90,0.94,90
2026-01-15T09:31:29.167Z,46.9531388,10.9709016,85.4,2539.1,46.5,2547.9,1,31,10,31,0.63,31
2026-01-15T09:31:29.267Z,46.9531566,10.9709291,85.4,2538.9,3.6,2547.4,1,34,9,34,0.87,34
2026-01-15T09:31:29.367Z,46.9531753,10.9709308,85.4,2537.1,17.8,2546.9,1,49,11,49,0.93,49
2026-01-15T09:31:29.467Z,46.9531959,10.9709405,85.5,2538.1,44.2,2546.6,1,77,11,77,0.74,77
2026-01-15T09:31:29.567Z,46.9532126,10.9709643,85.5,2537.5,5,2546.5,1,53,13,53,1.01,53
2026-01-15T09:31:29.667Z,46.9532448,10.9709684,85.5,2537.1,49.4,2545.8,1,91,9,91,0.94,91
2026-01-15T09:31:29.767Z,46.9532486,10.9709749,85.6,2535.9,26.3,2545.3,1,51,13,51,0.9,51
2026-01-15T09:31:29.867Z,46.9532827,10.9709996,85.6,2536.6,35.3,2545,1,95,11,95,0.67,95
2026-01-15T09:31:29.967Z,46.9532957,10.9710131,85.6,2534.9,28.4,2544.5,1,60,8,60,0.69,60
2026-01-15T09:31:30.067Z,46.9533187,10.9710313,85.7,2534.5,15.1,2544.4,1,68,11,68,1.17,68
2026-01-15T09:31:30.167Z,46.9533291,10.9710354,85.7,2535.5,2.5,2543.6,1,50,10,50,0.83,50
2026-01-15T09:31:30.267Z,46.9533641,10.9710376,85.7,2534.9,86.2,2543.4,1,58,9,58,0.95,58
2026-01-15T09:31:30.367Z,46.9533649,10.9710551,85.7,2534.1,25.9,2543.1,1,28,13,28,0.79,28
2026-01-15T09:31:30.467Z,46.9533889,10.9710722,85.8,2534.9,23.8,2542.9,1,39,9,39,0.66,39
2026-01-15T09:31:30.567Z,46.9534174,10.9710906,85.8,2532.3,340,2542.1,1,29,10,29,1.17,29
2026-01-15T09:31:30.667Z,46.9534335,10.971082,85.8,2532.7,15.8,2542,1,98,13,98,0.67,98
2026-01-15T09:31:30.767Z,46.9534555,10.9710911,85.9,2533.6,30.1,2541.5,1,92,9,92,1.15,92
2026-01-15T09:31:30.867Z,46.9534706,10.9711039,85.9,2531,358.8,2540.8,1,82,13,82,1.04,82
2026-01-15T09:31:30.967Z,46.9535035,10.9711029,85.9,2532.4,57.7,2540.6,1,24,12,24,1.16,24
2026-01-15T09:31:31.067Z,46.9535132,10.9711254,85.9,2530.5,358.6,2540.3,1,74,12,74,0.71,74
2026-01-15T09:31:31.167Z,46.9535386,10.9711245,86,2529.8,21.2,2539.7,1,83,11,83,0.74,83
2026-01-15T09:31:31.267Z,46.9535615,10.9711375,86,2529.8,52.1,2539.3,1,30,9,30,1.05,30
2026-01-15T09:31:31.367Z,46.9535715,10.9711563,86,2530.5,18.2,2539.3,1,89,8,89,1.05,89
2026-01-15T09:31:31.467Z,46.953603,10.9711715,86.1,2529.9,52.7,2538.6,1,43,9,43,0.87,43
2026-01-15T09:31:31.567Z,46.9536111,10.9711871,86.1,2530,358.3,2538.3,1,60,12,60,0.86,60
2026-01-15T09:31:31.667Z,46.9536347,10.9711861,86.1,2527.8,30,2538,1,33,11,33,1.05,33
2026-01-15T09:31:31.767Z,46.9536617,10.9712089,86.1,2527.6,5.3,2537.6,1,84,13,84,0.81,84
2026-01-15T09:31:31.867Z,46.9536869,10.9712123,86.2,2528.5,68.2,2537.3,1,91,13,91,0.74,91
2026-01-15T09:31:31.967Z,46.9536908,10.9712266,86.2,2527.2,18.3,2536.4,1,78,12,78,0.9,78
2026-01-15T09:31:32.067Z,46.9537104,10.9712361,86.2,2526.6,11.8,2536.2,1,34,8,34,1.17,34
2026-01-15T09:31:32.167Z,46.9537391,10.9712449,86.3,2527.5,336.2,2535.5,1,71,12,71,0.94,71
2026-01-15T09:31:32.267Z,46.9537507,10.9712374,86.3,2527.4,36.3,2535.3,1,60,8,60,0.98,60
2026-01-15T09:31:32.367Z,46.9537735,10.9712619,86.3,2525.7,33.2,2534.7,1,95,10,95,0.75,95
2026-01-15T09:31:32.467Z,46.953799,10.9712863,86.3,2526.4,344.1,2534.4,1,31,10,31,1.18,31
2026-01-15T09:31:32.567Z,46.9538184,10.9712782,86.4,2525.1,33.8,2534.1,1,54,8,54,1.02,54
2026-01-15T09:31:32.667Z,46.9538349,10.9712944,86.4,2526,19.8,2533.8,1,86,8,86,1.18,86
2026-01-15T09:31:32.767Z,46.9538664,10.971311,86.4,2523.6,334.4,2533.2,1,69,12,69,0.85,69
2026-01-15T09:31:32.867Z,46.9538828,10.9712995,86.4,2523.1,63.6,2532.7,1,93,11,93,0.96,93
2026-01-15T09:31:32.967Z,46.9538942,10.9713331,86.5,2524,4.9,2532.6,1,98,10,98,0.83,98
2026-01-15T09:31:33.067Z,46.953919,10.9713362,86.5,2524,22.8,2532.1,1,40,9,40,0.95,40
2026-01-15T09:31:33.167Z,46.9539395,10.9713488,86.5,2524,347,2531.5,1,45,12,45,0.8,45
2026-01-15T09:31:33.267Z,46.9539555,10.9713434,86.5,2521.2,10.7,2531.6,1,82,9,82,0.98,82
2026-01-15T09:31:33.367Z,46.953994,10.9713541,86.6,2522.3,43.1,2530.8,1,49,10,49,0.75,49
2026-01-15T09:31:33.467Z,46.9540104,10.9713766,86.6,2521.9,335.7,2530.2,1,96,9,96,1.08,96
2026-01-15T09:31:33.567Z,46.9540207,10.9713698,86.6,2522,30.8,2530.2,1,50,13,50,0.95,50
2026-01-15T09:31:33.667Z,46.9540453,10.9713913,86.6,2521.9,25.6,2529.5,1,88,10,88,1.08,88
2026-01-15T09:31:33.767Z,46.9540668,10.9714064,86.7,2520,21.2,2529.4,1,37,13,37,1.17,37
2026-01-15T09:31:33.867Z,46.954087,10.9714179,86.7,2520.6,30.4,2528.7,1,77,13,77,0.75,77
2026-01-15T09:31:33.967Z,46.9541032,10.9714318,86.7,2520.2,355.6,2528.4,1,72,10,72,0.83,72
2026-01-15T09:31:34.067Z,46.9541209,10.9714298,86.7,2520,17.2,2528.1,1,66,11,66,1.01,66
2026-01-15T09:31:34.167Z,46.9541484,10.9714423,86.7,2518.2,359.6,2527.8,1,22,10,22,0.86,22
2026-01-15T09:31:34.267Z,46.9541788,10.971442,86.8,2518.5,54.7,2527.4,1,93,12,93,0.62,93
2026-01-15T09:31:34.367Z,46.9541924,10.9714701,86.8,2517.3,337.8,2526.7,1,95,12,95,0.82,95
2026-01-15T09:31:34.467Z,46.954219,10.9714542,86.8,2518,62.4,2526.2,1,21,12,21,0.61,21
2026-01-15T09:31:34.567Z,46.9542309,10.9714875,86.8,2517.6,317.5,2526.3,1,62,10,62,0.98,62
2026-01-15T09:31:34.667Z,46.9542437,10.9714703,86.9,2516.5,36.5,2525.9,1,30,9,30,1.03,30
2026-01-15T09:31:34.767Z,46.9542666,10.9714951,86.9,2515.5,20.6,2525,1,59,13,59,1.12,59
2026-01-15T09:31:34.867Z,46.9543038,10.9715156,86.9,2516.4,330,2524.5,1,81,9,81,0.74,81
2026-01-15T09:31:34.967Z,46.9543168,10.9715046,86.9,2515.5,41.5,2524.6,1,34,9,34,0.71,34
2026-01-15T09:31:35.067Z,46.9543405,10.9715353,86.9,2514.3,5.1,2524.1,1,44,11,44,1.12,44
2026-01-15T09:31:35.167Z,46.9543628,10.9715382,87,2514.9,24,2523.4,1,99,12,99,0.93,99
2026-01-15T09:31:35.267Z,46.9543804,10.9715497,87,2514.2,357.7,2523.4,1,41,13,41,0.97,41
2026-01-15T09:31:35.367Z,46.9544037,10.9715483,87,2513.2,7.4,2522.8,1,53,9,53,1.03,53
2026-01-15T09:31:35.467Z,46.9544216,10.9715517,87,2514,57.5,2522.7,1,44,12,44,1.18,44
2026-01-15T09:31:35.567Z,46.9544352,10.971583,87,2514.1,343.1,2522.2,1,37,11,37,0.88,37
2026-01-15T09:31:35.667Z,46.9544543,10.9715745,87.1,2513.1,15.5,2521.5,1,46,8,46,1,46
2026-01-15T09:31:35.767Z,46.9544839,10.9715865,87.1,2511.8,353.4,2521.1,1,63,9,63,0.75,63
2026-01-15T09:31:35.867Z,46.9544962,10.9715844,87.1,2511.3,39,2520.7,1,92,12,92,1.12,92
2026-01-15T09:31:35.967Z,46.9545204,10.9716131,87.1,2510.3,15.1,2520.4,1,21,11,21,1.1,21
2026-01-15T09:31:36.067Z,46.9545402,10.9716209,87.1,2510.2,352.1,2520.2,1,74,11,74,0.93,74
2026-01-15T09:31:36.167Z,46.9545742,10.971614,87.2,2510.9,35.5,2519.4,1,97,10,97,0.68,97
2026-01-15T09:31:36.267Z,46.9545856,10.9716259,87.2,2511.2,30.6,2519.1,1,70,8,70,0.91,70
2026-01-15T09:31:36.367Z,46.9545992,10.9716377,87.2,2510.8,38,2518.9,1,78,10,78,0.62,78
2026-01-15T09:31:36.467Z,46.9546293,10.9716722,87.2,2509.4,23.9,2518.4,1,60,8,60,0.84,60
2026-01-15T09:31:36.567Z,46.9546347,10.9716757,87.2,2509.6,31,2517.7,1,89,12,89,1.1,89
2026-01-15T09:31:36.667Z,46.9546714,10.971708,87.3,2508.9,35.5,2517.6,1,57,13,57,1.14,57
2026-01-15T09:31:36.767Z,46.9546757,10.9717125,87.3,2508.1,30.3,2517,1,95,11,95,0.73,95
2026-01-15T09:31:36.867Z,46.9547018,10.9717348,87.3,2507.9,10.8,2516.9,1,58,11,58,1.17,58
2026-01-15T09:31:36.967Z,46.9547207,10.9717401,87.3,2508.2,24.9,2516.1,1,41,8,41,0.77,41
2026-01-15T09:31:37.067Z,46.9547357,10.9717503,87.3,2506.5,36.3,2515.7,1,95,9,95,0.89,95
2026-01-15T09:31:37.167Z,46.9547545,10.9717705,87.3,2505.7,10.4,2515.3,1,66,11,66,0.84,66
2026-01-15T09:31:37.267Z,46.9547757,10.9717762,87.4,2506.1,31.2,2514.9,1,63,10,63,0.65,63
2026-01-15T09:31:37.367Z,46.9547967,10.9717948,87.4,2504.5,1.1,2514.7,1,39,9,39,0.82,39
2026-01-15T09:31:37.467Z,46.9548289,10.9717957,87.4,2506.4,29.4,2514,1,68,13,68,0.78,68
2026-01-15T09:31:37.567Z,46.954849,10.9718123,87.4,2504.9,30.4,2514,1,76,12,76,0.8,76
2026-01-15T09:31:37.667Z,46.9548648,10.9718259,87.4,2505,41.5,2513.3,1,91,9,91,0.64,91
2026-01-15T09:31:37.767Z,46.9548843,10.9718512,87.4,2503.8,4.2,2512.9,1,76,11,76,1.19,76
2026-01-15T09:31:37.867Z,46.9549067,10.9718536,87.5,2503.8,18.2,2512.7,1,63,8,63,0.85,63
2026-01-15T09:31:37.967Z,46.9549266,10.9718632,87.5,2503.6,70.7,2512.1,1,28,12,28,0.75,28
2026-01-15T09:31:38.067Z,46.9549309,10.9718812,87.5,2501.6,7.2,2511.7,1,49,8,49,0.98,49
2026-01-15T09:31:38.167Z,46.9549662,10.9718877,87.5,2503.3,36.4,2511.1,1,74,10,74,1.1,74
2026-01-15T09:31:38.267Z,46.9549802,10.9719028,87.5,2501.9,35.8,2510.9,1,68,12,68,0.92,68
2026-01-15T09:31:38.367Z,46.9550032,10.9719271,87.5,2501.7,354,2510.6,1,58,9,58,1.09,58
2026-01-15T09:31:38.467Z,46.9550123,10.9719257,87.5,2501.2,19.4,2510.3,1,34,9,34,1.13,34
2026-01-15T09:31:38.567Z,46.9550404,10.9719402,87.6,2499.8,45.8,2509.7,1,49,12,49,0.74,49
2026-01-15T09:31:38.667Z,46.9550523,10.9719581,87.6,2500.6,31.6,2509.5,1,60,11,60,0.77,60
2026-01-15T09:31:38.767Z,46.9550829,10.9719857,87.6,2499.2,22.4,2509,1,56,12,56,1.12,56
2026-01-15T09:31:38.867Z,46.9550945,10.9719927,87.6,2500.6,22.6,2508.7,1,86,12,86,0.73,86
2026-01-15T09:31:38.967Z,46.9551143,10.9720048,87.6,2498.6,1,2507.8,1,43,12,43,0.91,43
2026-01-15T09:31:39.067Z,46.955141,10.9720055,87.6,2498.1,49,2507.6,1,84,12,84,0.93,84
2026-01-15T09:31:39.167Z,46.9551492,10.9720193,87.6,2499.5,19.8,2507.4,1,40,10,40,0.82,40
2026-01-15T09:31:39.267Z,46.9551793,10.9720352,87.7,2498.1,66.9,2506.8,1,22,12,22,0.98,22
2026-01-15T09:31:39.367Z,46.9551911,10.9720757,87.7,2496.8,10.4,2506.4,1,24,13,24,1.12,24
2026-01-15T09:31:39.467Z,46.9552242,10.9720846,87.7,2496.8,67.1,2506.2,1,60,9,60,0.94,60
2026-01-15T09:31:39.567Z,46.9552301,10.9721051,87.7,2496.2,9.2,2505.4,1,38,12,38,0.93,38
2026-01-15T09:31:39.667Z,46.9552558,10.9721112,87.7,2496.4,25.4,2505,1,45,11,45,1.17,45
2026-01-15T09:31:39.767Z,46.9552827,10.9721299,87.7,2495.6,37.2,2504.8,1,68,13,68,0.92,68
2026-01-15T09:31:39.867Z,46.9552972,10.972146,87.7,2494.9,15.8,2504.6,1,91,12,91,1.2,91
2026-01-15T09:31:39.967Z,46.9553136,10.9721528,87.7,2494.7,18.3,2503.8,1,63,11,63,1.18,63
2026-01-15T09:31:40.067Z,46.9553287,10.9721601,87.7,2493.9,42.3,2503.7,1,39,9,39,1.01,39
2026-01-15T09:31:40.167Z,46.9553535,10.9721932,87.8,2494.7,34.4,2503,1,21,8,21,0.85,21
2026-01-15T09:31:40.267Z,46.9553738,10.9722136,87.8,2492.8,17.5,2502.7,1,77,13,77,1.04,77
2026-01-15T09:31:40.367Z,46.9553805,10.9722167,87.8,2494.4,27.8,2502.1,1,33,10,33,1.16,33
2026-01-15T09:31:40.467Z,46.9554038,10.9722347,87.8,2492,14.8,2502.1,1,83,8,83,0.64,83
2026-01-15T09:31:40.567Z,46.9554216,10.9722416,87.8,2492.1,47,2501.6,1,22,9,22,1.05,22
2026-01-15T09:31:40.667Z,46.9554409,10.9722719,87.8,2493.2,13.1,2500.9,1,42,11,42,0.62,42
2026-01-15T09:31:40.767Z,46.9554681,10.9722812,87.8,2492,62.9,2500.4,1,98,10,98,0.93,98
2026-01-15T09:31:40.867Z,46.9554723,10.9722932,87.8,2491.1,39.2,2500.4,1,84,9,84,1.11,84
2026-01-15T09:31:40.967Z,46.9555074,10.9723352,87.8,2490.9,342,2500.1,1,60,8,60,0.83,60
2026-01-15T09:31:41.067Z,46.9555137,10.9723322,87.8,2489.6,59.5,2499.2,1,59,9,59,0.71,59
2026-01-15T09:31:41.167Z,46.9555302,10.9723733,87.9,2489.6,10.7,2499.1,1,71,10,71,0.93,71
2026-01-15T09:31:41.267Z,46.9555619,10.9723821,87.9,2489.8,63.4,2498.7,1,22,11,22,0.86,22
2026-01-15T09:31:41.367Z,46.9555719,10.9724114,87.9,2489,11.3,2498.3,1,49,8,49,0.88,49
2026-01-15T09:31:41.467Z,46.9555784,10.9724133,87.9,2489.4,73.9,2498,1,58,8,58,0.86,58
2026-01-15T09:31:41.567Z,46.9555855,10.9724493,87.9,2488,42.6,2497.4,1,49,11,49,1.14,49
2026-01-15T09:31:41.667Z,46.955611,10.9724837,87.9,2489,57.9,2497.1,1,56,13,56,0.85,56
2026-01-15T09:31:41.767Z,46.955623,10.9725117,87.9,2488,51.9,2496.5,1,96,11,96,0.87,96
2026-01-15T09:31:41.867Z,46.9556314,10.9725274,87.9,2487.8,32.3,2496.2,1,56,11,56,0.87,56
2026-01-15T09:31:41.967Z,46.9556489,10.9725436,87.9,2486.2,67.5,2495.6,1,83,11,83,0.87,83
2026-01-15T09:31:42.067Z,46.9556596,10.9725814,87.9,2486.9,13.9,2495.4,1,52,10,52,0.84,52
2026-01-15T09:31:42.167Z,46.9556841,10.9725903,87.9,2485.8,71.3,2495,1,20,12,20,1.04,20
2026-01-15T09:31:42.267Z,46.9556949,10.9726371,87.9,2485.3,16.8,2494.5,1,26,11,26,0.7,26
2026-01-15T09:31:42.367Z,46.9557175,10.9726471,87.9,2485.8,85.5,2494.1,1,55,13,55,1.17,55
2026-01-15T09:31:42.467Z,46.9557183,10.972662,87.9,2485.1,49.7,2493.5,1,87,11,87,0.95,87
2026-01-15T09:31:42.567Z,46.9557362,10.9726929,87.9,2484.6,61.4,2493.3,1,39,10,39,0.89,39
2026-01-15T09:31:42.667Z,46.9557492,10.9727279,87.9,2483.5,48.2,2493,1,98,8,98,1.06,98
2026-01-15T09:31:42.767Z,46.9557702,10.9727623,88,2482.8,56.9,2492.4,1,63,8,63,1.14,63
2026-01-15T09:31:42.867Z,46.9557774,10.9727785,88,2483.8,37.6,2492.2,1,96,13,96,0.67,96
2026-01-15T09:31:42.967Z,46.9557994,10.9728033,88,2483.7,76.7,2491.3,1,74,10,74,1.14,74
2026-01-15T09:31:43.067Z,46.9558043,10.9728336,88,2483.1,22.9,2491.1,1,83,12,83,0.74,83
2026-01-15T09:31:43.167Z,46.9558177,10.9728419,88,2481.4,48.1,2491.1,1,77,12,77,1,77
2026-01-15T09:31:43.267Z,46.9558343,10.972869,88,2480.3,65.6,2490.1,1,24,11,24,0.88,24
2026-01-15T09:31:43.367Z,46.9558475,10.9729116,88,2481.7,10.2,2489.7,1,40,11,40,1.03,40
2026-01-15T09:31:43.467Z,46.9558707,10.9729177,88,2479.4,89.4,2489.3,1,67,13,67,0.85,67
2026-01-15T09:31:43.567Z,46.9558709,10.9729472,88,2480.2,39.7,2488.9,1,56,13,56,1.19,56
2026-01-15T09:31:43.667Z,46.9558932,10.9729743,88,2479.4,19.4,2488.4,1,36,12,36,0.94,36
2026-01-15T09:31:43.767Z,46.9559143,10.9729852,88,2478.9,84.9,2488,1,57,8,57,0.65,57
2026-01-15T09:31:43.867Z,46.9559157,10.973008,88,2479.6,44.5,2487.9,1,90,8,90,0.86,90
2026-01-15T09:31:43.967Z,46.955939,10.9730415,88,2479.4,54.9,2487.3,1,31,10,31,0.76,31
2026-01-15T09:31:44.067Z,46.9559544,10.9730736,88,2478.7,62.5,2486.8,1,74,9,74,1.09,74
2026-01-15T09:31:44.167Z,46.9559615,10.9730936,88,2478.6,44.9,2486.8,1,72,9,72,0.74,72
2026-01-15T09:31:44.267Z,46.9559784,10.9731183,88,2476.4,72.5,2486.5,1,38,11,38,0.62,38
2026-01-15T09:31:44.367Z,46.9559848,10.9731481,88,2477.4,39.9,2486.1,1,71,9,71,0.81,71
2026-01-15T09:31:44.467Z,46.9560108,10.97318,88,2477.4,81.1,2485.5,1,72,11,72,0.91,72
2026-01-15T09:31:44.567Z,46.9560134,10.9732044,88,2475.6,35.6,2485.2,1,25,9,25,1.09,25
2026-01-15T09:31:44.667Z,46.956032,10.9732239,88,2476.4,64.5,2484.3,1,24,12,24,0.93,24
2026-01-15T09:31:44.767Z,46.9560434,10.9732589,88,2475.3,359.4,2484.3,1,81,8,81,0.81,81
2026-01-15T09:31:44.867Z,46.956056,10.9732587,88,2474.8,50.7,2483.5,1,41,12,41,0.82,41
2026-01-15T09:31:44.967Z,46.9560687,10.9732814,88,2474.5,49.7,2483.3,1,61,10,61,1.1,61
2026-01-15T09:31:45.067Z,46.9560896,10.9733175,88,2474.6,44,2482.7,1,84,9,84,0.65,84
2026-01-15T09:31:45.167Z,46.9561039,10.9733377,88,2472.6,87.5,2482.8,1,51,10,51,1.06,51
2026-01-15T09:31:45.267Z,46.9561048,10.9733677,88,2473.2,27.2,2482,1,85,8,85,1.07,85
2026-01-15T09:31:45.367Z,46.9561238,10.973382,88,2473.5,44.6,2481.9,1,66,8,66,0.87,66
2026-01-15T09:31:45.467Z,46.9561528,10.9734239,88,2472.4,72.4,2481.4,1,35,13,35,0.7,35
2026-01-15T09:31:45.567Z,46.9561572,10.9734442,88,2473,2.6,2481,1,50,10,50,0.86,50
2026-01-15T09:31:45.667Z,46.9561705,10.9734451,88,2470.2,48.8,2480.6,1,65,10,65,0.87,65
2026-01-15T09:31:45.767Z,46.9561985,10.9734919,88,2471.9,358.7,2480.2,1,36,9,36,1.02,36
2026-01-15T09:31:45.867Z,46.9562043,10.9734917,88,2470.2,31.9,2479.5,1,42,9,42,1.08,42
2026-01-15T09:31:45.967Z,46.9562342,10.973519,88,2470.9,49.1,2479.4,1,93,10,93,0.81,93
2026-01-15T09:31:46.067Z,46.9562493,10.9735445,88,2470.4,64.3,2479.1,1,93,13,93,0.7,93
2026-01-15T09:31:46.167Z,46.9562569,10.9735676,88,2469.7,40.3,2478.7,1,72,13,72,0.64,72
2026-01-15T09:31:46.267Z,46.9562795,10.9735957,88,2470.2,39.2,2477.8,1,87,8,87,1.01,87
2026-01-15T09:31:46.367Z,46.9563007,10.973621,88,2468.9,341,2477.3,1,41,10,41,0.79,41
2026-01-15T09:31:46.467Z,46.956311,10.9736158,88,2469.1,72.6,2477.3,1,95,12,95,0.71,95
2026-01-15T09:31:46.567Z,46.9563193,10.9736546,88,2467.7,44.3,2476.5,1,50,11,50,1.15,50
2026-01-15T09:31:46.667Z,46.9563418,10.9736868,88,2466.1,352.6,2476.1,1,35,12,35,0.9,35
2026-01-15T09:31:46.767Z,46.9563644,10.9736825,88,2467.4,65.5,2475.6,1,39,10,39,1.05,39
2026-01-15T09:31:46.867Z,46.9563782,10.9737269,87.9,2467.4,350,2475.4,1,46,10,46,0.92,46
2026-01-15T09:31:46.967Z,46.9563956,10.9737224,87.9,2467.1,66.5,2474.8,1,54,9,54,1.01,54
2026-01-15T09:31:47.067Z,46.9564066,10.9737595,87.9,2466.3,6.9,2474.7,1,37,12,37,1.07,37
2026-01-15T09:31:47.167Z,46.956431,10.9737638,87.9,2464.2,68.9,2474.4,1,30,12,30,0.69,30
2026-01-15T09:31:47.267Z,46.9564443,10.9738144,87.9,2464.5,72.7,2473.7,1,97,8,97,1,97
2026-01-15T09:31:47.367Z,46.9564486,10.9738346,87.9,2464.7,42,2473.2,1,48,8,48,0.98,48
2026-01-15T09:31:47.467Z,46.9564633,10.973854,87.9,2465.2,2.8,2473.1,1,94,10,94,0.92,94
2026-01-15T09:31:47.567Z,46.9564972,10.9738564,87.9,2462.7,84.6,2472.9,1,90,9,90,0.92,90
2026-01-15T09:31:47.667Z,46.9564995,10.9738922,87.9,2464.4,6.2,2471.9,1,79,9,79,1.06,79
2026-01-15T09:31:47.767Z,46.956512,10.9738942,87.9,2464,56.4,2471.7,1,32,12,32,0.8,32
2026-01-15T09:31:47.867Z,46.9565273,10.973928,87.9,2461.5,21.1,2471.4,1,31,8,31,0.91,31
2026-01-15T09:31:47.967Z,46.9565503,10.973941,87.9,2463.2,57.4,2471.2,1,37,8,37,1.18,37
2026-01-15T09:31:48.067Z,46.9565697,10.9739855,87.9,2461.8,29.5,2470.8,1,20,10,20,1.18,20
2026-01-15T09:31:48.167Z,46.9565826,10.9739962,87.9,2461.4,77.2,2470.3,1,84,8,84,1.02,84
2026-01-15T09:31:48.267Z,46.956588,10.9740309,87.9,2460.2,66.2,2469.8,1,78,10,78,0.82,78
2026-01-15T09:31:48.367Z,46.9565997,10.9740697,87.8,2459.9,60.3,2469.4,1,97,9,97,1.08,97
2026-01-15T09:31:48.467Z,46.9566106,10.9740977,87.8,2459.5,44.3,2468.8,1,34,11,34,0.97,34
2026-01-15T09:31:48.567Z,46.9566268,10.9741209,87.8,2459.5,115.6,2468.3,1,41,10,41,1.19,41
2026-01-15T09:31:48.667Z,46.9566191,10.9741444,87.8,2458,50.3,2468.1,1,57,11,57,0.86,57
2026-01-15T09:31:48.767Z,46.9566322,10.9741675,87.8,2458.2,72.9,2467.7,1,90,12,90,0.74,90
2026-01-15T09:31:48.867Z,46.9566424,10.9742161,87.8,2457.9,74.8,2467.2,1,83,9,83,0.66,83
2026-01-15T09:31:48.967Z,46.9566457,10.9742339,87.8,2457.3,72.8,2467.1,1,87,9,87,0.92,87
2026-01-15T09:31:49.067Z,46.9566536,10.9742713,87.8,2457.7,57.4,2466.7,1,98,8,98,0.77,98
2026-01-15T09:31:49.167Z,46.9566704,10.9743098,87.8,2456.9,11.5,2465.9,1,45,8,45,0.99,45
2026-01-15T09:31:49.267Z,46.9566862,10.9743145,87.8,2456.3,110.7,2465.5,1,55,9,55,0.89,55
2026-01-15T09:31:49.367Z,46.9566767,10.9743513,87.8,2457.4,73.7,2464.9,1,36,10,36,1.02,36
2026-01-15T09:31:49.467Z,46.9566835,10.9743853,87.7,2454.8,37.4,2465,1,90,10,90,1.19,90
2026-01-15T09:31:49.567Z,46.9567027,10.9744068,87.7,2456.3,85.5,2464.6,1,93,12,93,1.08,93
2026-01-15T09:31:49.667Z,46.9567053,10.9744555,87.7,2454.7,61.4,2463.8,1,88,11,88,0.63,88
2026-01-15T09:31:49.767Z,46.9567108,10.9744703,87.7,2453.5,43.3,2463.3,1,50,12,50,0.89,50
2026-01-15T09:31:49.867Z,46.9567317,10.9744992,87.7,2454,77.4,2462.9,1,36,10,36,0.82,36
2026-01-15T09:31:49.967Z,46.9567353,10.9745228,87.7,2454.3,68.7,2463,1,35,13,35,1.1,35
2026-01-15T09:31:50.067Z,46.9567453,10.9745604,87.7,2454.1,68.5,2462.5,1,22,11,22,1.13,22
2026-01-15T09:31:50.167Z,46.9567534,10.9745906,87.7,2453,93.5,2462,1,72,9,72,0.67,72
2026-01-15T09:31:50.267Z,46.9567524,10.9746144,87.7,2451.5,56,2461.5,1,96,12,96,0.64,96
2026-01-15T09:31:50.367Z,46.9567633,10.9746381,87.6,2452.7,70.3,2461.1,1,21,13,21,0.86,21
2026-01-15T09:31:50.467Z,46.9567715,10.9746716,87.6,2452.4,56.2,2460.8,1,46,9,46,1.17,46
2026-01-15T09:31:50.567Z,46.9567908,10.9747138,87.6,2451.9,112.2,2460.5,1,35,13,35,0.88,35
2026-01-15T09:31:50.667Z,46.9567823,10.9747443,87.6,2450.3,35.5,2460.2,1,30,8,30,0.9,30
2026-01-15T09:31:50.767Z,46.9568081,10.9747713,87.6,2450.1,88.2,2459.5,1,64,9,64,1.02,64
2026-01-15T09:31:50.867Z,46.956809,10.974814,87.6,2449.6,51.9,2459,1,86,13,86,0.79,86
2026-01-15T09:31:50.967Z,46.9568246,10.9748431,87.6,2450.1,60.2,2458.5,1,36,10,36,1.16,36
2026-01-15T09:31:51.067Z,46.9568332,10.9748651,87.5,2449.8,65.9,2458.4,1,58,11,58,1.09,58
2026-01-15T09:31:51.167Z,46.9568368,10.9748769,87.5,2448.9,75.6,2457.6,1,88,13,88,1.18,88
2026-01-15T09:31:51.267Z,46.9568419,10.9749059,87.5,2449,65.3,2457.5,1,71,12,71,1.18,71
2026-01-15T09:31:51.367Z,46.956853,10.9749412,87.5,2448.6,87.9,2457.2,1,88,8,88,1.17,88
2026-01-15T09:31:51.467Z,46.9568538,10.9749739,87.5,2448.3,72,2456.9,1,95,12,95,1.19,95
2026-01-15T09:31:51.567Z,46.9568636,10.9750182,87.5,2446.1,64.5,2456,1,37,13,37,0.66,37
2026-01-15T09:31:51.667Z,46.9568726,10.9750459,87.5,2447.4,71.8,2455.9,1,83,9,83,1.07,83
2026-01-15T09:31:51.767Z,46.9568799,10.9750785,87.4,2446.8,47.9,2455.6,1,26,10,26,1.01,26
2026-01-15T09:31:51.867Z,46.9568975,10.975107,87.4,2445.5,149.7,2455,1,77,12,77,0.84,77
2026-01-15T09:31:51.967Z,46.9568898,10.9751136,87.4,2445.9,53.5,2454.6,1,76,13,76,0.76,76
2026-01-15T09:31:52.067Z,46.9569133,10.9751602,87.4,2446.2,69.9,2454.1,1,69,10,69,0.69,69
2026-01-15T09:31:52.167Z,46.9569184,10.9751806,87.4,2444.3,96.6,2453.7,1,50,13,50,0.83,50
2026-01-15T09:31:52.267Z,46.9569146,10.9752286,87.4,2444,32.9,2453.4,1,54,9,54,0.63,54
2026-01-15T09:31:52.367Z,46.9569363,10.9752492,87.3,2444.5,77.9,2452.8,1,57,13,57,0.97,57
2026-01-15T09:31:52.467Z,46.9569414,10.975284,87.3,2443.5,69.5,2452.5,1,38,9,38,0.65,38
2026-01-15T09:31:52.567Z,46.9569461,10.9753024,87.3,2442.8,56.3,2452.2,1,79,13,79,0.73,79
2026-01-15T09:31:52.667Z,46.9569627,10.9753388,87.3,2443.5,90,2451.9,1,57,8,57,0.87,57
2026-01-15T09:31:52.767Z,46.9569627,10.9753552,87.3,2441.7,70.9,2451.3,1,40,13,40,0.93,40
2026-01-15T09:31:52.867Z,46.9569749,10.9754067,87.3,2442.3,93.7,2450.9,1,52,13,52,0.79,52
2026-01-15T09:31:52.967Z,46.956974,10.9754271,87.2,2441.2,48.4,2450.7,1,80,13,80,0.62,80
2026-01-15T09:31:53.067Z,46.9569946,10.9754611,87.2,2441.1,90,2449.9,1,35,8,35,1.19,35
2026-01-15T09:31:53.167Z,46.9569946,10.9754917,87.2,2440.5,38.7,2449.8,1,59,9,59,0.81,59
2026-01-15T09:31:53.267Z,46.9570015,10.9754998,87.2,2439.1,82.6,2449.4,1,21,8,21,0.68,21
2026-01-15T09:31:53.367Z,46.9570058,10.9755482,87.2,2439.2,43.7,2448.6,1,41,12,41,0.6,41
2026-01-15T09:31:53.467Z,46.957025,10.9755751,87.1,2440,70.3,2448.4,1,31,12,31,0.91,31
2026-01-15T09:31:53.567Z,46.9570344,10.9756136,87.1,2438.8,65.3,2448.2,1,83,11,83,0.69,83
2026-01-15T09:31:53.667Z,46.9570444,10.9756454,87.1,2439.4,44.3,2447.7,1,67,11,67,1.05,67
2026-01-15T09:31:53.767Z,46.9570532,10.975658,87.1,2439.1,78.6,2447,1,74,12,74,0.77,74
2026-01-15T09:31:53.867Z,46.9570587,10.9756979,87.1,2437.9,106.9,2446.5,1,23,12,23,0.75,23
2026-01-15T09:31:53.967Z,46.9570518,10.9757311,87,2438.3,61.3,2446.5,1,51,9,51,1.18,51
2026-01-15T09:31:54.067Z,46.9570614,10.9757568,87,2437.5,40,2445.9,1,74,8,74,0.65,74
2026-01-15T09:31:54.167Z,46.9570746,10.975773,87,2437.6,103,2445.6,1,56,8,56,1.1,56
2026-01-15T09:31:54.267Z,46.9570668,10.9758224,87,2436.1,79.8,2445.2,1,84,11,84,0.87,84
2026-01-15T09:31:54.367Z,46.9570695,10.9758443,87,2434.8,81.7,2444.7,1,32,12,32,0.92,32
2026-01-15T09:31:54.467Z,46.9570727,10.9758766,86.9,2434.7,74.3,2444.3,1,58,9,58,1.13,58
2026-01-15T09:31:54.567Z,46.9570801,10.9759153,86.9,2434.5,81,2443.6,1,60,8,60,0.75,60
2026-01-15T09:31:54.667Z,46.9570837,10.9759486,86.9,2435,51.2,2443.4,1,80,10,80,1.18,80
2026-01-15T09:31:54.767Z,46.957096,10.975971,86.9,2433.5,84.8,2443.4,1,55,11,55,1.13,55
2026-01-15T09:31:54.867Z,46.9570972,10.9759903,86.8,2433.9,87.5,2442.6,1,51,8,51,0.71,51
2026-01-15T09:31:54.967Z,46.9570986,10.9760375,86.8,2432.4,67,2442.2,1,22,13,22,0.66,22
2026-01-15T09:31:55.067Z,46.9571064,10.9760644,86.8,2433.9,73.9,2441.8,1,52,13,52,0.71,52
2026-01-15T09:31:55.167Z,46.9571125,10.9760954,86.8,2431.4,86.2,2441.8,1,63,8,63,0.89,63
2026-01-15T09:31:55.267Z,46.9571143,10.9761351,86.8,2431.8,58.1,2440.8,1,49,13,49,0.67,49
2026-01-15T09:31:55.367Z,46.9571282,10.9761678,86.7,2432,132.8,2440.8,1,74,8,74,0.6,74
2026-01-15T09:31:55.467Z,46.9571186,10.976183,86.7,2431,54.9,2440.5,1,68,12,68,0.95,68
2026-01-15T09:31:55.567Z,46.957132,10.9762109,86.7,2431,106.8,2440,1,84,8,84,0.87,84
2026-01-15T09:31:55.667Z,46.9571251,10.9762443,86.7,2430.4,98.9,2439.7,1,75,12,75,1.14,75
2026-01-15T09:31:55.767Z,46.9571203,10.9762891,86.6,2430,61.9,2438.8,1,69,11,69,0.75,69
2026-01-15T09:31:55.867Z,46.9571318,10.9763207,86.6,2429.2,114.6,2438.5,1,71,10,71,0.63,71
2026-01-15T09:31:55.967Z,46.9571257,10.9763402,86.6,2430.2,83,2438.3,1,51,12,51,1.11,51
2026-01-15T09:31:56.067Z,46.9571298,10.9763893,86.6,2428,104.4,2437.9,1,47,8,47,0.71,47
2026-01-15T09:31:56.167Z,46.9571242,10.9764212,86.5,2427.2,131.8,2437.4,1,36,13,36,0.6,36
2026-01-15T09:31:56.267Z,46.9571078,10.9764481,86.5,2428.3,93,2436.8,1,59,8,59,0.84,59
2026-01-15T09:31:56.367Z,46.9571068,10.9764764,86.5,2426.4,100.2,2436.9,1,87,11,87,0.76,87
2026-01-15T09:31:56.467Z,46.9571039,10.9765001,86.5,2426.4,114.7,2436.2,1,44,9,44,1.07,44
2026-01-15T09:31:56.567Z,46.9570955,10.9765268,86.4,2426,114.2,2436,1,78,13,78,1.18,78
2026-01-15T09:31:56.667Z,46.9570863,10.9765568,86.4,2427.6,103.4,2435.4,1,38,12,38,0.85,38
2026-01-15T09:31:56.767Z,46.9570796,10.976598,86.4,2426.5,116.2,2435.1,1,43,12,43,0.71,43
2026-01-15T09:31:56.867Z,46.9570751,10.9766114,86.4,2426.5,126.1,2434.8,1,82,13,82,1.01,82
2026-01-15T09:31:56.967Z,46.9570669,10.9766279,86.3,2424.4,135.2,2434.3,1,48,11,48,0.63,48
2026-01-15T09:31:57.067Z,46.9570373,10.9766709,86.3,2423.5,146.7,2433.8,1,78,10,78,0.64,78
2026-01-15T09:31:57.167Z,46.9570216,10.976686,86.3,2425.5,114.1,2433.2,1,87,10,87,0.79,87
2026-01-15T09:31:57.267Z,46.9570117,10.9767185,86.3,2425.1,131.5,2433,1,45,10,45,1.17,45
2026-01-15T09:31:57.367Z,46.9570004,10.9767372,86.2,2422.7,105.5,2432.7,1,61,13,61,1.1,61
2026-01-15T09:31:57.467Z,46.9569944,10.976769,86.2,2422.4,142.6,2431.9,1,88,12,88,1.02,88
2026-01-15T09:31:57.567Z,46.9569739,10.976792,86.2,2423.1,178.8,2432,1,51,10,51,1.04,51
2026-01-15T09:31:57.667Z,46.9569508,10.9767927,86.2,2422.3,132,2431.4,1,63,11,63,0.95,63
2026-01-15T09:31:57.767Z,46.9569365,10.976816,86.1,2422.6,93.1,2430.8,1,32,11,32,0.83,32
2026-01-15T09:31:57.867Z,46.9569352,10.9768517,86.1,2420.4,157.9,2430.6,1,70,13,70,1.01,70
2026-01-15T09:31:57.967Z,46.9569206,10.9768604,86.1,2421.4,131.4,2430.3,1,32,12,32,0.9,32
2026-01-15T09:31:58.067Z,46.956902,10.9768913,86,2420.6,126.9,2429.7,1,37,12,37,0.65,37
2026-01-15T09:31:58.167Z,46.9568867,10.9769212,86,2419.2,146.9,2429.3,1,23,9,23,1.16,23
2026-01-15T09:31:58.267Z,46.9568626,10.9769442,86,2419.3,127.8,2428.9,1,32,9,32,0.75,32
2026-01-15T09:31:58.367Z,46.9568512,10.9769657,86,2420.4,125.9,2428.4,1,96,11,96,0.71,96
2026-01-15T09:31:58.467Z,46.9568424,10.9769835,85.9,2419.9,171.4,2428.1,1,36,13,36,1.12,36
2026-01-15T09:31:58.567Z,46.9568172,10.9769891,85.9,2417.9,135,2427.6,1,35,9,35,0.7,35
2026-01-15T09:31:58.667Z,46.9567929,10.9770247,85.9,2419.2,116.8,2427.1,1,28,9,28,0.65,28
2026-01-15T09:31:58.767Z,46.9567828,10.977054,85.9,2417.3,159,2427,1,62,9,62,1.13,62
2026-01-15T09:31:58.867Z,46.9567739,10.977059,85.8,2418.1,147.8,2426.7,1,71,13,71,0.78,71
2026-01-15T09:31:58.967Z,46.9567494,10.9770816,85.8,2417.1,99.1,2426.3,1,27,12,27,0.92,27
2026-01-15T09:31:59.067Z,46.9567469,10.9771044,85.8,2416.7,127.2,2425.8,1,37,8,37,0.73,37
2026-01-15T09:31:59.167Z,46.9567332,10.9771308,85.7,2416.7,146.6,2425.2,1,48,12,48,1.14,48
2026-01-15T09:31:59.267Z,46.9567032,10.9771598,85.7,2415.7,145.3,2424.9,1,49,13,49,0.7,49
2026-01-15T09:31:59.367Z,46.9566878,10.9771754,85.7,2415.6,120.5,2424.4,1,87,12,87,1.19,87
2026-01-15T09:31:59.467Z,46.9566814,10.9771913,85.6,2415.1,157.5,2424.3,1,76,11,76,0.62,76
2026-01-15T09:31:59.567Z,46.9566631,10.9772024,85.6,2415.3,113.4,2423.5,1,87,10,87,0.61,87
2026-01-15T09:31:59.667Z,46.9566516,10.9772413,85.6,2414.7,162.8,2423.4,1,64,8,64,0.66,64
2026-01-15T09:31:59.767Z,46.9566335,10.9772495,85.6,2414.2,133,2422.7,1,22,12,22,0.85,22
2026-01-15T09:31:59.867Z,46.9566151,10.9772784,85.5,2413.5,127.9,2422.7,1,95,8,95,0.61,95
2026-01-15T09:31:59.967Z,46.9566082,10.9772914,85.5,2412.8,132.4,2421.9,1,91,9,91,0.65,91
2026-01-15T09:32:00.067Z,46.9565902,10.9773203,85.5,2413.1,135.2,2421.4,1,98,10,98,1.12,98
2026-01-15T09:32:00.167Z,46.9565635,10.9773592,85.4,2411.6,133.9,2421,1,22,9,22,0.78,22
2026-01-15T09:32:00.267Z,46.956561,10.977363,85.4,2410.9,139.1,2421,1,66,10,66,0.75,66
2026-01-15T09:32:00.367Z,46.9565305,10.9774017,85.4,2412.3,210.3,2420.7,1,51,12,51,0.73,51
2026-01-15T09:32:00.467Z,46.9565243,10.9773964,85.3,2410.4,24.1,2420,1,23,12,23,1.11,23
2026-01-15T09:32:00.567Z,46.9565373,10.9774049,85.3,2409.8,5,2418.4,1,87,12,87,0.79,87
2026-01-15T09:32:00.667Z,46.9565663,10.9774086,85.3,2407,323.1,2417.1,1,34,13,34,0.64,34
2026-01-15T09:32:00.767Z,46.9565835,10.9773897,85.2,2406.3,359.6,2415,1,50,10,50,0.8,50
2026-01-15T09:32:00.867Z,46.9566014,10.9773895,85.2,2405,298.4,2413.4,1,79,10,79,1.09,79
2026-01-15T09:32:00.967Z,46.9566099,10.9773665,85.2,2402.9,0.2,2412,1,82,12,82,0.6,82
2026-01-15T09:32:01.067Z,46.9566318,10.9773666,85.1,2400.8,354.8,2410.2,1,97,13,97,0.61,97
2026-01-15T09:32:01.167Z,46.9566678,10.9773618,85.1,2399.8,334.3,2408.6,1,50,9,50,0.82,50
2026-01-15T09:32:01.267Z,46.9566793,10.9773537,85.1,2398.8,335.8,2406.4,1,46,9,46,0.69,46
2026-01-15T09:32:01.367Z,46.9567022,10.9773386,85.1,2396.4,355.8,2405.1,1,63,12,63,0.82,63
2026-01-15T09:32:01.467Z,46.9567237,10.9773363,85,2393.6,17.1,2403.3,1,29,13,29,1.11,29
2026-01-15T09:32:01.567Z,46.9567487,10.9773476,85,2391.8,339.4,2401.7,1,82,9,82,0.89,82
2026-01-15T09:32:01.667Z,46.9567654,10.9773384,85,2391.3,320.6,2400,1,40,8,40,1.04,40
2026-01-15T09:32:01.767Z,46.9567796,10.9773213,84.9,2388,352.9,2397.8,1,42,13,42,1.16,42
2026-01-15T09:32:01.867Z,46.956815,10.9773148,84.9,2386.3,61,2396.3,1,98,13,98,0.86,98
2026-01-15T09:32:01.967Z,46.9568189,10.9773251,84.9,2384.9,285,2394.8,1,93,9,93,0.77,93
2026-01-15T09:32:02.067Z,46.95682,10.9773191,84.8,2384.6,81.5,2393.7,1,42,11,42,1.01,42
2026-01-15T09:32:02.167Z,46.956824,10.9773582,84.8,2384,129.8,2393.4,1,73,13,73,0.66,73
2026-01-15T09:32:02.267Z,46.9568032,10.9773948,84.8,2384.3,110.1,2392.8,1,74,11,74,0.64,74
2026-01-15T09:32:02.367Z,46.9568013,10.9774024,84.7,2384.3,122.4,2392.7,1,32,9,32,1.17,32
2026-01-15T09:32:02.467Z,46.9567882,10.9774327,84.7,2382.5,124.9,2391.8,1,55,8,55,1.15,55
2026-01-15T09:32:02.567Z,46.9567723,10.9774661,84.7,2383.3,109.9,2391.4,1,61,8,61,0.99,61
2026-01-15T09:32:02.667Z,46.9567687,10.9774807,84.6,2381.6,131.5,2391.3,1,53,10,53,1.08,53
2026-01-15T09:32:02.767Z,46.9567509,10.9775102,84.6,2381.4,120.4,2390.8,1,96,9,96,0.97,96
2026-01-15T09:32:02.867Z,46.9567447,10.9775257,84.5,2382.3,110.9,2390.4,1,96,10,96,0.87,96
2026-01-15T09:32:02.967Z,46.956733,10.9775707,84.5,2380.7,128.3,2389.8,1,38,10,38,0.69,38
2026-01-15T09:32:03.067Z,46.9567199,10.977595,84.5,2381.3,150.1,2389.5,1,31,9,31,0.93,31
2026-01-15T09:32:03.167Z,46.9566902,10.97762,84.4,2380.2,129.1,2388.9,1,60,11,60,1.11,60
2026-01-15T09:32:03.267Z,46.9566887,10.9776227,84.4,2378.5,101.4,2388.6,1,29,8,29,0.73,29
2026-01-15T09:32:03.367Z,46.9566821,10.9776705,84.4,2378.7,166.8,2388.4,1,92,12,92,0.63,92
2026-01-15T09:32:03.467Z,46.9566606,10.9776779,84.3,2378.6,121.9,2387.6,1,73,13,73,0.86,73
2026-01-15T09:32:03.567Z,46.9566446,10.9777155,84.3,2378.3,151.6,2387.2,1,36,8,36,0.78,36
2026-01-15T09:32:03.667Z,46.9566331,10.9777246,84.3,2378.8,104,2386.9,1,30,10,30,1.01,30
2026-01-15T09:32:03.767Z,46.9566268,10.9777616,84.2,2376.8,163.3,2386.5,1,20,11,20,1.07,20
2026-01-15T09:32:03.867Z,46.9566143,10.9777671,84.2,2377.3,136,2385.9,1,87,10,87,0.65,87
2026-01-15T09:32:03.967Z,46.9565905,10.9778008,84.2,2377.7,97.6,2385.7,1,24,12,24,0.92,24
2026-01-15T09:32:04.067Z,46.9565873,10.9778361,84.1,2375.7,135.1,2385.1,1,96,9,96,0.85,96
2026-01-15T09:32:04.167Z,46.9565657,10.9778676,84.1,2376,184.6,2384.7,1,97,13,97,0.87,97
2026-01-15T09:32:04.267Z,46.956558,10.9778667,84.1,2374.6,122.5,2384.8,1,78,10,78,0.9,78
2026-01-15T09:32:04.367Z,46.9565428,10.9779016,84,2374.4,126.5,2384.2,1,62,10,62,0.82,62
2026-01-15T09:32:04.467Z,46.9565371,10.9779129,84,2373.5,110.3,2383.4,1,94,12,94,0.99,94
2026-01-15T09:32:04.567Z,46.9565269,10.9779534,83.9,2373.5,156.3,2383.3,1,98,11,98,1.07,98
2026-01-15T09:32:04.667Z,46.9564983,10.9779718,83.9,2374.2,88.6,2382.9,1,41,10,41,0.89,41
2026-01-15T09:32:04.767Z,46.9564989,10.9780074,83.9,2372.9,175.8,2382.3,1,21,10,21,1.11,21
2026-01-15T09:32:04.867Z,46.9564711,10.9780104,83.8,2373.6,86.4,2382.1,1,85,10,85,0.66,85
2026-01-15T09:32:04.967Z,46.9564727,10.9780481,83.8,2371.9,124.3,2381.9,1,49,11,49,0.79,49
2026-01-15T09:32:05.067Z,46.9564618,10.9780715,83.8,2371.2,155.6,2381.4,1,34,13,34,0.82,34
2026-01-15T09:32:05.167Z,46.956435,10.9780893,83.7,2372.7,124.1,2380.9,1,25,10,25,1.14,25
2026-01-15T09:32:05.267Z,46.9564276,10.9781053,83.7,2371.9,119.7,2380.4,1,51,9,51,0.77,51
2026-01-15T09:32:05.367Z,46.9564202,10.9781243,83.7,2371.6,114.1,2380.1,1,40,11,40,0.99,40
2026-01-15T09:32:05.467Z,46.9564088,10.9781617,83.6,2371.4,124.9,2379.7,1,80,12,80,0.87,80
2026-01-15T09:32:05.567Z,46.9563922,10.9781966,83.6,2369.9,176.9,2379,1,65,9,65,1.08,65
2026-01-15T09:32:05.667Z,46.9563649,10.9781988,83.5,2369.2,115.1,2378.5,1,55,13,55,0.77,55
2026-01-15T09:32:05.767Z,46.9563507,10.9782433,83.5,2369.2,7.1,2378,1,71,12,71,1.02,71
2026-01-15T09:32:05.867Z,46.9563556,10.9782442,83.5,2369.7,136.8,2377.8,1,94,10,94,0.76,94
2026-01-15T09:32:05.967Z,46.9563274,10.978283,83.4,2367.2,136.4,2377.4,1,55,9,55,1.09,55
2026-01-15T09:32:06.067Z,46.9563128,10.9783034,83.4,2367.6,144,2376.8,1,72,11,72,1.09,72
2026-01-15T09:32:06.167Z,46.9563007,10.9783163,83.4,2366.9,101.2,2376.4,1,82,13,82,0.71,82
2026-01-15T09:32:06.267Z,46.9562963,10.9783489,83.3,2367.1,147.8,2376.1,1,25,9,25,1.03,25
2026-01-15T09:32:06.367Z,46.9562709,10.9783723,83.3,2366,82.3,2376,1,90,8,90,0.69,90
2026-01-15T09:32:06.467Z,46.9562743,10.9784093,83.2,2366.6,163.2,2375.2,1,38,10,38,0.69,38
2026-01-15T09:32:06.567Z,46.9562594,10.9784159,83.2,2367.1,122.8,2374.8,1,59,11,59,1.08,59
2026-01-15T09:32:06.667Z,46.9562502,10.9784368,83.2,2366.5,147.6,2374.7,1,38,8,38,0.83,38
2026-01-15T09:32:06.767Z,46.9562307,10.9784549,83.1,2366.3,125.9,2374.3,1,73,8,73,0.89,73
2026-01-15T09:32:06.867Z,46.9562126,10.9784915,83.1,2365.7,113.5,2373.4,1,63,13,63,0.76,63
2026-01-15T09:32:06.967Z,46.956204,10.9785205,83,2363.1,164.3,2373.5,1,40,11,40,0.74,40
2026-01-15T09:32:07.067Z,46.9561875,10.9785273,83,2365.1,117.1,2372.8,1,44,10,44,0.65,44
2026-01-15T09:32:07.167Z,46.956172,10.9785717,83,2362.3,169.8,2372.7,1,74,12,74,1.14,74
2026-01-15T09:32:07.267Z,46.9561576,10.9785755,82.9,2362.7,118.5,2371.9,1,32,9,32,0.91,32
2026-01-15T09:32:07.367Z,46.9561458,10.9786074,82.9,2363.8,130.4,2371.9,1,99,8,99,0.99,99
2026-01-15T09:32:07.467Z,46.9561274,10.9786391,82.9,2361.7,127,2371.4,1,63,8,63,1.19,63
2026-01-15T09:32:07.567Z,46.9561143,10.9786646,82.8,2361.7,131,2370.7,1,49,12,49,0.66,49
2026-01-15T09:32:07.667Z,46.9561066,10.9786776,82.8,2361.9,154.5,2370.5,1,86,12,86,0.79,86
2026-01-15T09:32:07.767Z,46.9560873,10.9786911,82.7,2361.5,83.5,2369.8,1,88,11,88,1.11,88
2026-01-15T09:32:07.867Z,46.9560897,10.9787218,82.7,2359.3,137.3,2369.8,1,72,11,72,0.86,72
2026-01-15T09:32:07.967Z,46.9560777,10.978738,82.7,2360,139.4,2369.3,1,54,11,54,0.82,54
2026-01-15T09:32:08.067Z,46.9560556,10.9787658,82.6,2358.7,132.2,2368.7,1,79,13,79,0.98,79
2026-01-15T09:32:08.167Z,46.9560423,10.9787873,82.6,2360.3,127.8,2368.3,1,25,13,25,0.96,25
2026-01-15T09:32:08.267Z,46.9560272,10.9788158,82.5,2360.1,98.1,2367.9,1,99,12,99,0.75,99
2026-01-15T09:32:08.367Z,46.9560226,10.978863,82.5,2358,147.3,2367.4,1,69,12,69,0.67,69
2026-01-15T09:32:08.467Z,46.9560003,10.978884,82.5,2358.3,110,2366.9,1,74,8,74,0.61,74
2026-01-15T09:32:08.567Z,46.9559969,10.9788977,82.4,2357.8,122.3,2366.6,1,87,11,87,0.86,87
2026-01-15T09:32:08.667Z,46.9559874,10.9789197,82.4,2358.3,126.4,2366.3,1,39,8,39,0.91,39
2026-01-15T09:32:08.767Z,46.9559746,10.9789451,82.3,2356.5,131.3,2366,1,63,9,63,0.94,63
2026-01-15T09:32:08.867Z,46.9559661,10.9789593,82.3,2355.8,154.7,2365.4,1,30,8,30,0.92,30
2026-01-15T09:32:08.967Z,46.9559382,10.9789786,82.3,2357,120.5,2365,1,56,10,56,0.82,56
2026-01-15T09:32:09.067Z,46.9559286,10.9790025,82.2,2355.2,113.8,2364.9,1,27,11,27,0.64,27
2026-01-15T09:32:09.167Z,46.9559142,10.9790504,82.2,2354.2,141.9,2364.4,1,85,9,85,0.8,85
2026-01-15T09:32:09.267Z,46.9559108,10.9790543,82.1,2354.6,120,2363.7,1,83,8,83,0.61,83
2026-01-15T09:32:09.367Z,46.955898,10.9790868,82.1,2355.2,129.4,2363.5,1,58,8,58,1.01,58
2026-01-15T09:32:09.467Z,46.9558769,10.9791244,82.1,2354.6,81.7,2362.9,1,41,10,41,0.69,41
2026-01-15T09:32:09.567Z,46.9558777,10.9791324,82,2353,155.4,2362.5,1,58,10,58,1.12,58
2026-01-15T09:32:09.667Z,46.9558532,10.9791488,82,2354.3,111.3,2362.3,1,38,12,38,0.87,38
2026-01-15T09:32:09.767Z,46.9558466,10.9791736,81.9,2353.1,128.2,2361.7,1,85,12,85,0.72,85
2026-01-15T09:32:09.867Z,46.9558322,10.9792004,81.9,2351.4,127.3,2361.6,1,78,9,78,1.04,78
2026-01-15T09:32:09.967Z,46.955816,10.9792315,81.9,2352.5,80.7,2361.2,1,22,9,22,0.86,22
2026-01-15T09:32:10.067Z,46.9558189,10.9792575,81.8,2351,139.8,2360.9,1,44,9,44,0.98,44
2026-01-15T09:32:10.167Z,46.9557989,10.9792823,81.8,2350.5,113.7,2360.3,1,33,13,33,0.72,33
2026-01-15T09:32:10.267Z,46.9557904,10.9793107,81.7,2350.3,159,2359.5,1,35,11,35,0.83,35
2026-01-15T09:32:10.367Z,46.9557678,10.9793234,81.7,2350.9,99.6,2359.4,1,25,10,25,1.17,25
2026-01-15T09:32:10.467Z,46.9557645,10.9793521,81.7,2349.1,165.3,2359,1,55,13,55,0.83,55
2026-01-15T09:32:10.567Z,46.9557473,10.9793587,81.6,2348.5,131.4,2358.7,1,54,10,54,0.62,54
2026-01-15T09:32:10.667Z,46.9557381,10.979374,81.6,2349,140.2,2358.2,1,64,11,64,1,64
2026-01-15T09:32:10.767Z,46.9557116,10.9794063,81.5,2347.8,132.4,2357.8,1,43,13,43,1.17,43
2026-01-15T09:32:10.867Z,46.9556906,10.97944,81.5,2348.7,103.8,2357.1,1,35,12,35,0.64,35
2026-01-15T09:32:10.967Z,46.955686,10.9794675,81.5,2347.1,98.3,2356.8,1,74,13,74,0.62,74
2026-01-15T09:32:11.067Z,46.9556835,10.9794927,81.4,2346.8,158.2,2356.4,1,68,8,68,1.13,68
2026-01-15T09:32:11.167Z,46.9556525,10.9795109,81.4,2346.5,21.6,2356.3,1,26,9,26,0.68,26
2026-01-15T09:32:11.267Z,46.9556568,10.9795134,81.3,2345.7,126.2,2355.5,1,43,8,43,1.05,43
2026-01-15T09:32:11.367Z,46.955636,10.9795551,81.3,2346.5,111.9,2355.1,1,88,13,88,0.82,88
2026-01-15T09:32:11.467Z,46.9556295,10.9795788,81.3,2346.4,127.4,2354.8,1,82,9,82,0.6,82
2026-01-15T09:32:11.567Z,46.9556156,10.9796054,81.2,2345.1,135.2,2354.5,1,94,9,94,0.78,94
2026-01-15T09:32:11.667Z,46.9555971,10.9796323,81.2,2344.8,79.2,2354.4,1,31,8,31,0.95,31
2026-01-15T09:32:11.767Z,46.9555995,10.9796507,81.1,2343.9,147,2353.9,1,91,12,91,1.09,91
2026-01-15T09:32:11.867Z,46.9555872,10.9796624,81.1,2343.9,127.1,2353.6,1,87,9,87,0.81,87
2026-01-15T09:32:11.967Z,46.9555675,10.9797005,81.1,2343.1,136,2352.8,1,47,11,47,1.1,47
2026-01-15T09:32:12.067Z,46.9555492,10.9797264,81,2344.3,108.5,2352.5,1,81,9,81,0.68,81
2026-01-15T09:32:12.167Z,46.9555431,10.9797531,81,2343.4,170,2352.1,1,24,9,24,0.79,24
2026-01-15T09:32:12.267Z,46.9555303,10.9797564,80.9,2342.5,116.4,2351.8,1,21,11,21,0.92,21
2026-01-15T09:32:12.367Z,46.9555157,10.9797994,80.9,2342.7,96.5,2351.4,1,63,8,63,0.78,63
2026-01-15T09:32:12.467Z,46.9555146,10.9798136,80.9,2342.5,135.5,2350.8,1,85,8,85,0.99,85
2026-01-15T09:32:12.567Z,46.9555035,10.9798296,80.8,2341.9,124.2,2350.8,1,47,12,47,0.71,47
2026-01-15T09:32:12.667Z,46.9554863,10.9798667,80.8,2342,104.1,2350,1,39,13,39,0.82,39
2026-01-15T09:32:12.767Z,46.9554823,10.97989,80.7,2339.6,157.2,2349.6,1,50,8,50,0.69,50
2026-01-15T09:32:12.867Z,46.9554662,10.9798999,80.7,2341.4,117.7,2349.4,1,86,10,86,0.79,86
2026-01-15T09:32:12.967Z,46.9554469,10.9799537,80.7,2339.3,106.6,2349.1,1,47,13,47,1.19,47
2026-01-15T09:32:13.067Z,46.9554429,10.9799734,80.6,2340.2,144.8,2348.4,1,43,13,43,0.93,43
2026-01-15T09:32:13.167Z,46.9554366,10.9799799,80.6,2338.9,125,2348.3,1,83,9,83,0.89,83
2026-01-15T09:32:13.267Z,46.955422,10.9800105,80.5,2338.7,137.3,2347.8,1,57,9,57,1.15,57
2026-01-15T09:32:13.367Z,46.9553965,10.980045,80.5,2337.6,168.8,2347.3,1,93,12,93,1.17,93
2026-01-15T09:32:13.467Z,46.9553865,10.9800479,80.4,2338,87,2347.1,1,72,9,72,0.76,72
2026-01-15T09:32:13.567Z,46.9553879,10.9800868,80.4,2337.4,146.1,2346.7,1,54,10,54,0.72,54
2026-01-15T09:32:13.667Z,46.9553756,10.9800989,80.4,2338.2,156.4,2346,1,84,10,84,0.85,84
2026-01-15T09:32:13.767Z,46.9553482,10.9801164,80.3,2337.2,97.1,2345.7,1,30,10,30,1.18,30
2026-01-15T09:32:13.867Z,46.9553446,10.9801586,80.3,2337.1,177.3,2345.5,1,43,9,43,0.88,43
2026-01-15T09:32:13.967Z,46.9553227,10.9801601,80.2,2336.4,122.1,2344.9,1,69,13,69,0.73,69
2026-01-15T09:32:14.067Z,46.95531,10.9801898,80.2,2335.5,99.3,2344.5,1,87,9,87,0.89,87
2026-01-15T09:32:14.167Z,46.9553077,10.9802103,80.2,2334.5,141.7,2344.2,1,82,10,82,0.68,82
2026-01-15T09:32:14.267Z,46.9552796,10.9802428,80.1,2335.1,104.1,2343.6,1,89,13,89,1.19,89
2026-01-15T09:32:14.367Z,46.955278,10.9802521,80.1,2333.9,175.4,2343.6,1,53,10,53,0.92,53
2026-01-15T09:32:14.467Z,46.9552523,10.9802551,80,2334.3,154.4,2343.2,1,83,10,83,0.99,83
2026-01-15T09:32:14.567Z,46.9552346,10.9802675,80,2333.1,139.3,2342.4,1,81,11,81,0.91,81
2026-01-15T09:32:14.733Z,46.9552155,10.9802916,79.9,2333.8,147.6,2341.8,1,26,9,26,0.94,26
2026-01-15T09:32:14.900Z,46.9551838,10.9803211,79.9,2333,194.4,2341.4,1,37,13,37,0.83,37
2026-01-15T09:32:15.067Z,46.9551493,10.9803081,79.8,2330.5,165.5,2340.8,1,60,13,60,0.79,60
2026-01-15T09:32:15.233Z,46.9551045,10.9803251,79.7,2330.5,166,2339.8,1,21,11,21,0.7,21
2026-01-15T09:32:15.400Z,46.9550708,10.9803374,79.7,2330,189.2,2339.3,1,73,12,73,0.72,73
2026-01-15T09:32:15.567Z,46.9550523,10.980333,79.6,2328.3,160.5,2338.7,1,29,11,29,1.03,29
2026-01-15T09:32:15.733Z,46.9550071,10.9803565,79.5,2330,193,2337.9,1,41,11,41,1.09,41
2026-01-15T09:32:15.900Z,46.9549733,10.9803451,79.5,2328.6,153,2337,1,95,12,95,0.7,95
2026-01-15T09:32:16.067Z,46.9549492,10.9803631,79.4,2328.4,177.6,2336.6,1,61,8,61,0.83,61
2026-01-15T09:32:16.233Z,46.9549118,10.9803654,79.3,2328.1,205.7,2335.6,1,91,10,91,0.71,91
2026-01-15T09:32:16.400Z,46.9548878,10.9803485,79.3,2325.1,154.8,2335.1,1,71,11,71,0.7,71
2026-01-15T09:32:16.567Z,46.9548535,10.9803721,79.2,2326.5,178.9,2334.3,1,58,13,58,0.79,58
2026-01-15T09:32:16.733Z,46.9548049,10.9803735,79.1,2324.3,183.3,2334,1,59,11,59,0.95,59
2026-01-15T09:32:16.900Z,46.9547705,10.9803706,79,2324.7,146.7,2333.4,1,95,13,95,1,95
2026-01-15T09:32:17.067Z,46.9547568,10.9803838,79,2323.2,170.5,2332.6,1,88,13,88,0.7,88
2026-01-15T09:32:17.233Z,46.9547212,10.9803925,78.9,2324.1,180.6,2331.9,1,79,13,79,1.19,79
2026-01-15T09:32:17.400Z,46.9546788,10.9803919,78.8,2322.7,176.6,2331.1,1,99,10,99,1.07,99
2026-01-15T09:32:17.567Z,46.9546417,10.9803951,78.8,2321.9,184.9,2330.6,1,62,11,62,1.07,62
2026-01-15T09:32:17.733Z,46.9546084,10.9803909,78.7,2321.8,146.9,2329.9,1,63,9,63,0.61,63
2026-01-15T09:32:17.900Z,46.9545824,10.9804157,78.6,2319.7,203,2329.5,1,33,12,33,0.72,33
2026-01-15T09:32:18.067Z,46.9545612,10.9804025,78.6,2319.9,164.2,2328.8,1,48,12,48,0.91,48
2026-01-15T09:32:18.233Z,46.9545193,10.9804199,78.5,2319.8,179.5,2328,1,52,9,52,0.85,52
2026-01-15T09:32:18.400Z,46.9544874,10.9804203,78.4,2318.9,151.4,2327.1,1,37,12,37,0.89,37
2026-01-15T09:32:18.567Z,46.9544489,10.9804511,78.4,2318.1,141,2326.7,1,27,11,27,0.92,27
2026-01-15T09:32:18.733Z,46.9544349,10.9804677,78.3,2317.2,170.6,2326,1,24,11,24,0.95,24
2026-01-15T09:32:18.900Z,46.9543932,10.9804778,78.2,2316.8,103.1,2325.3,1,54,11,54,0.85,54
2026-01-15T09:32:19.067Z,46.9543856,10.9805257,78.2,2316.3,129.9,2324.7,1,98,9,98,0.65,98
2026-01-15T09:32:19.233Z,46.9543599,10.9805708,78.1,2313.9,153.7,2324.1,1,57,10,57,0.79,57
2026-01-15T09:32:19.400Z,46.9543406,10.9805848,78,2314.2,114.6,2323.4,1,56,11,56,0.97,56
2026-01-15T09:32:19.567Z,46.9543225,10.9806426,78,2314.8,104.2,2323.1,1,50,13,50,0.94,50
2026-01-15T09:32:19.733Z,46.954316,10.9806803,77.9,2313.8,109.7,2322,1,37,13,37,0.98,37
2026-01-15T09:32:19.900Z,46.9543026,10.980735,77.8,2313.8,137.3,2321.5,1,42,8,42,0.69,42
2026-01-15T09:32:20.067Z,46.954285,10.9807588,77.8,2313,93.7,2320.8,1,60,13,60,0.65,60
2026-01-15T09:32:20.233Z,46.954283,10.9808039,77.7,2311.5,132.2,2320.6,1,81,11,81,1.01,81
2026-01-15T09:32:20.400Z,46.9542551,10.980849,77.6,2311.1,90.3,2319.6,1,34,12,34,0.69,34
2026-01-15T09:32:20.567Z,46.9542549,10.9809136,77.6,2309.9,136.4,2319.2,1,51,11,51,1.18,51
2026-01-15T09:32:20.733Z,46.954244,10.9809288,77.5,2310.1,116.4,2318.4,1,84,9,84,1.16,84
2026-01-15T09:32:20.900Z,46.9542277,10.980977,77.5,2308,110.6,2317.7,1,76,8,76,0.79,76
2026-01-15T09:32:21.067Z,46.9542105,10.9810442,77.4,2308.8,103.5,2316.8,1,46,10,46,1.08,46
2026-01-15T09:32:21.233Z,46.9542051,10.9810772,77.3,2306.7,110.2,2316.2,1,83,13,83,1.15,83
2026-01-15T09:32:21.400Z,46.9541934,10.9811238,77.3,2306.7,130.9,2315.5,1,37,8,37,1.17,37
2026-01-15T09:32:21.567Z,46.9541713,10.9811612,77.2,2306,112.5,2314.9,1,64,9,64,0.66,64
2026-01-15T09:32:21.733Z,46.9541595,10.9812029,77.1,2305.4,93,2314.7,1,97,10,97,0.74,97
2026-01-15T09:32:21.900Z,46.9541574,10.9812616,77.1,2304.8,134.7,2314,1,46,10,46,1.07,46
2026-01-15T09:32:22.067Z,46.9541348,10.9812951,77,2303.1,110.2,2313.2,1,23,11,23,0.98,23
2026-01-15T09:32:22.233Z,46.9541238,10.9813389,76.9,2302.9,130,2312.7,1,80,11,80,1.1,80
2026-01-15T09:32:22.400Z,46.9541081,10.9813663,76.9,2301.9,97.4,2311.8,1,29,12,29,0.61,29
2026-01-15T09:32:22.567Z,46.9541042,10.9814105,76.8,2302.1,93.7,2311.2,1,99,11,99,1.1,99
2026-01-15T09:32:22.733Z,46.9541013,10.9814754,76.7,2302.7,135.1,2310.7,1,63,12,63,0.6,63
2026-01-15T09:32:22.900Z,46.954073,10.9815167,76.7,2300.7,100.9,2310.2,1,74,8,74,0.64,74
2026-01-15T09:32:23.067Z,46.9540662,10.9815683,76.6,2300.2,123,2309.4,1,31,11,31,0.91,31
2026-01-15T09:32:23.233Z,46.9540492,10.9816066,76.6,2300,77.9,2308.9,1,83,11,83,1.08,83
2026-01-15T09:32:23.400Z,46.9540536,10.9816366,76.5,2299.7,116.2,2308,1,87,8,87,1.07,87
2026-01-15T09:32:23.567Z,46.9540378,10.9816837,76.4,2299.6,122.3,2307.8,1,23,12,23,0.74,23
2026-01-15T09:32:23.733Z,46.954018,10.9817295,76.4,2297.7,135.2,2306.8,1,47,10,47,0.99,47
2026-01-15T09:32:23.900Z,46.953988,10.9817732,76.3,2296.1,73.3,2306.4,1,29,9,29,1.03,29
2026-01-15T09:32:24.067Z,46.9539912,10.9817888,76.2,2297.3,136.2,2305.4,1,60,13,60,1.02,60
2026-01-15T09:32:24.233Z,46.9539568,10.9818372,76.2,2294.8,113.1,2305.2,1,40,13,40,1.15,40
2026-01-15T09:32:24.400Z,46.9539437,10.9818822,76.1,2294.6,117.3,2304.3,1,97,8,97,0.63,97
2026-01-15T09:32:24.567Z,46.9539309,10.9819186,76.1,2295.3,113.9,2303.9,1,35,12,35,1.16,35
2026-01-15T09:32:24.733Z,46.9539149,10.9819715,76,2294.2,124.3,2303,1,98,11,98,0.6,98
2026-01-15T09:32:24.900Z,46.9539067,10.9819891,75.9,2293.3,113.8,2302.3,1,39,9,39,0.75,39
2026-01-15T09:32:25.067Z,46.9538941,10.9820309,75.9,2291.8,128.8,2301.7,1,30,11,30,1.14,30
2026-01-15T09:32:25.233Z,46.9538676,10.9820792,75.8,2292.9,107,2301.2,1,47,11,47,0.63,47
2026-01-15T09:32:25.400Z,46.9538612,10.9821098,75.8,2292.3,129.7,2300.9,1,20,10,20,0.87,20
2026-01-15T09:32:25.567Z,46.9538304,10.9821642,75.7,2290.5,105,2300.1,1,73,9,73,0.95,73
2026-01-15T09:32:25.733Z,46.9538252,10.9821927,75.6,2290.5,111.6,2299.4,1,45,10,45,1.05,45
2026-01-15T09:32:25.900Z,46.9538116,10.9822429,75.6,2289.4,126.4,2298.4,1,86,8,86,1.09,86
2026-01-15T09:32:26.067Z,46.953786,10.9822938,75.5,2289.1,137.5,2298.2,1,59,12,59,0.8,59
2026-01-15T09:32:26.233Z,46.9537662,10.9823204,75.5,2288.6,100.1,2297.3,1,55,12,55,1.18,55
2026-01-15T09:32:26.400Z,46.9537604,10.9823681,75.4,2287.4,127.6,2296.8,1,24,9,24,0.72,24
2026-01-15T09:32:26.567Z,46.95374,10.9824069,75.4,2286.9,133.9,2296.1,1,59,12,59,0.68,59
2026-01-15T09:32:26.733Z,46.9537268,10.982427,75.3,2287.8,103.4,2295.5,1,52,9,52,0.86,52
2026-01-15T09:32:26.900Z,46.9537182,10.9824798,75.2,2284.7,133,2295,1,42,10,42,0.71,42
2026-01-15T09:32:27.067Z,46.9536999,10.9825085,75.2,2286.2,104.2,2294.5,1,48,12,48,0.78,48
2026-01-15T09:32:27.233Z,46.95369,10.9825657,75.1,2284.9,122.9,2293.8,1,78,8,78,0.74,78
2026-01-15T09:32:27.400Z,46.9536697,10.9826117,75.1,2283.2,119.5,2292.9,1,55,8,55,0.97,55
2026-01-15T09:32:27.567Z,46.9536559,10.9826474,75,2284.5,133.6,2292.3,1,62,9,62,0.83,62
2026-01-15T09:32:27.733Z,46.9536358,10.9826783,75,2283.6,127.5,2292.1,1,60,12,60,1.06,60
2026-01-15T09:32:27.900Z,46.9536109,10.9827259,74.9,2281.2,113.1,2291.4,1,84,11,84,0.79,84
2026-01-15T09:32:28.067Z,46.9536032,10.9827523,74.8,2281.7,142,2290.8,1,33,13,33,1.04,33
2026-01-15T09:32:28.233Z,46.9535797,10.9827792,74.8,2280.1,119.6,2289.8,1,51,13,51,0.91,51
2026-01-15T09:32:28.400Z,46.953559,10.9828326,74.7,2279.3,127.1,2289.1,1,25,10,25,1.14,25
2026-01-15T09:32:28.567Z,46.9535379,10.9828735,74.7,2279.5,144.7,2288.8,1,59,9,59,0.62,59
2026-01-15T09:32:28.733Z,46.9535157,10.9828965,74.6,2278.7,116.7,2288.4,1,41,8,41,0.67,41
2026-01-15T09:32:28.900Z,46.9535,10.9829423,74.6,2279.2,116.9,2287.4,1,88,12,88,0.84,88
2026-01-15T09:32:29.067Z,46.9534885,10.9829755,74.5,2276.7,144.1,2286.9,1,45,9,45,1.07,45
2026-01-15T09:32:29.233Z,46.9534686,10.9829966,74.5,2277.4,138.2,2286,1,71,9,71,0.78,71
2026-01-15T09:32:29.400Z,46.9534393,10.983035,74.4,2275.9,136.1,2285.4,1,57,9,57,0.76,57
2026-01-15T09:32:29.567Z,46.9534168,10.9830667,74.3,2275.1,117.5,2284.8,1,78,12,78,0.98,78
2026-01-15T09:32:29.733Z,46.9533976,10.9831207,74.2,2275.1,117,2284.4,1,95,12,95,0.73,95
2026-01-15T09:32:29.900Z,46.9533883,10.9831474,74.1,2275.7,128.4,2283.5,1,61,13,61,0.82,61
2026-01-15T09:32:30.067Z,46.9533678,10.9831853,74,2274.2,156.7,2283,1,91,10,91,0.92,91
2026-01-15T09:32:30.233Z,46.9533394,10.9832032,73.9,2272.5,127.3,2282.4,1,93,8,93,1.18,93
2026-01-15T09:32:30.400Z,46.9533218,10.983237,73.8,2273.9,123,2282,1,49,13,49,1.07,49
2026-01-15T09:32:30.567Z,46.9533024,10.9832807,73.6,2273.4,123.2,2281.1,1,65,9,65,0.77,65
2026-01-15T09:32:30.733Z,46.9532879,10.9833132,73.5,2271.1,99.5,2281,1,49,9,49,0.9,49
2026-01-15T09:32:30.900Z,46.9532835,10.9833517,73.3,2270.6,126.4,2279.9,1,85,10,85,1.05,85
2026-01-15T09:32:31.067Z,46.9532644,10.9833896,73.1,2271.3,112.5,2279.7,1,37,8,37,1.11,37
2026-01-15T09:32:31.233Z,46.9532478,10.9834482,72.9,2269.3,153.9,2278.7,1,94,11,94,0.67,94
2026-01-15T09:32:31.400Z,46.9532222,10.9834666,72.7,2269.5,123,2278.6,1,61,9,61,1.15,61
2026-01-15T09:32:31.567Z,46.9532033,10.9835092,72.5,2268,135.9,2277.6,1,22,13,22,0.99,22
2026-01-15T09:32:31.733Z,46.95319,10.9835281,72.3,2267.2,140.6,2276.9,1,89,8,89,0.82,89
2026-01-15T09:32:31.900Z,46.9531553,10.9835699,72.1,2268.3,126.7,2276.7,1,45,13,45,0.77,45
2026-01-15T09:32:32.067Z,46.9531393,10.9836013,71.8,2266.8,142.5,2276.2,1,64,12,64,1.15,64
2026-01-15T09:32:32.233Z,46.9531234,10.9836192,71.6,2265.8,145.8,2275.4,1,43,9,43,0.75,43
2026-01-15T09:32:32.400Z,46.9530913,10.9836512,71.3,2264.7,142.1,2275,1,25,8,25,0.67,25
2026-01-15T09:32:32.567Z,46.9530737,10.9836713,71,2264.1,132.1,2274.1,1,23,10,23,0.88,23
2026-01-15T09:32:32.733Z,46.9530452,10.9837175,70.8,2264,127.2,2273.7,1,79,12,79,0.82,79
2026-01-15T09:32:32.900Z,46.9530329,10.9837412,70.5,2265.2,145.5,2272.8,1,33,11,33,0.71,33
2026-01-15T09:32:33.067Z,46.9530087,10.9837656,70.2,2263.8,140.9,2272.3,1,33,12,33,0.62,33
2026-01-15T09:32:33.233Z,46.9529833,10.9837958,69.9,2263.2,131.8,2272,1,21,10,21,0.92,21
2026-01-15T09:32:33.567Z,46.952945,10.9838585,69.3,2262.8,138.2,2270.9,1,24,8,24,1.14,24
2026-01-15T09:32:33.900Z,46.9528954,10.9839234,68.7,2261.3,141.1,2269.6,1,56,10,56,0.75,56
2026-01-15T09:32:34.233Z,46.9528601,10.9839652,68,2260.6,128.9,2268.5,1,86,12,86,0.84,86
2026-01-15T09:32:34.567Z,46.9528201,10.9840378,67.4,2259,136.6,2267,1,65,12,65,0.94,65
2026-01-15T09:32:34.900Z,46.9527826,10.9840897,66.7,2255.9,150,2266.2,1,67,10,67,0.93,67
2026-01-15T09:32:35.233Z,46.9527408,10.984125,66,2255.9,134.9,2265.2,1,72,9,72,0.66,72
2026-01-15T09:32:35.567Z,46.9526892,10.9842008,65.2,2253.7,141.4,2264.2,1,30,11,30,0.93,30
2026-01-15T09:32:35.900Z,46.9526578,10.9842375,64.5,2254.6,129.7,2263,1,97,12,97,1.18,97
2026-01-15T09:32:36.233Z,46.9526254,10.9842946,63.8,2253.1,127.5,2262,1,46,10,46,0.63,46
2026-01-15T09:32:36.567Z,46.9525855,10.9843708,63,2251.4,145,2261,1,65,10,65,0.96,65
2026-01-15T09:32:36.900Z,46.9525411,10.9844163,62.3,2251.3,130.7,2259.8,1,61,9,61,0.9,61
2026-01-15T09:32:37.233Z,46.9525021,10.9844827,61.5,2248.8,147,2258.6,1,93,10,93,1.09,93
2026-01-15T09:32:37.567Z,46.9524672,10.9845159,60.7,2248.6,129.2,2257.4,1,93,13,93,1.04,93
2026-01-15T09:32:37.900Z,46.9524336,10.9845762,60,2247.7,132.1,2256.9,1,75,11,75,0.72,75
2026-01-15T09:32:38.233Z,46.9523988,10.9846327,59.2,2246.4,128.5,2255.6,1,65,9,65,0.97,65
2026-01-15T09:32:38.567Z,46.9523721,10.9846819,58.4,2245.6,146.8,2254.8,1,55,9,55,1.05,55
2026-01-15T09:32:38.900Z,46.9523212,10.9847307,57.6,2244.9,136.1,2254,1,40,12,40,0.99,40
2026-01-15T09:32:39.233Z,46.9522966,10.9847654,56.9,2243.9,139.9,2252.6,1,46,10,46,0.77,46
2026-01-15T09:32:39.567Z,46.9522605,10.98481,56.1,2242.6,140.4,2252.1,1,49,10,49,1.18,49
2026-01-15T09:32:39.900Z,46.9522139,10.9848665,55.3,2241.8,142.7,2250.8,1,20,9,20,0.79,20
2026-01-15T09:32:40.233Z,46.9521884,10.984895,54.6,2242,138.5,2249.9,1,62,8,62,0.83,62
2026-01-15T09:32:40.567Z,46.952147,10.9849486,53.8,2239.9,145.6,2248.8,1,51,12,51,0.83,51
2026-01-15T09:32:40.900Z,46.9521243,10.9849714,53.1,2239.7,135.4,2248.2,1,26,11,26,1.19,26
2026-01-15T09:32:41.233Z,46.952077,10.9850398,52.3,2238.8,133.9,2247,1,96,11,96,0.91,96
2026-01-15T09:32:41.567Z,46.9520507,10.9850799,51.6,2238,157.3,2246.3,1,56,10,56,0.65,56
2026-01-15T09:32:41.900Z,46.9520152,10.9851017,50.9,2236.5,151.5,2245.8,1,39,8,39,1.07,39
2026-01-15T09:32:42.233Z,46.9519724,10.9851357,50.2,2235.8,139,2244.7,1,57,9,57,0.87,57
2026-01-15T09:32:42.567Z,46.9519463,10.9851689,49.4,2235,153.3,2244,1,39,9,39,0.9,39
2026-01-15T09:32:43.567Z,46.9518364,10.9852497,47.3,2231.7,148.6,2241.4,1,74,8,74,1.08,74
2026-01-15T09:32:44.567Z,46.951733,10.9853423,45.3,2229.7,155.5,2238.9,1,43,11,43,0.82,43
2026-01-15T09:32:45.567Z,46.9516281,10.9854124,43.4,2227.9,165,2236.9,1,87,11,87,0.81,87
2026-01-15T09:32:46.567Z,46.9515287,10.9854515,41.5,2225.5,153.3,2234.9,1,86,12,86,0.66,86
2026-01-15T09:32:47.567Z,46.9514296,10.9855245,39.8,2223.9,158.5,2232.6,1,24,11,24,0.86,24
2026-01-15T09:32:48.567Z,46.9513386,10.9855769,38.1,2221.8,152,2230.5,1,94,10,94,0.6,94
2026-01-15T09:32:49.567Z,46.9512527,10.9856437,36.6,2218.8,138.4,2228.8,1,93,9,93,0.67,93
2026-01-15T09:32:50.567Z,46.951188,10.9857279,35.1,2218.6,127.6,2226.9,1,39,8,39,0.88,39
2026-01-15T09:32:51.567Z,46.951137,10.9858248,33.8,2216.9,126.4,2225,1,98,10,98,0.68,98
2026-01-15T09:32:52.567Z,46.9510891,10.98592,32.5,2213.3,127,2223.6,1,66,8,66,1.07,66
2026-01-15T09:32:53.567Z,46.9510284,10.9860379,31.2,2213.4,135.1,2221.8,1,89,11,89,0.71,89
2026-01-15T09:32:54.567Z,46.9509782,10.9861112,30.1,2211.6,120.8,2220.3,1,62,13,62,0.73,62
2026-01-15T09:32:55.567Z,46.9509425,10.9861989,29,2208.8,133.2,2218.9,1,35,12,35,0.71,35
2026-01-15T09:32:56.567Z,46.9508835,10.9862911,28,2209.3,139.1,2217.5,1,47,10,47,0.62,47
2026-01-15T09:32:57.567Z,46.9508421,10.9863436,27.1,2207.9,129.6,2216,1,60,10,60,0.78,60
2026-01-15T09:32:58.567Z,46.9507895,10.9864369,26.2,2204.8,131.8,2214.8,1,33,8,33,1.17,33
2026-01-15T09:32:59.567Z,46.950743,10.986513,25.4,2205.2,136.8,2213.6,1,92,13,92,0.75,92
2026-01-15T09:33:00.567Z,46.9506964,10.986577,24.7,2203.6,137.9,2211.8,1,59,8,59,1.14,59
2026-01-15T09:33:01.567Z,46.9506521,10.9866356,24,2201.5,122.2,2211.1,1,45,9,45,0.89,45
2026-01-15T09:33:02.567Z,46.9506242,10.9867004,23.3,2201.3,159.2,2209.4,1,91,9,91,1.17,91
2026-01-15T09:33:03.567Z,46.9505671,10.9867322,22.7,2199.3,131.7,2208.3,1,84,10,84,0.99,84
2026-01-15T09:33:04.567Z,46.9505319,10.98679,22.1,2199.1,131.4,2207.5,1,25,8,25,0.84,25
2026-01-15T09:33:05.567Z,46.9504931,10.9868545,21.6,2197.5,139.5,2206.3,1,43,8,43,0.75,43
2026-01-15T09:33:06.567Z,46.9504444,10.9869155,21.1,2197.4,125.1,2205.4,1,29,12,29,0.83,29
2026-01-15T09:33:07.567Z,46.9504192,10.9869681,20.7,2194.3,124.5,2204,1,56,10,56,0.96,56
2026-01-15T09:33:08.567Z,46.9503885,10.9870335,20.3,2193.6,108.4,2202.8,1,38,9,38,1.15,38
2026-01-15T09:33:09.567Z,46.9503744,10.9870957,19.9,2193.3,82.8,2202.1,1,77,13,77,0.73,77
2026-01-15T09:33:11.567Z,46.9503876,10.9872496,19.2,2191.5,46.1,2200.4,1,98,13,98,0.75,98
2026-01-15T09:33:13.567Z,46.9504469,10.9873398,18.7,2188.1,10.9,2198.5,1,45,11,45,0.99,45
2026-01-15T09:33:15.567Z,46.9505381,10.9873655,18.3,2188.5,16.5,2196.4,1,23,11,23,1.16,23
2026-01-15T09:33:17.567Z,46.9506173,10.9873999,17.9,2184.9,359.5,2194.6,1,77,11,77,1.2,77
2026-01-15T09:33:19.567Z,46.9507104,10.9873987,17.7,2183.3,7.1,2192.7,1,76,9,76,0.7,76
2026-01-15T09:33:21.567Z,46.9507962,10.9874143,17.6,2181.6,10.5,2190.7,1,46,12,46,1.07,46
2026-01-15T09:33:23.567Z,46.9508586,10.9874312,17.6,2181.5,41.1,2189.7,1,77,12,77,1.14,77
2026-01-15T09:33:23.567Z,46.9512186,10.9878916,18,2181.6,240.1,2190,1,92,9,92,1.19,92
2026-01-15T09:33:25.567Z,46.951173,10.9877752,18,2185,246.5,2194.2,1,30,12,30,1.03,30
2026-01-15T09:33:27.567Z,46.9511421,10.987671,18,2189.1,228.5,2199.1,1,46,9,46,0.97,46
2026-01-15T09:33:29.567Z,46.9510752,10.9875602,18,2195.6,249.6,2203.7,1,51,12,51,0.89,51
2026-01-15T09:33:31.567Z,46.9510436,10.9874358,18,2198.4,235.9,2208,1,21,11,21,0.82,21
2026-01-15T09:33:33.567Z,46.9509874,10.9873144,18,2203.8,241.9,2212.5,1,98,13,98,0.93,98
2026-01-15T09:33:35.567Z,46.9509477,10.9872057,18,2207,232.2,2217,1,63,12,63,1.05,63
2026-01-15T09:33:37.567Z,46.9508915,10.9870996,18,2212.3,244.9,2221.7,1,38,13,38,0.74,38
2026-01-15T09:33:39.567Z,46.950856,10.9869888,18,2216.8,231.5,2226.1,1,46,12,46,0.87,46
2026-01-15T09:33:41.567Z,46.9507922,10.9868715,18,2222.2,238.7,2230.7,1,86,10,86,0.99,86
2026-01-15T09:33:43.567Z,46.95075,10.9867698,18,2226,239.2,2235.1,1,58,12,58,0.98,58
2026-01-15T09:33:45.567Z,46.9507049,10.986659,18,2230,236.2,2239.9,1,60,9,60,0.95,60
2026-01-15T09:33:47.567Z,46.9506491,10.9865367,18,2235.4,246.7,2243.9,1,70,12,70,0.6,70
2026-01-15T09:33:49.567Z,46.9506137,10.986416,18,2239.5,240.7,2248.5,1,24,12,24,0.98,24
2026-01-15T09:33:51.567Z,46.9505718,10.9863068,18,2244.3,234.3,2253.2,1,63,10,63,0.91,63
2026-01-15T09:33:53.567Z,46.9505257,10.9862129,18,2249.6,231.9,2257.9,1,91,8,91,0.64,91
2026-01-15T09:33:55.567Z,46.9504638,10.9860971,18,2252.3,239.7,2262.1,1,69,8,69,1.13,69
2026-01-15T09:33:57.567Z,46.9504163,10.9859782,18,2257.1,237.3,2266.9,1,97,9,97,1.06,97
2026-01-15T09:33:59.567Z,46.9503708,10.9858745,18,2261.2,245.4,2271.2,1,28,9,28,0.62,28
2026-01-15T09:34:01.567Z,46.9503309,10.9857466,18,2267.3,239.3,2275.9,1,39,10,39,0.96,39
2026-01-15T09:34:03.567Z,46.9502857,10.9856349,18,2271.4,227.9,2280.4,1,93,10,93,1.2,93
2026-01-15T09:34:05.567Z,46.9502227,10.9855326,18,2275.5,239.7,2284.7,1,60,8,60,0.94,60
2026-01-15T09:34:07.567Z,46.9501762,10.9854158,18,2281.2,247,2289.5,1,49,10,49,0.68,49
2026-01-15T09:34:09.567Z,46.9501453,10.9853094,18,2285.2,233.1,2294,1,43,12,43,0.9,43
2026-01-15T09:34:11.567Z,46.9500863,10.9851944,18,2290.3,240.9,2298.6,1,58,8,58,1.04,58
2026-01-15T09:34:13.567Z,46.9500442,10.9850838,18,2294.5,235,2302.7,1,77,13,77,0.76,77
2026-01-15T09:34:15.567Z,46.9499874,10.9849648,18,2299,240.9,2307.4,1,59,9,59,0.71,59
2026-01-15T09:34:17.567Z,46.9499466,10.9848576,18,2304,242.6,2311.7,1,31,13,31,1.04,31
2026-01-15T09:34:19.567Z,46.9499066,10.9847446,18,2306.3,239.3,2316.1,1,38,8,38,0.79,38
2026-01-15T09:34:21.567Z,46.9498575,10.9846237,18,2310.8,229.2,2321,1,56,11,56,0.77,56
2026-01-15T09:34:23.567Z,46.9497988,10.984524,18,2317.2,245.1,2325.5,1,52,10,52,0.74,52
2026-01-15T09:34:25.567Z,46.9497597,10.9844004,18,2321.8,240.7,2329.9,1,76,11,76,0.99,76
2026-01-15T09:34:27.567Z,46.9497199,10.9842967,18,2324.8,233.1,2334.7,1,99,12,99,1.13,99
2026-01-15T09:34:29.567Z,46.9496609,10.9841817,18,2329.5,234.1,2338.8,1,44,8,44,0.84,44
2026-01-15T09:34:31.567Z,46.9496099,10.9840784,18,2333.7,239.7,2343.4,1,25,8,25,0.76,25
2026-01-15T09:34:33.567Z,46.9495699,10.9839782,18,2338.8,243.9,2347.9,1,27,8,27,0.9,27
2026-01-15T09:34:35.567Z,46.9495263,10.9838477,18,2342.3,238.7,2352.4,1,59,9,59,1.06,59
2026-01-15T09:34:37.567Z,46.9494778,10.983731,18,2348.6,235.8,2356.9,1,46,10,46,0.73,46
2026-01-15T09:34:39.567Z,46.9494339,10.9836364,18,2351.3,234.5,2361.2,1,22,8,22,1.1,22
2026-01-15T09:34:41.567Z,46.949382,10.98353,18,2357.1,237.9,2365.8,1,72,11,72,0.81,72
2026-01-15T09:34:43.567Z,46.9493237,10.9833939,18,2362.4,235.2,2370.4,1,56,10,56,0.64,56
2026-01-15T09:34:45.567Z,46.949282,10.9833059,18,2364.8,239.3,2375,1,77,12,77,1.05,77
2026-01-15T09:34:47.567Z,46.9492271,10.9831706,18,2369.8,247.7,2379.3,1,76,10,76,1.09,76
2026-01-15T09:34:49.567Z,46.9491966,10.9830616,18,2373.9,231.1,2384,1,50,10,50,1.13,50
2026-01-15T09:34:51.567Z,46.9491323,10.982945,18,2378.4,244.7,2388.8,1,20,10,20,1.05,20
2026-01-15T09:34:53.567Z,46.949102,10.9828509,18,2383.6,230.8,2393.1,1,44,12,44,0.77,44
2026-01-15T09:34:55.567Z,46.9490397,10.9827391,18,2388.6,245.7,2397.7,1,65,9,65,0.75,65
2026-01-15T09:34:57.567Z,46.9489998,10.9826094,18,2392.5,233.8,2402.2,1,40,11,40,1.04,40
2026-01-15T09:34:59.567Z,46.9489526,10.9825151,18,2398.1,232.9,2406.7,1,89,10,89,0.7,89
2026-01-15T09:35:01.567Z,46.9488987,10.9824107,18,2401.7,236.7,2410.8,1,57,8,57,0.77,57
2026-01-15T09:35:03.567Z,46.9488487,10.982299,18,2406.4,243.8,2415.7,1,81,8,81,0.71,81
2026-01-15T09:35:05.567Z,46.9488074,10.9821762,18,2410.7,242.5,2420.1,1,83,8,83,0.88,83
2026-01-15T09:35:07.567Z,46.94877,10.9820711,18,2415.7,232,2424.5,1,22,10,22,0.84,22
2026-01-15T09:35:09.567Z,46.9487129,10.981964,18,2421,236.6,2429.4,1,20,9,20,1.03,20
2026-01-15T09:35:11.567Z,46.9486587,10.9818435,18,2425.4,247,2433.7,1,70,8,70,1.14,70
2026-01-15T09:35:13.567Z,46.948624,10.981724,18,2429.8,234.1,2438.2,1,50,13,50,0.99,50
2026-01-15T09:35:15.567Z,46.9485688,10.9816121,18,2432.6,244.1,2442.7,1,38,11,38,0.96,38
2026-01-15T09:35:17.567Z,46.9485285,10.9814907,18,2438.7,236.1,2447.2,1,43,10,43,0.76,43
2026-01-15T09:35:19.567Z,46.9484779,10.9813805,18,2442.8,236.3,2451.5,1,39,8,39,1.01,39
2026-01-15T09:35:21.567Z,46.948427,10.9812686,18,2446.4,228.9,2456.5,1,57,9,57,0.99,57
2026-01-15T09:35:23.567Z,46.9483754,10.981182,18,2451.1,247.6,2460.8,1,29,8,29,0.74,29
2026-01-15T09:35:25.567Z,46.9483416,10.981062,18,2455.6,236.4,2465.4,1,83,8,83,0.69,83
2026-01-15T09:35:27.567Z,46.9482819,10.9809302,18,2460,234.1,2469.6,1,49,13,49,1.16,49
2026-01-15T09:35:29.567Z,46.9482362,10.9808378,18,2464.3,236.1,2474.2,1,78,9,78,0.84,78
2026-01-15T09:35:31.567Z,46.9481884,10.9807335,18,2470.9,240.7,2478.7,1,92,11,92,1,92
2026-01-15T09:35:33.567Z,46.9481393,10.9806055,18,2475.5,242.3,2483.5,1,37,11,37,0.91,37
2026-01-15T09:35:35.567Z,46.948101,10.9804986,18,2479.2,231.1,2487.6,1,99,10,99,0.79,99
2026-01-15T09:35:37.567Z,46.9480421,10.9803917,18,2482.4,247.2,2492.5,1,94,11,94,1.15,94
2026-01-15T09:35:39.567Z,46.948012,10.9802866,18,2486.6,239.2,2496.9,1,41,11,41,1.14,41
2026-01-15T09:35:41.567Z,46.9479589,10.9801562,18,2492,233.1,2501.2,1,45,8,45,1.19,45
2026-01-15T09:35:43.567Z,46.9479069,10.9800549,18,2498.1,243.5,2505.7,1,44,8,44,0.62,44
2026-01-15T09:35:45.567Z,46.9478692,10.979944,18,2500.7,232.4,2510.7,1,27,11,27,1.15,27
2026-01-15T09:35:47.567Z,46.9478058,10.9798233,18,2505.6,237.8,2514.9,1,70,11,70,0.75,70
2026-01-15T09:35:49.567Z,46.9477631,10.979724,18,2511.5,245.1,2519.1,1,45,9,45,0.92,45
2026-01-15T09:35:51.567Z,46.9477235,10.9795993,18,2514.7,238.9,2523.9,1,48,10,48,0.67,48
2026-01-15T09:35:53.567Z,46.9476759,10.9794835,18,2519.7,226.8,2528.4,1,59,13,59,1.03,59
2026-01-15T09:35:55.567Z,46.9476161,10.9793903,18,2524.1,243,2533,1,56,8,56,1.02,56
2026-01-15T09:35:57.567Z,46.9475711,10.979261,18,2528.6,244.9,2537.7,1,22,13,22,0.7,22
2026-01-15T09:35:59.567Z,46.9475383,10.9791582,18,2533.6,238.8,2542.1,1,23,9,23,1.18,23
2026-01-15T09:36:01.567Z,46.9474888,10.9790387,18,2538.6,228.4,2546.4,1,88,9,88,0.69,88
2026-01-15T09:36:03.567Z,46.9474254,10.9789342,18,2541,246.1,2551.1,1,60,9,60,0.93,60
2026-01-15T09:36:05.567Z,46.9473906,10.9788192,18,2545.5,243.1,2555.4,1,76,11,76,0.76,76
2026-01-15T09:36:07.567Z,46.9473471,10.9786936,18,2550.8,235.4,2560.1,1,32,12,32,1.17,32
2026-01-15T09:36:09.567Z,46.9472984,10.97859,18,2555.6,230,2564.7,1,85,8,85,1.07,85
2026-01-15T09:36:11.567Z,46.9472351,10.9784794,18,2559.7,246.9,2569,1,73,12,73,1.16,73
2026-01-15T09:36:13.567Z,46.9472,10.9783586,18,2565.1,230,2573.6,1,34,9,34,1.06,34
2026-01-15T09:36:15.567Z,46.9471478,10.9782674,18,2569.3,244.1,2578.1,1,49,10,49,0.98,49
2026-01-15T09:36:17.567Z,46.9471087,10.9781497,18,2572.6,237.3,2582.4,1,50,12,50,0.81,50
2026-01-15T09:36:19.567Z,46.9470523,10.9780209,18,2577.9,235.5,2586.8,1,79,9,79,0.87,79
2026-01-15T09:36:21.567Z,46.9470033,10.9779166,18,2581.7,231.6,2591.8,1,43,13,43,0.74,43
2026-01-15T09:36:23.567Z,46.9469496,10.9778175,18,2588.1,246.4,2596.2,1,76,9,76,1.16,76
2026-01-15T09:36:25.567Z,46.9469155,10.9777033,18,2591,238.2,2600.4,1,97,8,97,0.62,97
2026-01-15T09:36:27.567Z,46.9468672,10.9775892,18,2596.2,241.5,2604.9,1,54,12,54,0.85,54
2026-01-15T09:36:29.567Z,46.9468217,10.9774665,18,2599.5,234.2,2609.5,1,95,9,95,0.95,95
2026-01-15T09:36:31.567Z,46.9467667,10.9773547,18,2606,236.2,2614.1,1,54,12,54,0.71,54
2026-01-15T09:36:33.567Z,46.9467187,10.9772496,18,2609.2,242.6,2618.9,1,64,8,64,1.12,64
2026-01-15T09:36:35.567Z,46.946683,10.9771488,18,2614.5,235.2,2623.5,1,76,8,76,0.85,76
2026-01-15T09:36:37.567Z,46.9466301,10.9770375,18,2618.3,237.7,2627.9,1,78,9,78,0.83,78
2026-01-15T09:36:39.567Z,46.9465813,10.9769246,18,2622.4,236.8,2632.1,1,31,13,31,0.86,31
2026-01-15T09:36:41.567Z,46.9465251,10.9767988,18,2628.3,242.1,2636.8,1,50,12,50,1.18,50
2026-01-15T09:36:43.567Z,46.9464916,10.9767061,18,2631.9,235.8,2641.3,1,99,8,99,1.2,99
2026-01-15T09:36:45.567Z,46.9464286,10.9765704,18,2636.4,239.4,2645.8,1,23,12,23,0.6,23
2026-01-15T09:36:47.567Z,46.9463829,10.9764572,18,2640.3,246.9,2650.5,1,48,9,48,1.01,48
2026-01-15T09:36:49.567Z,46.9463524,10.9763523,18,2646.6,228.3,2654.8,1,40,12,40,1.06,40
2026-01-15T09:36:51.567Z,46.9462887,10.9762476,18,2649.8,245.8,2659.4,1,94,8,94,1.2,94
2026-01-15T09:36:53.567Z,46.9462493,10.9761194,18,2655.6,238.2,2664.1,1,28,12,28,0.74,28
2026-01-15T09:36:55.567Z,46.9462099,10.9760262,18,2658.8,236,2668.4,1,79,9,79,0.63,79
2026-01-15T09:36:57.567Z,46.946151,10.9758981,18,2665,244,2672.7,1,89,8,89,1.08,89
2026-01-15T09:36:59.567Z,46.9461131,10.9757841,18,2667.3,233.4,2677.3,1,21,11,21,0.78,21
2026-01-15T09:37:01.567Z,46.9460617,10.9756828,18,2672.8,237.3,2681.7,1,80,13,80,0.63,80
2026-01-15T09:37:03.567Z,46.9460174,10.9755817,18,2676.5,237.4,2686.1,1,73,8,73,1.08,73
2026-01-15T09:37:05.567Z,46.9459626,10.9754563,18,2682.1,232.7,2690.8,1,97,8,97,1.06,97
2026-01-15T09:37:07.567Z,46.9459103,10.9753556,18,2686.6,239.3,2695.6,1,70,13,70,1.08,70
2026-01-15T09:37:09.567Z,46.9458595,10.9752301,18,2690.8,242.2,2699.8,1,59,11,59,0.88,59
2026-01-15T09:37:11.567Z,46.9458225,10.9751271,18,2694.8,233.7,2704.2,1,51,11,51,0.86,51
2026-01-15T09:37:13.567Z,46.9457681,10.9750188,18,2701,240,2708.8,1,99,11,99,0.85,99
2026-01-15T09:37:15.567Z,46.9457181,10.9748918,18,2703.4,235.6,2713.2,1,35,8,35,0.72,35
2026-01-15T09:37:17.567Z,46.9456714,10.9747919,18,2708.7,238.3,2718.1,1,36,12,36,1.04,36
2026-01-15T09:37:19.567Z,46.9456216,10.974674,18,2713.3,242.7,2722.3,1,62,13,62,1.03,62
2026-01-15T09:37:21.567Z,46.9455885,10.9745799,18,2718.9,240.3,2727,1,73,12,73,0.62,73
2026-01-15T09:37:23.567Z,46.9455365,10.9744464,18,2722,231.9,2731.5,1,82,11,82,1.13,82
2026-01-15T09:37:25.567Z,46.9454791,10.9743393,18,2726.6,245.4,2736.1,1,35,13,35,0.81,35
2026-01-15T09:37:27.567Z,46.9454405,10.9742159,18,2732.6,230.5,2740.5,1,94,8,94,0.73,94
2026-01-15T09:37:29.567Z,46.9453867,10.9741204,18,2737.1,244.6,2744.8,1,47,8,47,0.81,47
2026-01-15T09:37:31.567Z,46.9453495,10.9740059,18,2741.6,237.1,2749.4,1,92,12,92,0.88,92
2026-01-15T09:37:33.567Z,46.9452961,10.973885,18,2745.3,241.3,2754,1,91,10,91,0.97,91
2026-01-15T09:37:35.567Z,46.9452603,10.9737892,18,2749.7,236.7,2758.6,1,76,12,76,0.75,76
2026-01-15T09:37:37.567Z,46.9452065,10.9736693,18,2754.5,239,2763.2,1,26,12,26,1.01,26
2026-01-15T09:37:39.567Z,46.9451573,10.9735494,18,2757.4,236.9,2767.8,1,60,10,60,0.99,60
2026-01-15T09:37:41.567Z,46.945113,10.9734498,18,2764.3,232.8,2772.2,1,56,12,56,0.81,56
2026-01-15T09:37:43.567Z,46.9450584,10.9733443,18,2768.4,240,2776.4,1,90,12,90,1.14,90
2026-01-15T09:37:45.567Z,46.9450086,10.9732178,18,2771.8,244,2780.9,1,41,8,41,1.12,41
2026-01-15T09:37:47.567Z,46.9449734,10.9731119,18,2777.2,240.3,2785.4,1,84,8,84,0.76,84
2026-01-15T09:37:49.567Z,46.9449251,10.9729879,18,2781.1,235.5,2790.1,1,50,13,50,0.86,50
2026-01-15T09:37:51.567Z,46.9448761,10.9728835,18,2786.5,234.3,2794.7,1,68,11,68,0.71,68
2026-01-15T09:37:53.567Z,46.9448263,10.9727818,18,2790.5,237.8,2799.4,1,34,10,34,1.12,34
2026-01-15T09:37:55.567Z,46.9447751,10.9726626,18,2794,242.4,2803.9,1,66,13,66,0.77,66
2026-01-15T09:37:57.567Z,46.9447376,10.9725577,18,2798.1,233.5,2808.1,1,28,12,28,0.87,28
2026-01-15T09:37:59.567Z,46.9446834,10.9724506,18,2802.6,244.7,2812.8,1,75,12,75,0.81,75
2026-01-15T09:38:01.567Z,46.9446388,10.9723122,18,2809.1,234.8,2817.2,1,59,11,59,0.66,59
2026-01-15T09:38:03.567Z,46.9445853,10.972201,18,2813.9,236.8,2821.5,1,22,13,22,0.65,22
2026-01-15T09:38:05.567Z,46.9445433,10.972107,18,2818,231.4,2826.3,1,54,9,54,0.99,54
2026-01-15T09:38:07.567Z,46.9444855,10.9720008,18,2822.9,239.6,2830.7,1,40,9,40,1.06,40
2026-01-15T09:38:09.567Z,46.9444391,10.9718849,18,2825.8,246,2835.4,1,32,11,32,0.61,32
2026-01-15T09:38:11.567Z,46.9443998,10.9717556,18,2831.5,235.9,2839.7,1,85,12,85,0.72,85
2026-01-15T09:38:13.567Z,46.9443496,10.9716471,18,2836,233.7,2844.2,1,23,11,23,1.01,23
2026-01-15T09:38:15.567Z,46.9442966,10.9715413,18,2838.8,247.7,2848.8,1,41,10,41,0.97,41
2026-01-15T09:38:17.567Z,46.9442634,10.9714229,18,2844.1,226.9,2853.5,1,51,10,51,0.62,51
2026-01-15T09:38:19.567Z,46.9442055,10.9713324,18,2848.2,240.5,2857.7,1,82,13,82,1.17,82
2026-01-15T09:38:21.567Z,46.9441582,10.9712098,18,2854.4,241.6,2862.3,1,69,8,69,0.76,69
2026-01-15T09:38:23.567Z,46.9441177,10.9711002,18,2856.8,233.7,2866.8,1,79,8,79,1.13,79
2026-01-15T09:38:25.567Z,46.9440604,10.9709858,18,2861.3,242.6,2871.7,1,56,10,56,0.85,56
2026-01-15T09:38:27.567Z,46.944024,10.970883,18,2865.9,231.9,2876.1,1,42,10,42,0.96,42
2026-01-15T09:38:29.567Z,46.943962,10.9707671,18,2870.5,238.6,2880.2,1,47,10,47,0.9,47
2026-01-15T09:38:31.567Z,46.9439152,10.9706549,18,2876.8,240.1,2884.9,1,67,9,67,0.67,67
2026-01-15T09:38:33.567Z,46.9438665,10.9705308,18,2880.7,243.5,2889.4,1,43,9,43,0.67,43
2026-01-15T09:38:35.567Z,46.9438309,10.9704264,18,2885.9,238.8,2894,1,55,8,55,0.78,55
2026-01-15T09:38:37.567Z,46.9437898,10.9703269,18,2889.4,236.6,2898.2,1,60,11,60,0.77,60
2026-01-15T09:38:39.567Z,46.9437341,10.9702034,18,2894.7,237.6,2903.1,1,30,10,30,1.11,30
2026-01-15T09:38:41.567Z,46.9436836,10.970087,18,2898.9,238.1,2907.4,1,59,11,59,0.7,59
2026-01-15T09:38:43.567Z,46.9436337,10.9699698,18,2903.9,238.6,2912.3,1,75,10,75,1.07,75
2026-01-15T09:38:45.567Z,46.9435947,10.9698763,18,2908.3,238.9,2916.4,1,78,11,78,1.02,78
2026-01-15T09:38:47.567Z,46.9435385,10.9697396,18,2911.4,240.8,2921.3,1,88,8,88,0.71,88
2026-01-15T09:38:49.567Z,46.9434971,10.969631,18,2916.4,230,2925.7,1,46,10,46,1.06,46
2026-01-15T09:38:51.567Z,46.9434436,10.9695377,18,2921.9,240.2,2930.2,1,81,12,81,0.74,81
2026-01-15T09:38:53.567Z,46.9433927,10.9694076,18,2925.9,237.4,2934.6,1,34,9,34,1.03,34
2026-01-15T09:38:55.567Z,46.9433462,10.9693012,18,2929.4,236.5,2939.1,1,88,10,88,0.74,88
2026-01-15T09:38:57.567Z,46.9433041,10.9692082,18,2933.8,240.3,2943.9,1,44,9,44,1.18,44
2026-01-15T09:38:59.567Z,46.9432571,10.9690875,18,2940.3,244.3,2947.9,1,25,8,25,0.82,25
2026-01-15T09:39:01.567Z,46.9432197,10.9689739,18,2943.8,237.9,2952.6,1,25,13,25,1.15,25
2026-01-15T09:39:03.567Z,46.943166,10.9688485,18,2947.4,231.5,2957.3,1,78,8,78,0.63,78
2026-01-15T09:39:05.567Z,46.9431079,10.9687417,18,2953.7,239.9,2961.4,1,30,12,30,0.84,30
2026-01-15T09:39:07.567Z,46.9430676,10.9686398,18,2956.1,247.5,2965.9,1,68,13,68,0.72,68
2026-01-15T09:39:09.567Z,46.9430301,10.9685075,18,2960.8,235.6,2970.4,1,88,13,88,0.74,88
2026-01-15T09:39:11.567Z,46.9429821,10.9684049,18,2965.7,237.4,2975,1,28,11,28,0.79,28
2026-01-15T09:39:13.567Z,46.942929,10.9682832,18,2971.5,232.2,2979.9,1,42,13,42,1.2,42
2026-01-15T09:39:15.567Z,46.9428826,10.9681957,18,2974.3,243,2984.4,1,40,10,40,0.93,40
2026-01-15T09:39:17.567Z,46.942835,10.9680589,18,2980.5,228,2988.4,1,73,10,73,0.91,73
2026-01-15T09:39:19.567Z,46.942781,10.9679712,18,2985.2,250.4,2993.3,1,69,8,69,0.61,69
2026-01-15T09:39:21.567Z,46.9427509,10.9678476,18,2988.6,236,2997.5,1,46,9,46,0.7,46
2026-01-15T09:39:23.567Z,46.9427003,10.9677377,18,2993.9,237.3,3002.1,1,84,11,84,0.76,84
2026-01-15T09:39:25.567Z,46.9426471,10.9676161,18,2997.2,242.1,3006.9,1,59,13,59,0.62,59
2026-01-15T09:39:27.567Z,46.9426056,10.9675014,18,3002.1,233.9,3011,1,87,10,87,1.13,87
2026-01-15T09:39:29.567Z,46.9425485,10.9673866,18,3007.6,239.8,3015.9,1,78,12,78,1.01,78
2026-01-15T09:39:31.567Z,46.9425105,10.9672908,18,3010.7,243.6,3020.4,1,89,9,89,0.94,89
2026-01-15T09:39:33.567Z,46.9424734,10.9671812,18,3015.8,94.9,3023.8,1,55,9,55,1.07,55
2026-01-15T09:39:33.567Z,46.9424719,10.9672067,20,3014,95,3024,1,92,11,92,0.73,92
2026-01-15T09:39:34.567Z,46.9424689,10.9672571,20,3014.6,100.9,3022.8,1,79,13,79,1.19,79
2026-01-15T09:39:35.567Z,46.942457,10.9673476,20.1,3011.8,88.2,3021.8,1,34,8,34,0.94,34
2026-01-15T09:39:36.567Z,46.9424586,10.9674216,20.2,3012.8,86.3,3021.1,1,36,9,36,1.08,36
2026-01-15T09:39:37.567Z,46.9424608,10.9674708,20.3,3009.7,65.1,3019.7,1,71,8,71,0.89,71
2026-01-15T09:39:38.567Z,46.9424828,10.9675402,20.5,3010.7,82.3,3018.8,1,44,10,44,0.92,44
2026-01-15T09:39:39.567Z,46.9424913,10.9676325,20.7,3008.7,53.2,3017.5,1,86,9,86,0.66,86
2026-01-15T09:39:40.567Z,46.9425129,10.9676748,21,3007.7,69.8,3016.6,1,65,11,65,0.77,65
2026-01-15T09:39:41.567Z,46.9425338,10.9677578,21.3,3006.1,88.5,3015.3,1,29,12,29,0.7,29
2026-01-15T09:39:42.567Z,46.9425348,10.9678128,21.6,3005.8,136.4,3014.3,1,68,12,68,0.68,68
2026-01-15T09:39:43.567Z,46.9424927,10.9678716,22,3003.2,123.8,3013,1,61,9,61,1.14,61
2026-01-15T09:39:44.567Z,46.9424668,10.9679283,22.4,3002.5,135.6,3011.8,1,58,11,58,0.98,58
2026-01-15T09:39:45.567Z,46.94242,10.9679955,22.9,3001.2,155.7,3010.8,1,59,9,59,0.8,59
2026-01-15T09:39:46.567Z,46.94236,10.9680352,23.4,3001.4,156.9,3009.4,1,90,10,90,1.03,90
2026-01-15T09:39:47.567Z,46.9423207,10.9680597,23.9,2999.3,156.4,3008.6,1,24,11,24,0.77,24
2026-01-15T09:39:48.567Z,46.9422665,10.9680944,24.5,2998.1,170.6,3007.1,1,44,13,44,0.9,44
2026-01-15T09:39:49.567Z,46.9421978,10.9681111,25.2,2996.3,162.9,3005.9,1,53,13,53,1.14,53
2026-01-15T09:39:50.567Z,46.9421307,10.9681414,25.9,2995.2,169.4,3004.6,1,39,13,39,1.11,39
2026-01-15T09:39:51.567Z,46.9420811,10.968155,26.7,2995.1,170.4,3003.3,1,32,8,32,0.85,32
2026-01-15T09:39:52.567Z,46.9420136,10.9681717,27.5,2994,150.1,3001.8,1,31,12,31,0.97,31
2026-01-15T09:39:53.567Z,46.9419564,10.9682198,28.4,2991.5,149.4,3000.3,1,72,12,72,1.16,72
2026-01-15T09:39:54.567Z,46.9418878,10.9682792,29.4,2990.4,131.8,2999,1,32,13,32,1.06,32
2026-01-15T09:39:55.567Z,46.9418383,10.9683604,30.4,2989.3,132.2,2997.2,1,44,8,44,0.92,44
2026-01-15T09:39:56.567Z,46.9417915,10.9684361,31.5,2985.9,128.2,2995.5,1,45,11,45,0.68,45
2026-01-15T09:39:57.567Z,46.9417462,10.9685203,32.7,2986.2,131.1,2993.8,1,63,8,63,0.93,63
2026-01-15T09:39:58.567Z,46.9416854,10.9686225,34,2984,133.2,2992.1,1,74,11,74,0.95,74
2026-01-15T09:39:59.567Z,46.941624,10.9687182,35.3,2981.7,115.5,2990.7,1,91,13,91,0.62,91
2026-01-15T09:40:00.567Z,46.9415891,10.9688256,36.8,2978.5,104.1,2988.8,1,23,13,23,0.78,23
2026-01-15T09:40:01.567Z,46.941569,10.9689426,38.3,2976.7,2.2,2986.9,1,24,8,24,0.89,24
2026-01-15T09:40:02.567Z,46.9416634,10.968948,39.9,2975.7,351.9,2984.5,1,44,8,44,1.03,44
2026-01-15T09:40:03.567Z,46.9417598,10.9689279,41.7,2974.3,342.2,2982.8,1,24,12,24,0.68,24
2026-01-15T09:40:04.567Z,46.9418667,10.9688776,43.5,2971,353.5,2980.5,1,45,13,45,0.63,45
2026-01-15T09:40:05.567Z,46.9419653,10.9688611,45.4,2968.7,10.3,2978.2,1,70,9,70,0.79,70
2026-01-15T09:40:06.567Z,46.9420808,10.9688917,47.4,2966,13,2976,1,71,12,71,1.09,71
2026-01-15T09:40:07.567Z,46.942185,10.9689268,49.5,2964.4,3.1,2973.3,1,85,12,85,1.15,85
2026-01-15T09:40:08.567Z,46.94231,10.9689368,51.7,2960.5,19.8,2970.9,1,51,12,51,0.64,51
2026-01-15T09:40:08.900Z,46.9423539,10.96896,52.4,2961.8,348.9,2969.9,1,22,11,22,0.62,22
2026-01-15T09:40:09.233Z,46.9424129,10.968943,53.2,2960.7,18.3,2969.1,1,87,13,87,0.95,87
2026-01-15T09:40:09.567Z,46.9424432,10.9689577,53.9,2959.5,353.9,2968.1,1,66,13,66,0.96,66
2026-01-15T09:40:09.900Z,46.942491,10.9689502,54.7,2957.2,17.9,2966.9,1,31,12,31,1.18,31
2026-01-15T09:40:10.233Z,46.9425339,10.9689705,55.5,2957.3,359.2,2965.9,1,73,9,73,0.92,73
2026-01-15T09:40:10.567Z,46.9425862,10.9689694,56.3,2956.4,352,2965,1,69,9,69,0.72,69
2026-01-15T09:40:10.900Z,46.9426369,10.9689589,57.1,2955.8,9.9,2963.8,1,69,11,69,0.98,69
2026-01-15T09:40:11.233Z,46.94267,10.9689674,57.9,2953.2,348.1,2962.9,1,99,8,99,0.74,99
2026-01-15T09:40:11.567Z,46.9427271,10.9689498,58.7,2952.2,8.3,2961.8,1,69,13,69,0.65,69
2026-01-15T09:40:11.900Z,46.9427791,10.9689609,59.4,2951.7,349.7,2961,1,73,8,73,1,73
2026-01-15T09:40:12.233Z,46.9428267,10.9689482,60.2,2951.9,344.1,2960,1,89,13,89,0.87,89
2026-01-15T09:40:12.567Z,46.9428767,10.9689273,61,2950.3,357.8,2958.9,1,29,12,29,0.63,29
2026-01-15T09:40:12.900Z,46.9429212,10.9689248,61.8,2949.9,4.4,2958,1,58,8,58,0.85,58
2026-01-15T09:40:13.233Z,46.9429777,10.9689312,62.6,2946.7,344.2,2957,1,56,12,56,0.8,56
2026-01-15T09:40:13.567Z,46.9430238,10.9689121,63.4,2946.3,14.7,2955.9,1,46,9,46,0.62,46
2026-01-15T09:40:13.900Z,46.9430851,10.9689357,64.2,2946.3,13.8,2954.5,1,49,9,49,0.97,49
2026-01-15T09:40:14.233Z,46.9431353,10.9689538,65,2945,4.6,2953.6,1,83,8,83,0.9,83
2026-01-15T09:40:14.567Z,46.9431758,10.9689586,65.8,2944.4,14.4,2952.4,1,46,11,46,0.81,46
2026-01-15T09:40:14.900Z,46.9432288,10.9689786,66.5,2943.1,21.1,2951.1,1,44,10,44,1.13,44
2026-01-15T09:40:15.233Z,46.9432969,10.9690171,67.3,2939.8,17.8,2949.8,1,54,10,54,1.1,54
2026-01-15T09:40:15.567Z,46.9433493,10.9690418,68,2940.9,40.2,2948.6,1,85,13,85,0.63,85
2026-01-15T09:40:15.900Z,46.943393,10.9690958,68.8,2937.6,9.4,2947.8,1,86,8,86,0.63,86
2026-01-15T09:40:16.233Z,46.9434491,10.9691094,69.5,2937.6,18.4,2946.6,1,49,12,49,0.77,49
2026-01-15T09:40:16.567Z,46.943494,10.9691313,70.2,2936.7,355.9,2944.9,1,33,8,33,0.88,33
2026-01-15T09:40:16.733Z,46.9435327,10.9691272,70.5,2934.4,5.2,2944.2,1,30,10,30,0.73,30
2026-01-15T09:40:16.900Z,46.9435705,10.9691322,70.8,2935.3,338.9,2943.8,1,70,8,70,1.17,70
2026-01-15T09:40:17.067Z,46.943588,10.9691223,71.2,2933.8,326.7,2943,1,32,12,32,0.95,32
2026-01-15T09:40:17.233Z,46.9436117,10.9690995,71.5,2933,352.9,2942.7,1,40,13,40,1.04,40
2026-01-15T09:40:17.400Z,46.9436516,10.9690922,71.8,2931.9,324,2942,1,93,8,93,1.06,93
2026-01-15T09:40:17.567Z,46.9436735,10.9690689,72.1,2933,7.9,2941.3,1,87,9,87,1.04,87
2026-01-15T09:40:17.733Z,46.943706,10.9690755,72.4,2932.7,334.7,2940.6,1,77,11,77,0.82,77
2026-01-15T09:40:17.900Z,46.9437301,10.9690588,72.7,2930.2,329.3,2940.2,1,98,13,98,0.99,98
2026-01-15T09:40:18.067Z,46.9437572,10.9690352,73,2930,332.8,2939.2,1,41,13,41,0.94,41
2026-01-15T09:40:18.233Z,46.9437859,10.9690136,73.3,2930.9,358.9,2939,1,47,12,47,0.87,47
2026-01-15T09:40:18.400Z,46.9438108,10.9690129,73.5,2929.5,319.8,2938,1,67,9,67,0.89,67
2026-01-15T09:40:18.567Z,46.9438392,10.9689777,73.8,2929.5,338.7,2937.6,1,28,8,28,0.71,28
2026-01-15T09:40:18.733Z,46.9438779,10.9689556,74.1,2927.4,346,2936.9,1,37,12,37,1.09,37
2026-01-15T09:40:18.900Z,46.9439051,10.9689457,74.3,2927.8,318.6,2936.1,1,94,12,94,1.12,94
2026-01-15T09:40:19.067Z,46.9439268,10.9689177,74.5,2926.8,340.3,2935.4,1,38,12,38,0.71,38
2026-01-15T09:40:19.233Z,46.9439619,10.9688993,74.8,2925.5,18,2934.8,1,23,13,23,0.83,23
2026-01-15T09:40:19.400Z,46.9439816,10.9689087,75,2925.2,331.1,2934.3,1,70,8,70,1.04,70
2026-01-15T09:40:19.567Z,46.9440204,10.9688773,75.2,2924.8,337.8,2933.9,1,72,9,72,0.9,72
2026-01-15T09:40:19.733Z,46.9440534,10.9688576,75.4,2923.4,354.3,2933,1,80,12,80,0.68,80
2026-01-15T09:40:19.900Z,46.9440856,10.9688529,75.6,2924.5,24.7,2932.2,1,51,11,51,1,51
2026-01-15T09:40:20.067Z,46.9441135,10.9688717,75.8,2923.1,325.4,2931.4,1,22,13,22,1.14,22
2026-01-15T09:40:20.233Z,46.9441344,10.9688506,75.9,2922.6,359.9,2931.2,1,57,8,57,1.16,57
2026-01-15T09:40:20.400Z,46.9441645,10.9688505,76.1,2920.1,348,2930.3,1,89,11,89,0.89,89
2026-01-15T09:40:20.567Z,46.9442008,10.9688392,76.2,2919.6,334.9,2929.5,1,83,9,83,1.19,83
2026-01-15T09:40:20.733Z,46.9442305,10.9688188,76.4,2920.8,352,2929.1,1,46,9,46,0.6,46
2026-01-15T09:40:20.900Z,46.9442602,10.9688127,76.5,2918.5,311.3,2928.6,1,75,11,75,0.84,75
2026-01-15T09:40:21.067Z,46.9442866,10.9687687,76.6,2918.5,297.8,2927.9,1,58,12,58,0.92,58
2026-01-15T09:40:21.233Z,46.9443037,10.9687212,76.7,2918.2,261.6,2927.1,1,65,9,65,1.17,65
2026-01-15T09:40:21.400Z,46.9443013,10.9686975,76.8,2918.1,273.3,2926.3,1,50,9,50,0.67,50
2026-01-15T09:40:21.567Z,46.9443035,10.9686412,76.8,2915.6,264.1,2925.6,1,46,11,46,0.67,46
2026-01-15T09:40:21.733Z,46.9442992,10.9685802,76.9,2915.3,215,2925.2,1,79,8,79,1.18,79
2026-01-15T09:40:21.900Z,46.9442828,10.9685634,76.9,2914.4,246.1,2924,1,90,13,90,1.19,90
2026-01-15T09:40:22.067Z,46.9442676,10.9685132,76.9,2914.6,209.4,2923.4,1,58,12,58,0.98,58
2026-01-15T09:40:22.233Z,46.9442371,10.968488,77,2913.1,215.1,2922.7,1,32,10,32,0.69,32
2026-01-15T09:40:22.400Z,46.9442123,10.9684625,77,2912,219.8,2922.5,1,65,9,65,0.98,65
2026-01-15T09:40:22.567Z,46.9441825,10.9684261,76.9,2912.9,202.5,2921.4,1,60,13,60,1.17,60
2026-01-15T09:40:22.733Z,46.9441642,10.968415,76.9,2911.3,185.4,2920.8,1,59,11,59,0.75,59
2026-01-15T09:40:22.900Z,46.9441208,10.968409,76.9,2910.6,224.5,2920.3,1,70,9,70,0.94,70
2026-01-15T09:40:23.067Z,46.9441044,10.9683854,76.9,2911.5,204.1,2919.3,1,26,12,26,1.2,26
2026-01-15T09:40:23.233Z,46.9440803,10.9683696,76.9,2909.2,194.4,2918.9,1,75,13,75,1.02,75
2026-01-15T09:40:23.400Z,46.9440498,10.9683581,76.9,2909.3,191.9,2918.5,1,87,12,87,1.12,87
2026-01-15T09:40:23.567Z,46.9440082,10.9683453,76.9,2909.2,221.7,2917.6,1,21,9,21,0.66,21
2026-01-15T09:40:23.733Z,46.9439791,10.9683073,76.9,2906.8,199.1,2917.1,1,59,13,59,1.1,59
2026-01-15T09:40:23.900Z,46.9439422,10.9682886,76.9,2906.4,197.8,2916.1,1,75,12,75,1.12,75
2026-01-15T09:40:24.067Z,46.9439207,10.9682785,76.9,2907,204.2,2915.8,1,82,12,82,1.06,82
2026-01-15T09:40:24.233Z,46.9438878,10.9682568,76.8,2906.5,204.2,2915.1,1,77,10,77,1.1,77
2026-01-15T09:40:24.400Z,46.9438568,10.9682364,76.8,2905.2,181.7,2913.9,1,30,12,30,1.08,30
2026-01-15T09:40:24.567Z,46.943836,10.9682355,76.8,2905.7,215.5,2913.6,1,98,11,98,0.65,98
2026-01-15T09:40:24.733Z,46.9438014,10.9681993,76.8,2903.7,216.2,2912.9,1,84,8,84,0.86,84
2026-01-15T09:40:24.900Z,46.9437835,10.9681801,76.8,2903.8,213.7,2912.4,1,50,13,50,1.05,50
2026-01-15T09:40:25.067Z,46.9437507,10.968148,76.8,2902.6,215.5,2911.6,1,31,11,31,0.69,31
2026-01-15T09:40:25.233Z,46.9437262,10.9681224,76.8,2902.3,228,2910.5,1,35,9,35,0.84,35
2026-01-15T09:40:25.400Z,46.9436996,10.9680792,76.8,2902.3,221.2,2910.3,1,98,8,98,0.94,98
2026-01-15T09:40:25.567Z,46.9436901,10.968067,76.8,2899.3,229.1,2909.6,1,39,12,39,0.98,39
2026-01-15T09:40:25.733Z,46.9436661,10.9680264,76.8,2898.8,230.8,2908.7,1,69,9,69,0.69,69
2026-01-15T09:40:25.900Z,46.9436385,10.9679768,76.8,2899.9,233.2,2907.9,1,85,9,85,0.68,85
2026-01-15T09:40:26.067Z,46.9436164,10.9679336,76.8,2898.1,271.8,2907.6,1,89,9,89,1.18,89
2026-01-15T09:40:26.233Z,46.9436169,10.9679097,76.8,2898.6,229.3,2907,1,42,13,42,1.13,42
2026-01-15T09:40:26.400Z,46.9435895,10.967863,76.8,2895.9,266.9,2906.2,1,20,13,20,1.06,20
2026-01-15T09:40:26.567Z,46.9435881,10.967825,76.8,2896.4,254.5,2905.6,1,40,13,40,0.96,40
2026-01-15T09:40:26.733Z,46.9435784,10.9677739,76.8,2896.5,269.5,2904.8,1,62,10,62,0.73,62
2026-01-15T09:40:26.900Z,46.9435782,10.9677376,76.8,2895.2,235.7,2904.2,1,68,12,68,1.18,68
2026-01-15T09:40:27.067Z,46.9435508,10.9676788,76.8,2893.5,285.3,2903.4,1,91,12,91,0.9,91
2026-01-15T09:40:27.233Z,46.9435599,10.96763,76.8,2893.8,226.9,2902.5,1,35,8,35,0.71,35
2026-01-15T09:40:27.400Z,46.9435416,10.9676014,76.8,2892.3,253.6,2902.1,1,46,12,46,0.94,46
2026-01-15T09:40:27.567Z,46.9435283,10.967535,76.8,2893.2,287.2,2901.3,1,26,9,26,1.11,26
2026-01-15T09:40:27.733Z,46.9435374,10.9674919,76.8,2892,222.2,2900.8,1,44,10,44,1.19,44
2026-01-15T09:40:27.900Z,46.9435174,10.9674653,76.8,2890.8,268.1,2900.1,1,83,10,83,0.89,83
2026-01-15T09:40:28.067Z,46.9435159,10.9673974,76.8,2891.1,238.7,2899.1,1,58,10,58,1.17,58
2026-01-15T09:40:28.233Z,46.9435011,10.9673617,76.8,2889,263.1,2898.7,1,56,11,56,0.69,56
2026-01-15T09:40:28.400Z,46.9434968,10.9673095,76.8,2888.9,251.9,2898,1,80,13,80,1.04,80
2026-01-15T09:40:28.567Z,46.9434873,10.9672669,76.8,2889.5,273.7,2897,1,36,10,36,1.06,36
2026-01-15T09:40:28.733Z,46.9434885,10.9672394,76.8,2888.3,240.9,2896.8,1,95,8,95,0.7,95
2026-01-15T09:40:28.900Z,46.9434705,10.967192,76.9,2885.8,263.4,2895.7,1,77,12,77,0.66,77
2026-01-15T09:40:29.067Z,46.9434661,10.9671365,76.9,2886.1,232.8,2895.4,1,53,8,53,0.92,53
2026-01-15T09:40:29.233Z,46.9434518,10.9671089,76.9,2886,248.5,2894.6,1,88,8,88,0.85,88
2026-01-15T09:40:29.400Z,46.9434373,10.9670549,76.9,2885.3,263,2894.1,1,62,10,62,0.94,62
2026-01-15T09:40:29.567Z,46.9434322,10.9669938,76.9,2885.2,226.8,2893,1,20,12,20,1.06,20
2026-01-15T09:40:29.733Z,46.9434079,10.9669559,76.9,2884.6,270.6,2892.5,1,47,10,47,0.85,47
2026-01-15T09:40:29.900Z,46.9434082,10.9669143,76.9,2883.2,249.9,2892.1,1,92,13,92,0.91,92
2026-01-15T09:40:30.067Z,46.9433986,10.9668759,76.9,2881,229.9,2891,1,54,8,54,1.18,54
2026-01-15T09:40:30.233Z,46.9433739,10.966833,76.9,2881.7,254.8,2890.5,1,68,9,68,0.97,68
2026-01-15T09:40:30.400Z,46.9433683,10.9668028,76.9,2881.3,257.1,2889.9,1,95,11,95,1.03,95
2026-01-15T09:40:30.567Z,46.9433605,10.9667531,77,2880.6,227.5,2889.2,1,91,10,91,0.8,91
2026-01-15T09:40:30.733Z,46.9433325,10.9667084,77,2880.3,266.9,2888.8,1,45,13,45,0.88,45
2026-01-15T09:40:30.900Z,46.9433307,10.966659,77,2878.4,228.1,2887.8,1,95,8,95,0.78,95
2026-01-15T09:40:31.067Z,46.9433096,10.9666246,77,2878.7,252.5,2887.2,1,72,9,72,0.92,72
2026-01-15T09:40:31.233Z,46.9432985,10.9665729,77,2877.7,220.6,2886.5,1,59,11,59,0.95,59
2026-01-15T09:40:31.400Z,46.9432779,10.966547,77,2875.8,243.8,2886,1,37,12,37,0.66,37
2026-01-15T09:40:31.567Z,46.9432641,10.966506,77,2876.8,256.2,2885,1,64,8,64,0.87,64
2026-01-15T09:40:31.733Z,46.9432559,10.9664572,77.1,2876.2,209.4,2884.2,1,35,12,35,1.02,35
2026-01-15T09:40:31.900Z,46.943226,10.9664325,77.1,2873.8,266.8,2883.7,1,71,10,71,1.1,71
2026-01-15T09:40:32.067Z,46.9432238,10.9663751,77.1,2874.2,239,2883.3,1,38,12,38,0.69,38
2026-01-15T09:40:32.233Z,46.9432095,10.9663403,77.1,2873.3,229.3,2882.6,1,82,13,82,0.91,82
2026-01-15T09:40:32.400Z,46.943184,10.9662968,77.1,2872.4,241.5,2881.9,1,88,9,88,0.93,88
2026-01-15T09:40:32.567Z,46.9431654,10.9662467,77.2,2871.6,206.7,2880.8,1,26,11,26,1.19,26
2026-01-15T09:40:32.733Z,46.9431509,10.966236,77.2,2871.6,234.2,2880.5,1,93,12,93,1.2,93
2026-01-15T09:40:32.900Z,46.94312,10.9661732,77.2,2871.4,271,2879.6,1,65,9,65,0.74,65
2026-01-15T09:40:33.067Z,46.9431204,10.9661402,77.2,2869,222.5,2879,1,90,8,90,0.87,90
2026-01-15T09:40:33.233Z,46.9430948,10.9661058,77.2,2869,260.8,2878.3,1,32,8,32,0.69,32
2026-01-15T09:40:33.400Z,46.9430903,10.9660649,77.3,2869.4,222.7,2877.7,1,76,9,76,1.08,76
2026-01-15T09:40:33.567Z,46.9430638,10.9660291,77.3,2869.1,253,2877.2,1,46,9,46,1.18,46
2026-01-15T09:40:33.733Z,46.9430517,10.9659711,77.3,2868.2,221.9,2876.2,1,68,8,68,0.73,68
2026-01-15T09:40:33.900Z,46.9430316,10.9659447,77.3,2866.2,262.6,2875.5,1,73,9,73,1.12,73
2026-01-15T09:40:34.067Z,46.9430275,10.9658984,77.3,2865.2,230.4,2874.8,1,45,13,45,1,45
2026-01-15T09:40:34.233Z,46.9430059,10.9658601,77.4,2864.9,259.2,2874.3,1,77,9,77,0.71,77
2026-01-15T09:40:34.400Z,46.9429984,10.9658026,77.4,2865.2,205.5,2873.8,1,25,10,25,1.08,25
2026-01-15T09:40:34.567Z,46.9429681,10.9657814,77.4,2863,281.4,2873,1,74,9,74,1,74
2026-01-15T09:40:34.733Z,46.9429755,10.9657278,77.4,2862.6,234.6,2872,1,58,8,58,0.67,58
2026-01-15T09:40:34.900Z,46.9429471,10.9656692,77.5,2863.5,286.3,2871.6,1,71,9,71,0.89,71
2026-01-15T09:40:35.067Z,46.9429531,10.9656392,77.5,2861.6,257.1,2870.9,1,92,13,92,0.93,92
2026-01-15T09:40:35.233Z,46.9429453,10.9655894,77.5,2860.9,250.7,2870.5,1,34,11,34,0.88,34
2026-01-15T09:40:35.400Z,46.9429316,10.9655322,77.6,2859.7,222.9,2869.8,1,68,13,68,1.05,68
2026-01-15T09:40:35.567Z,46.9429138,10.965508,77.6,2858.8,267,2868.8,1,36,12,36,0.67,36
2026-01-15T09:40:35.733Z,46.9429116,10.9654473,77.6,2859.5,267.5,2868.1,1,50,10,50,0.7,50
2026-01-15T09:40:35.900Z,46.9429103,10.9654039,77.6,2857.8,262.5,2867.3,1,44,8,44,0.85,44
2026-01-15T09:40:36.067Z,46.9429069,10.9653663,77.7,2858.5,284.4,2866.8,1,49,11,49,0.91,49
2026-01-15T09:40:36.233Z,46.9429188,10.9652983,77.7,2857.2,244.2,2866.2,1,70,9,70,0.74,70
2026-01-15T09:40:36.400Z,46.9429037,10.9652526,77.7,2857.2,290.3,2865.6,1,59,13,59,0.73,59
2026-01-15T09:40:36.567Z,46.9429155,10.9652058,77.8,2855,268.3,2864.9,1,43,10,43,0.63,43
2026-01-15T09:40:36.733Z,46.9429145,10.9651567,77.8,2854.9,290.7,2864.2,1,86,9,86,0.94,86
2026-01-15T09:40:36.900Z,46.9429231,10.9651234,77.8,2854.3,290.9,2863.5,1,25,12,25,0.77,25
2026-01-15T09:40:37.067Z,46.9429366,10.9650717,77.9,2853.1,282.8,2862.7,1,57,8,57,1,57
2026-01-15T09:40:37.233Z,46.942943,10.9650306,77.9,2854.2,248.1,2861.8,1,72,9,72,0.71,72
2026-01-15T09:40:37.400Z,46.9429293,10.9649808,77.9,2851.6,307.5,2861.5,1,25,10,25,0.76,25
2026-01-15T09:40:37.567Z,46.9429552,10.9649313,78,2851.3,290.6,2860.4,1,63,12,63,0.83,63
2026-01-15T09:40:37.733Z,46.9429658,10.9648901,78,2851.2,316.1,2860.1,1,39,9,39,1.06,39
2026-01-15T09:40:37.900Z,46.9429838,10.9648647,78,2849.3,298.6,2859.2,1,30,10,30,1.02,30
2026-01-15T09:40:38.067Z,46.9430048,10.9648083,78.1,2850.4,303,2858.7,1,77,10,77,0.8,77
2026-01-15T09:40:38.233Z,46.9430237,10.9647656,78.1,2848.3,291.3,2857.9,1,84,8,84,0.71,84
2026-01-15T09:40:38.400Z,46.943035,10.9647231,78.1,2847.4,297.5,2857.3,1,53,12,53,0.6,53
2026-01-15T09:40:38.567Z,46.9430492,10.9646832,78.2,2847.8,331.8,2856.3,1,31,12,31,1.01,31
2026-01-15T09:40:38.733Z,46.943072,10.9646653,78.2,2846.3,314.1,2856.1,1,99,12,99,0.67,99
2026-01-15T09:40:38.900Z,46.9431058,10.9646143,78.3,2845.9,321.3,2855.3,1,70,12,70,0.73,70
2026-01-15T09:40:39.067Z,46.9431318,10.9645838,78.3,2846.6,319.1,2854.5,1,30,9,30,0.99,30
2026-01-15T09:40:39.233Z,46.943146,10.9645658,78.3,2844.2,329.3,2853.7,1,29,11,29,0.96,29
2026-01-15T09:40:39.400Z,46.9431723,10.9645429,78.4,2845.2,347.2,2853.4,1,77,8,77,0.92,77
2026-01-15T09:40:39.567Z,46.9432108,10.9645301,78.4,2843.5,338.4,2852.5,1,78,12,78,0.75,78
2026-01-15T09:40:39.733Z,46.9432336,10.9645169,78.5,2843.7,326.3,2851.7,1,24,13,24,1.02,24
2026-01-15T09:40:39.900Z,46.9432619,10.9644893,78.5,2841.8,7.6,2851.1,1,79,13,79,1.12,79
2026-01-15T09:40:40.067Z,46.9432965,10.9644961,78.5,2840.6,353.9,2850.3,1,60,13,60,0.98,60
2026-01-15T09:40:40.233Z,46.9433398,10.9644893,78.6,2841.5,345.8,2849.6,1,82,11,82,1.01,82
2026-01-15T09:40:40.400Z,46.9433622,10.964481,78.6,2839,15.7,2848.9,1,26,12,26,1.1,26
2026-01-15T09:40:40.567Z,46.9434065,10.9644992,78.7,2839.7,9.9,2848.3,1,29,9,29,0.73,29
2026-01-15T09:40:40.733Z,46.9434222,10.9645032,78.7,2839,349.1,2847.4,1,47,11,47,0.69,47
2026-01-15T09:40:40.900Z,46.9434577,10.9644932,78.8,2838.1,11.1,2846.8,1,90,8,90,1.03,90
2026-01-15T09:40:41.067Z,46.943506,10.9645071,78.8,2836.9,352.9,2846.3,1,97,12,97,0.94,97
2026-01-15T09:40:41.233Z,46.9435208,10.9645044,78.8,2836.9,27.1,2845.6,1,34,12,34,0.86,34
2026-01-15T09:40:41.400Z,46.9435537,10.9645291,78.9,2835.2,5,2844.8,1,44,10,44,1,44
2026-01-15T09:40:41.567Z,46.9435882,10.9645335,78.9,2834.8,15.6,2843.9,1,25,10,25,0.64,25
2026-01-15T09:40:41.733Z,46.9436224,10.9645475,79,2834.1,4.7,2843.7,1,90,11,90,1.15,90
2026-01-15T09:40:41.900Z,46.9436627,10.9645524,79,2833.3,349.9,2842.6,1,41,9,41,0.65,41
2026-01-15T09:40:42.067Z,46.943699,10.9645429,79.1,2833.8,28.5,2841.9,1,29,8,29,0.97,29
2026-01-15T09:40:42.233Z,46.9437172,10.9645574,79.1,2831.5,26.4,2841.7,1,87,12,87,0.67,87
2026-01-15T09:40:42.400Z,46.9437544,10.9645844,79.2,2831.2,19.4,2840.4,1,80,11,80,0.72,80
2026-01-15T09:40:42.567Z,46.9437925,10.9646041,79.2,2831.4,2.9,2840.3,1,48,13,48,0.62,48
2026-01-15T09:40:42.733Z,46.9438169,10.9646059,79.3,2830.2,2,2839.1,1,54,10,54,0.88,54
2026-01-15T09:40:42.900Z,46.9438595,10.9646081,79.3,2830.3,28,2838.5,1,31,12,31,0.99,31
2026-01-15T09:40:43.067Z,46.943888,10.9646303,79.4,2828.2,31,2837.8,1,96,12,96,0.74,96
2026-01-15T09:40:43.233Z,46.9439028,10.9646433,79.4,2828.1,8.4,2837.2,1,46,10,46,1.05,46
2026-01-15T09:40:43.400Z,46.9439503,10.9646536,79.5,2828.1,24.1,2836.6,1,65,13,65,0.82,65
2026-01-15T09:40:43.567Z,46.9439762,10.9646706,79.5,2826.1,13.6,2835.8,1,25,13,25,0.93,25
2026-01-15T09:40:43.733Z,46.9440161,10.9646847,79.6,2825.8,36,2835,1,96,9,96,0.79,96
2026-01-15T09:40:43.900Z,46.9440449,10.9647154,79.6,2825,10.4,2834.2,1,57,11,57,0.69,57
2026-01-15T09:40:44.067Z,46.9440776,10.9647242,79.7,2824.1,356.8,2834,1,54,8,54,0.61,54
2026-01-15T09:40:44.233Z,46.9440961,10.9647227,79.7,2824.4,18.5,2833.2,1,98,13,98,0.82,98
2026-01-15T09:40:44.400Z,46.944143,10.9647457,79.8,2822.6,27.2,2832.3,1,36,10,36,0.6,36
2026-01-15T09:40:44.567Z,46.9441631,10.9647608,79.9,2822.4,342.3,2831.6,1,24,12,24,0.83,24
2026-01-15T09:40:44.733Z,46.9441904,10.964748,79.9,2821.8,28.3,2830.7,1,54,13,54,1.13,54
2026-01-15T09:40:44.900Z,46.9442262,10.9647762,80,2821.8,9.9,2830.1,1,40,12,40,0.63,40
2026-01-15T09:40:45.067Z,46.94427,10.9647874,80,2819.6,340.8,2829.6,1,93,11,93,1.18,93
2026-01-15T09:40:45.167Z,46.9442865,10.964779,80,2819.6,20.3,2829,1,52,12,52,1.18,52
2026-01-15T09:40:45.267Z,46.9443098,10.9647916,80.1,2819.6,34.8,2828.4,1,76,9,76,1.15,76
2026-01-15T09:40:45.367Z,46.9443252,10.9648073,80.1,2818.3,342,2828.2,1,70,12,70,0.69,70
2026-01-15T09:40:45.467Z,46.9443487,10.9647961,80.2,2819.9,336.4,2827.9,1,45,8,45,1.07,45
2026-01-15T09:40:45.567Z,46.9443637,10.9647865,80.2,2818.2,2.8,2827.5,1,52,8,52,0.67,52
2026-01-15T09:40:45.667Z,46.944375,10.9647873,80.2,2817.7,5.1,2826.8,1,62,8,62,0.87,62
2026-01-15T09:40:45.767Z,46.9444025,10.9647909,80.3,2818.8,334.8,2826.4,1,37,8,37,0.72,37
2026-01-15T09:40:45.867Z,46.9444205,10.9647785,80.3,2816.5,32.3,2826.1,1,82,8,82,1.12,82
2026-01-15T09:40:45.967Z,46.9444491,10.964805,80.3,2816.4,328.9,2826,1,71,10,71,0.63,71
2026-01-15T09:40:46.067Z,46.9444729,10.964784,80.4,2816.2,5.8,2825,1,99,9,99,0.87,99
2026-01-15T09:40:46.167Z,46.9444749,10.9647843,80.4,2816,356.3,2824.8,1,58,10,58,0.79,58
2026-01-15T09:40:46.267Z,46.9445083,10.9647811,80.4,2814.4,60.2,2824.4,1,31,10,31,0.95,31
2026-01-15T09:40:46.367Z,46.9445146,10.9647972,80.5,2813.9,351.4,2823.9,1,79,13,79,1.1,79
2026-01-15T09:40:46.467Z,46.9445536,10.9647886,80.5,2815.9,279.4,2823.9,1,30,11,30,1.18,30
2026-01-15T09:40:46.567Z,46.9445548,10.964778,80.5,2813.7,356.8,2823.3,1,77,9,77,0.81,77
2026-01-15T09:40:46.667Z,46.9445803,10.9647759,80.6,2812.6,357.3,2822.6,1,88,12,88,0.87,88
2026-01-15T09:40:46.767Z,46.9446122,10.9647737,80.6,2812.3,18.5,2822.2,1,89,8,89,0.75,89
2026-01-15T09:40:46.867Z,46.9446322,10.9647835,80.6,2814.1,341.2,2821.8,1,78,8,78,0.83,78
2026-01-15T09:40:46.967Z,46.944647,10.9647761,80.7,2811.3,319,2821.6,1,45,8,45,1.06,45
2026-01-15T09:40:47.067Z,46.9446601,10.9647594,80.7,2812.5,345.5,2820.8,1,32,11,32,0.64,32
2026-01-15T09:40:47.167Z,46.9446805,10.9647517,80.8,2812.8,7.8,2820.6,1,41,12,41,0.94,41
2026-01-15T09:40:47.267Z,46.944709,10.9647574,80.8,2810.6,346.6,2820.3,1,75,11,75,0.68,75
2026-01-15T09:40:47.367Z,46.9447325,10.9647492,80.8,2811.3,27.7,2819.6,1,76,13,76,1.05,76
2026-01-15T09:40:47.467Z,46.9447463,10.9647598,80.9,2811.5,333.9,2819.2,1,29,10,29,0.6,29
2026-01-15T09:40:47.567Z,46.9447711,10.964742,80.9,2809.4,352.7,2818.9,1,74,12,74,1.09,74
2026-01-15T09:40:47.667Z,46.9447891,10.9647386,80.9,2809.9,348.1,2818.5,1,95,11,95,0.81,95
2026-01-15T09:40:47.767Z,46.9448133,10.9647311,81,2809.8,34.3,2818,1,49,11,49,0.8,49
2026-01-15T09:40:47.867Z,46.9448261,10.9647439,81,2807.7,331,2817.8,1,83,11,83,0.86,83
2026-01-15T09:40:47.967Z,46.9448388,10.9647336,81,2808,16,2817.3,1,49,13,49,0.67,49
2026-01-15T09:40:48.067Z,46.9448672,10.9647455,81.1,2808.3,350.3,2816.6,1,39,8,39,0.89,39
2026-01-15T09:40:48.167Z,46.9448784,10.9647427,81.1,2806.3,332.4,2816.2,1,77,8,77,0.86,77
2026-01-15T09:40:48.267Z,46.9448993,10.9647267,81.2,2806.4,4.1,2816.1,1,82,9,82,0.68,82
2026-01-15T09:40:48.367Z,46.9449327,10.9647302,81.2,2807.5,325.7,2815.4,1,76,11,76,1.1,76
2026-01-15T09:40:48.467Z,46.944953,10.9647099,81.2,2806.6,12.7,2815.3,1,52,11,52,0.82,52
2026-01-15T09:40:48.567Z,46.9449657,10.9647141,81.3,2805.6,314.1,2814.7,1,38,8,38,1.02,38
2026-01-15T09:40:48.667Z,46.9449786,10.9646946,81.3,2804.5,16.8,2814.2,1,28,9,28,1.12,28
2026-01-15T09:40:48.767Z,46.9450141,10.9647103,81.4,2805.9,1.5,2813.8,1,88,9,88,0.75,88
2026-01-15T09:40:48.867Z,46.9450274,10.9647108,81.4,2804.5,353.5,2813.7,1,88,12,88,0.76,88
2026-01-15T09:40:48.967Z,46.9450527,10.9647066,81.4,2803.5,294.6,2813.3,1,25,10,25,0.93,25
2026-01-15T09:40:49.067Z,46.9450586,10.9646877,81.5,2804.6,5.7,2812.4,1,78,9,78,0.73,78
2026-01-15T09:40:49.167Z,46.9450783,10.9646906,81.5,2803.5,327.8,2811.9,1,68,10,68,1.15,68
2026-01-15T09:40:49.267Z,46.945104,10.9646669,81.5,2801.6,9.7,2811.5,1,73,11,73,1.02,73
2026-01-15T09:40:49.367Z,46.9451362,10.964675,81.6,2802.1,354.9,2811.1,1,57,12,57,0.96,57
2026-01-15T09:40:49.467Z,46.9451453,10.9646738,81.6,2802.6,328.1,2810.8,1,29,11,29,0.73,29
2026-01-15T09:40:49.567Z,46.9451631,10.9646576,81.7,2802.4,30.9,2810.2,1,41,8,41,0.97,41
2026-01-15T09:40:49.667Z,46.9451818,10.964674,81.7,2800.5,348.7,2810.2,1,63,10,63,1.17,63
2026-01-15T09:40:49.767Z,46.9452013,10.9646683,81.7,2800.8,351.2,2809.4,1,63,10,63,0.8,63
2026-01-15T09:40:49.867Z,46.9452189,10.9646643,81.8,2800,329.9,2809.1,1,80,13,80,1.17,80
2026-01-15T09:40:49.967Z,46.9452402,10.9646462,81.8,2800.2,6.3,2808.7,1,20,11,20,0.84,20
2026-01-15T09:40:50.067Z,46.9452636,10.96465,81.9,2798.5,317.6,2808.6,1,20,11,20,1.02,20
2026-01-15T09:40:50.167Z,46.9452835,10.9646234,81.9,2799.5,7.3,2807.7,1,39,9,39,1.01,39
2026-01-15T09:40:50.267Z,46.9453173,10.9646297,82,2797.3,296.5,2807.4,1,48,9,48,1.07,48
2026-01-15T09:40:50.367Z,46.9453219,10.9646162,82,2798.3,357.5,2807,1,26,10,26,1.15,26
2026-01-15T09:40:50.467Z,46.945344,10.9646148,82,2798.2,352.1,2806.8,1,79,11,79,1.18,79
2026-01-15T09:40:50.567Z,46.9453672,10.9646101,82.1,2797.5,342.9,2806.4,1,86,8,86,0.92,86
2026-01-15T09:40:50.667Z,46.945383,10.964603,82.1,2796.6,6.5,2805.9,1,42,12,42,0.67,42
2026-01-15T09:40:50.767Z,46.9454077,10.9646071,82.2,2795.3,356.2,2805.4,1,28,8,28,1.03,28
2026-01-15T09:40:50.867Z,46.9454242,10.9646055,82.2,2795.4,3.3,2804.9,1,94,9,94,0.9,94
2026-01-15T09:40:50.967Z,46.9454587,10.9646084,82.2,2795.2,14.1,2804.5,1,68,13,68,0.81,68
2026-01-15T09:40:51.067Z,46.9454663,10.9646112,82.3,2795.4,318.7,2803.7,1,58,13,58,0.88,58
2026-01-15T09:40:51.167Z,46.9454862,10.9645856,82.3,2793.7,24.2,2803.2,1,93,9,93,0.83,93
2026-01-15T09:40:51.267Z,46.9455147,10.9646044,82.4,2793.7,342.4,2802.9,1,48,8,48,0.8,48
2026-01-15T09:40:51.367Z,46.9455261,10.9645991,82.4,2793.7,5.1,2802.9,1,70,10,70,0.99,70
2026-01-15T09:40:51.467Z,46.9455529,10.9646026,82.4,2794.4,328,2802.2,1,88,11,88,0.87,88
2026-01-15T09:40:51.567Z,46.9455767,10.9645808,82.5,2791.8,37,2801.8,1,59,10,59,1.15,59
2026-01-15T09:40:51.667Z,46.9455943,10.9646002,82.5,2793.5,354.1,2801.2,1,88,10,88,0.75,88
2026-01-15T09:40:51.767Z,46.9456148,10.9645971,82.6,2792.9,332.4,2801,1,55,10,55,1.07,55
2026-01-15T09:40:51.867Z,46.9456436,10.964575,82.6,2791.2,302.7,2800.8,1,89,11,89,1.08,89
2026-01-15T09:40:51.967Z,46.9456457,10.9645702,82.7,2792,14.9,2800.2,1,59,11,59,0.94,59
2026-01-15T09:40:52.067Z,46.9456849,10.9645855,82.7,2789.9,310.6,2799.8,1,68,11,68,0.74,68
2026-01-15T09:40:52.167Z,46.9456928,10.964572,82.7,2789.9,11.5,2799.4,1,96,13,96,0.86,96
2026-01-15T09:40:52.267Z,46.9457214,10.9645805,82.8,2790.6,354.6,2799,1,86,12,86,1.09,86
2026-01-15T09:40:52.367Z,46.945743,10.9645775,82.8,2790.5,344.1,2798.1,1,66,12,66,0.63,66
2026-01-15T09:40:52.467Z,46.9457564,10.9645719,82.9,2788.4,359,2797.8,1,60,11,60,1.15,60
2026-01-15T09:40:52.567Z,46.9457869,10.9645711,82.9,2789.4,337.8,2797.7,1,85,11,85,1.17,85
2026-01-15T09:40:52.667Z,46.945809,10.9645579,83,2788.6,46.3,2796.8,1,90,13,90,0.66,90
2026-01-15T09:40:52.767Z,46.9458152,10.9645674,83,2786.3,326.8,2796.3,1,38,9,38,0.66,38
2026-01-15T09:40:52.867Z,46.9458339,10.9645495,83,2788.2,13.4,2795.9,1,42,8,42,0.83,42
2026-01-15T09:40:52.967Z,46.9458591,10.9645583,83.1,2787,3.7,2795.4,1,26,8,26,0.75,26
2026-01-15T09:40:53.067Z,46.945873,10.9645596,83.1,2785.8,17,2795.2,1,58,9,58,0.98,58
2026-01-15T09:40:53.167Z,46.9459024,10.9645728,83.2,2784.9,33.8,2794.7,1,47,9,47,1.1,47
2026-01-15T09:40:53.267Z,46.945922,10.964592,83.2,2786.5,341,2794.6,1,53,11,53,0.82,53
2026-01-15T09:40:53.367Z,46.9459522,10.9645768,83.3,2784.1,356,2793.7,1,95,10,95,0.62,95
2026-01-15T09:40:53.467Z,46.9459657,10.9645754,83.3,2784.2,18.1,2793.8,1,81,8,81,0.64,81
2026-01-15T09:40:53.567Z,46.945982,10.9645832,83.4,2783.1,352.5,2792.9,1,25,9,25,0.78,25
2026-01-15T09:40:53.667Z,46.9460016,10.9645794,83.4,2784.1,29.2,2792.7,1,86,8,86,0.62,86
2026-01-15T09:40:53.767Z,46.9460279,10.9646009,83.4,2783.1,342.5,2792.1,1,75,10,75,0.64,75
2026-01-15T09:40:53.867Z,46.946052,10.9645898,83.5,2783.3,39.9,2791.6,1,87,10,87,1.07,87
2026-01-15T09:40:53.967Z,46.9460677,10.964609,83.5,2781.4,333.7,2791.1,1,59,12,59,0.97,59
2026-01-15T09:40:54.067Z,46.9460825,10.9645983,83.6,2781.7,2.8,2791.1,1,47,10,47,0.93,47
2026-01-15T09:40:54.167Z,46.9461172,10.9646008,83.6,2782.4,45.9,2790.6,1,43,8,43,0.66,43
2026-01-15T09:40:54.267Z,46.9461348,10.9646274,83.7,2779.8,318.4,2790.2,1,89,10,89,0.68,89
2026-01-15T09:40:54.367Z,46.9461455,10.9646135,83.7,2780.7,26.5,2789.7,1,56,10,56,1.07,56
2026-01-15T09:40:54.467Z,46.9461697,10.9646312,83.8,2779.7,32.5,2789,1,92,10,92,0.66,92
2026-01-15T09:40:54.567Z,46.9461958,10.9646556,83.8,2779.8,320.1,2788.9,1,56,13,56,0.87,56
2026-01-15T09:40:54.667Z,46.9462091,10.9646393,83.8,2779.6,28.6,2788.3,1,75,9,75,0.86,75
2026-01-15T09:40:54.767Z,46.9462386,10.9646629,83.9,2779.9,351.5,2787.5,1,98,9,98,0.64,98
2026-01-15T09:40:54.867Z,46.9462597,10.9646583,83.9,2778.3,80.8,2787.4,1,81,12,81,1.01,81
2026-01-15T09:40:54.967Z,46.9462614,10.9646736,84,2776.8,20,2786.7,1,37,11,37,1.14,37
2026-01-15T09:40:55.067Z,46.9462835,10.9646854,84,2777.2,23.2,2786.2,1,81,11,81,1.15,81
2026-01-15T09:40:55.167Z,46.9463088,10.9647013,84.1,2777.7,359.7,2786,1,83,13,83,0.73,83
2026-01-15T09:40:55.267Z,46.9463382,10.9647011,84.1,2777.8,29.5,2785.3,1,30,9,30,1.02,30
2026-01-15T09:40:55.367Z,46.9463521,10.9647126,84.2,2776.6,34.1,2785.3,1,92,8,92,1.08,92
2026-01-15T09:40:55.467Z,46.9463727,10.964733,84.2,2776,332.1,2784.5,1,75,12,75,0.9,75
2026-01-15T09:40:55.567Z,46.9463865,10.9647223,84.3,2775.9,5.8,2784.2,1,67,9,67,0.73,67
2026-01-15T09:40:55.667Z,46.946418,10.964727,84.3,2773.8,79.8,2783.7,1,99,10,99,0.96,99
2026-01-15T09:40:55.767Z,46.9464213,10.964754,84.3,2775,355.9,2783.1,1,35,9,35,1.09,35
2026-01-15T09:40:55.867Z,46.9464452,10.9647515,84.4,2773.7,39.3,2782.8,1,41,12,41,0.74,41
2026-01-15T09:40:55.967Z,46.9464665,10.964777,84.4,2774.3,6.9,2782.3,1,98,10,98,0.96,98
2026-01-15T09:40:56.067Z,46.9464858,10.9647804,84.5,2771.9,47.1,2782.3,1,28,11,28,1.13,28
2026-01-15T09:40:56.167Z,46.9465035,10.9648083,84.5,2772.4,10.2,2781.7,1,23,8,23,1.17,23
2026-01-15T09:40:56.267Z,46.946522,10.9648132,84.6,2773,15.9,2781,1,72,13,72,1.01,72
2026-01-15T09:40:56.367Z,46.9465438,10.9648223,84.6,2770.8,50.4,2780.8,1,96,11,96,0.75,96
2026-01-15T09:40:56.467Z,46.9465651,10.96486,84.7,2771,13.4,2780.4,1,61,8,61,0.89,61
2026-01-15T09:40:56.567Z,46.9465808,10.9648655,84.7,2771.1,28.3,2779.6,1,99,11,99,0.99,99
2026-01-15T09:40:56.667Z,46.9466022,10.9648824,84.8,2770,60.9,2779.1,1,32,13,32,0.68,32
2026-01-15T09:40:56.767Z,46.9466103,10.9649037,84.8,2771,359,2779,1,37,13,37,0.73,37
2026-01-15T09:40:56.867Z,46.9466304,10.9649032,84.9,2768.3,23,2778.3,1,27,13,27,0.9,27
2026-01-15T09:40:56.967Z,46.9466497,10.9649152,84.9,2770.2,20.5,2778,1,65,10,65,0.64,65
2026-01-15T09:40:57.067Z,46.946681,10.9649323,85,2769.1,43.3,2777.8,1,85,12,85,0.92,85
2026-01-15T09:40:57.167Z,46.9466965,10.9649537,85,2768.8,27.1,2777.4,1,38,12,38,0.82,38
2026-01-15T09:40:57.267Z,46.9467141,10.9649669,85,2767.4,327.8,2776.8,1,37,8,37,1,37
2026-01-15T09:40:57.367Z,46.9467346,10.964948,85.1,2766.6,25.9,2776.4,1,92,11,92,0.73,92
2026-01-15T09:40:57.467Z,46.9467537,10.9649616,85.1,2767.1,11.6,2775.5,1,88,9,88,1.03,88
2026-01-15T09:40:57.567Z,46.9467793,10.9649693,85.2,2766.5,330.8,2775.2,1,71,8,71,0.62,71
2026-01-15T09:40:57.667Z,46.9467941,10.9649572,85.2,2764.7,41.1,2774.7,1,97,13,97,1.03,97
2026-01-15T09:40:57.767Z,46.9468131,10.9649815,85.3,2765.1,327.4,2774.4,1,83,10,83,0.85,83
2026-01-15T09:40:57.867Z,46.9468373,10.9649588,85.3,2763.7,19.9,2773.9,1,93,8,93,0.62,93
2026-01-15T09:40:57.967Z,46.9468677,10.9649749,85.4,2763.8,8.5,2773.3,1,40,10,40,0.93,40
2026-01-15T09:40:58.067Z,46.946886,10.9649789,85.4,2765.2,6.2,2773.3,1,98,11,98,0.91,98
2026-01-15T09:40:58.167Z,46.9469094,10.9649826,85.5,2764.7,23.9,2772.7,1,70,11,70,0.76,70
2026-01-15T09:40:58.267Z,46.9469285,10.964995,85.5,2762.7,358,2772,1,58,9,58,0.65,58
2026-01-15T09:40:58.367Z,46.9469459,10.9649941,85.6,2763.4,350.6,2772,1,24,10,24,0.95,24
2026-01-15T09:40:58.467Z,46.9469755,10.9649869,85.6,2763.3,32.9,2771.1,1,81,11,81,1.14,81
2026-01-15T09:40:58.567Z,46.9469853,10.9649962,85.7,2762.4,335.4,2770.8,1,68,10,68,0.8,68
2026-01-15T09:40:58.667Z,46.947005,10.964983,85.7,2761.7,348.9,2770.4,1,76,10,76,0.68,76
2026-01-15T09:40:58.767Z,46.9470252,10.9649772,85.8,2760.2,7.6,2770,1,98,13,98,0.99,98
2026-01-15T09:40:58.867Z,46.9470463,10.9649813,85.8,2759.5,1.9,2769.6,1,20,13,20,1.05,20
2026-01-15T09:40:58.967Z,46.9470852,10.9649832,85.9,2760.1,343.4,2769.2,1,20,8,20,0.94,20
2026-01-15T09:40:59.067Z,46.9471044,10.9649748,85.9,2760,27.2,2768.8,1,34,9,34,1.05,34
2026-01-15T09:40:59.167Z,46.9471173,10.9649845,86,2758.1,344.2,2768.1,1,60,8,60,1.06,60
2026-01-15T09:40:59.267Z,46.9471426,10.964974,86,2758,320.3,2767.6,1,55,8,55,0.69,55
2026-01-15T09:40:59.367Z,46.9471547,10.9649593,86.1,2758.5,30.6,2767.2,1,86,12,86,0.78,86
2026-01-15T09:40:59.467Z,46.947174,10.964976,86.1,2758.7,343.3,2766.6,1,65,9,65,0.91,65
2026-01-15T09:40:59.567Z,46.9472006,10.9649643,86.1,2757.5,329.4,2766.6,1,97,12,97,0.87,97
2026-01-15T09:40:59.667Z,46.9472253,10.9649429,86.2,2757.5,7.1,2765.6,1,56,13,56,0.94,56
2026-01-15T09:40:59.767Z,46.9472517,10.9649477,86.2,2757.1,310.4,2765.3,1,72,11,72,0.77,72
2026-01-15T09:40:59.867Z,46.9472596,10.9649341,86.3,2756.4,14.3,2764.8,1,95,13,95,0.95,95
2026-01-15T09:40:59.967Z,46.9472792,10.9649414,86.3,2754.4,339.4,2764.6,1,54,13,54,0.86,54
2026-01-15T09:41:00.067Z,46.9473109,10.9649239,86.4,2754.6,343,2764,1,47,11,47,0.99,47
2026-01-15T09:41:00.167Z,46.9473399,10.9649109,86.4,2754.6,7.1,2763.5,1,66,13,66,1.06,66
2026-01-15T09:41:00.267Z,46.9473531,10.9649133,86.5,2753.3,334.6,2763.3,1,38,8,38,0.9,38
2026-01-15T09:41:00.367Z,46.9473689,10.9649023,86.5,2753.4,28.1,2762.5,1,74,10,74,0.76,74
2026-01-15T09:41:00.467Z,46.9473849,10.9649148,86.6,2753.3,349.5,2762.3,1,88,9,88,0.62,88
2026-01-15T09:41:00.567Z,46.9474228,10.9649045,86.6,2754,2,2762,1,21,12,21,0.71,21
2026-01-15T09:41:00.667Z,46.9474458,10.9649057,86.7,2752.2,347.2,2761.3,1,23,11,23,1.09,23
2026-01-15T09:41:00.767Z,46.9474668,10.9648987,86.7,2750.9,298.2,2761.1,1,27,12,27,0.96,27
2026-01-15T09:41:00.867Z,46.9474748,10.9648768,86.8,2752.3,355.3,2760.6,1,53,13,53,0.76,53
2026-01-15T09:41:00.967Z,46.9475056,10.9648731,86.8,2751.2,24,2760,1,55,11,55,1.13,55
2026-01-15T09:41:01.067Z,46.9475284,10.964888,86.9,2749.8,349.5,2759.5,1,48,10,48,1.06,48
2026-01-15T09:41:01.167Z,46.9475509,10.9648819,86.9,2750.2,315.3,2758.9,1,33,9,33,0.85,33
2026-01-15T09:41:01.267Z,46.9475638,10.9648632,87,2750.6,341.1,2758.4,1,48,11,48,0.88,48
2026-01-15T09:41:01.367Z,46.9475825,10.9648538,87,2748.3,349.2,2757.9,1,59,11,59,1.07,59
2026-01-15T09:41:01.467Z,46.9476127,10.9648454,87.1,2749.6,322.6,2757.4,1,93,9,93,0.68,93
2026-01-15T09:41:01.567Z,46.9476209,10.9648362,87.1,2749.1,18.3,2757.4,1,73,11,73,0.64,73
2026-01-15T09:41:01.667Z,46.9476562,10.9648533,87.2,2747.6,311.6,2756.6,1,69,10,69,0.98,69
2026-01-15T09:41:01.767Z,46.9476687,10.9648327,87.2,2746.3,336.9,2756.4,1,56,9,56,0.77,56
2026-01-15T09:41:01.867Z,46.9476903,10.9648192,87.3,2746.2,31.1,2755.5,1,34,12,34,1.15,34
2026-01-15T09:41:01.967Z,46.9477077,10.9648346,87.3,2747.3,353.6,2755.2,1,68,8,68,0.65,68
2026-01-15T09:41:02.067Z,46.9477355,10.96483,87.4,2745.2,348.4,2754.8,1,89,9,89,0.91,89
2026-01-15T09:41:02.167Z,46.9477555,10.964824,87.4,2744.3,337.3,2754.2,1,97,8,97,0.68,97
2026-01-15T09:41:02.267Z,46.9477796,10.9648092,87.5,2745.9,311.3,2753.9,1,81,13,81,0.94,81
2026-01-15T09:41:02.367Z,46.947792,10.9647885,87.5,2744.3,0,2753.4,1,70,13,70,0.96,70
2026-01-15T09:41:02.467Z,46.9478316,10.9647885,87.6,2745,350.8,2753.2,1,59,13,59,0.63,59
2026-01-15T09:41:02.567Z,46.9478375,10.9647871,87.6,2743.2,346.4,2752.4,1,70,13,70,0.9,70
2026-01-15T09:41:02.667Z,46.9478573,10.9647801,87.7,2742.8,339.2,2752,1,91,12,91,1.07,91
2026-01-15T09:41:02.767Z,46.9478939,10.9647597,87.7,2742.9,69.6,2751.9,1,99,8,99,0.95,99
2026-01-15T09:41:02.867Z,46.947897,10.9647719,87.7,2742.6,323.3,2751.3,1,74,11,74,0.65,74
2026-01-15T09:41:02.967Z,46.9479325,10.9647332,87.8,2742.4,359.8,2750.9,1,42,10,42,0.97,42
2026-01-15T09:41:03.067Z,46.9479534,10.9647331,87.8,2740.8,320.7,2750,1,37,12,37,0.63,37
2026-01-15T09:41:03.167Z,46.947971,10.964712,87.9,2741.4,7.8,2749.5,1,46,11,46,1.02,46
2026-01-15T09:41:03.267Z,46.947992,10.9647162,87.9,2739.9,340.2,2749.3,1,98,11,98,0.67,98
2026-01-15T09:41:03.367Z,46.9480045,10.9647096,88,2740.5,326,2748.9,1,36,13,36,1.15,36
2026-01-15T09:41:03.467Z,46.9480286,10.9646858,88,2739,336.7,2748.4,1,63,9,63,0.87,63
2026-01-15T09:41:03.567Z,46.9480487,10.9646731,88.1,2738.9,337.1,2748.1,1,81,10,81,0.97,81
2026-01-15T09:41:03.667Z,46.9480687,10.9646607,88.1,2738.8,316.6,2747.4,1,54,9,54,0.64,54
2026-01-15T09:41:03.767Z,46.9480897,10.9646316,88.2,2737.8,331.7,2747.3,1,82,13,82,1.05,82
2026-01-15T09:41:03.867Z,46.9481024,10.9646216,88.2,2738,8.9,2746.8,1,71,11,71,0.81,71
2026-01-15T09:41:03.967Z,46.948137,10.9646295,88.3,2738.2,303.9,2746.4,1,50,10,50,0.63,50
2026-01-15T09:41:04.067Z,46.9481478,10.964606,88.3,2735.6,1.2,2745.6,1,45,12,45,0.83,45
2026-01-15T09:41:04.167Z,46.9481776,10.9646069,88.4,2735.8,295.2,2745.2,1,23,9,23,0.64,23
2026-01-15T09:41:04.267Z,46.9481883,10.9645736,88.4,2736.9,326.1,2744.8,1,54,13,54,0.77,54
2026-01-15T09:41:04.367Z,46.9482057,10.9645565,88.5,2735,8.2,2744.1,1,24,9,24,0.89,24
2026-01-15T09:41:04.467Z,46.9482228,10.9645601,88.5,2735.3,330.9,2743.7,1,35,8,35,0.72,35
2026-01-15T09:41:04.567Z,46.9482547,10.9645341,88.6,2735.4,3.2,2743.4,1,96,11,96,0.77,96
2026-01-15T09:41:04.667Z,46.9482693,10.9645353,88.6,2733.3,323.3,2743.1,1,51,12,51,0.65,51
2026-01-15T09:41:04.767Z,46.948288,10.9645149,88.7,2734.2,326.6,2742.4,1,56,11,56,0.99,56
2026-01-15T09:41:04.867Z,46.948308,10.9644956,88.7,2732.4,325.8,2741.7,1,91,8,91,1.08,91
2026-01-15T09:41:04.967Z,46.9483247,10.964479,88.8,2733.7,5.5,2741.6,1,31,13,31,1.05,31
2026-01-15T09:41:05.067Z,46.948349,10.9644824,88.8,2731.1,355,2740.9,1,95,13,95,0.86,95
2026-01-15T09:41:05.167Z,46.9483715,10.9644795,88.9,2731.6,336.4,2740.3,1,51,9,51,0.73,51
2026-01-15T09:41:05.267Z,46.9483952,10.9644643,88.9,2731.1,310,2739.8,1,53,11,53,0.64,53
2026-01-15T09:41:05.367Z,46.9484073,10.9644432,89,2730.1,348.7,2739.6,1,21,10,21,0.81,21
2026-01-15T09:41:05.467Z,46.9484292,10.9644368,89,2731.2,343.6,2739.2,1,41,13,41,1.18,41
2026-01-15T09:41:05.567Z,46.9484536,10.9644263,89.1,2729.2,343.3,2738.5,1,98,13,98,0.84,98
2026-01-15T09:41:05.667Z,46.9484707,10.9644188,89.1,2728.2,328.6,2738,1,28,8,28,0.63,28
2026-01-15T09:41:05.767Z,46.9485021,10.9643907,89.2,2728.5,332.6,2737.6,1,38,11,38,0.73,38
2026-01-15T09:41:05.867Z,46.9485166,10.9643797,89.2,2728.2,2.1,2737.1,1,74,10,74,1.07,74
2026-01-15T09:41:05.967Z,46.9485393,10.9643809,89.2,2727.9,342,2736.9,1,44,12,44,1.2,44
2026-01-15T09:41:06.067Z,46.9485693,10.9643666,89.3,2727.4,351.5,2736.2,1,49,8,49,0.96,49
2026-01-15T09:41:06.167Z,46.948583,10.9643636,89.3,2726,345.3,2735.5,1,59,8,59,0.87,59
2026-01-15T09:41:06.267Z,46.9486111,10.9643528,89.4,2726,324.6,2735.1,1,94,13,94,1.01,94
2026-01-15T09:41:06.367Z,46.9486258,10.9643375,89.4,2727.1,8.2,2734.7,1,96,13,96,0.62,96
2026-01-15T09:41:06.467Z,46.9486386,10.9643402,89.5,2725.4,319.2,2734.3,1,32,12,32,1.13,32
2026-01-15T09:41:06.567Z,46.9486588,10.9643147,89.5,2724,355.6,2733.9,1,37,9,37,1.16,37
2026-01-15T09:41:06.667Z,46.9486943,10.9643107,89.6,2724.6,352.8,2733.3,1,90,10,90,0.93,90
2026-01-15T09:41:06.767Z,46.9487056,10.9643086,89.6,2724.9,340.4,2733.1,1,48,11,48,0.62,48
2026-01-15T09:41:06.867Z,46.9487275,10.9642972,89.7,2723.8,336.9,2732.4,1,60,12,60,1.18,60
2026-01-15T09:41:06.967Z,46.948748,10.9642844,89.7,2724.3,336.7,2731.9,1,46,9,46,0.99,46
2026-01-15T09:41:07.067Z,46.9487677,10.964272,89.8,2722.2,358.6,2731.7,1,90,11,90,1.05,90
2026-01-15T09:41:07.167Z,46.9488047,10.9642707,89.8,2722.4,298.5,2731.1,1,40,12,40,0.9,40
2026-01-15T09:41:07.267Z,46.9488138,10.9642461,89.9,2720.8,357.5,2730.4,1,34,12,34,0.97,34
2026-01-15T09:41:07.367Z,46.9488405,10.9642444,89.9,2721.9,342.1,2730.2,1,30,12,30,0.82,30
2026-01-15T09:41:07.467Z,46.9488614,10.9642345,90,2720.9,334,2729.8,1,41,11,41,0.77,41
2026-01-15T09:41:07.567Z,46.9488723,10.9642267,90,2720.8,343.6,2729.5,1,84,11,84,1.14,84
2026-01-15T09:41:07.667Z,46.9488976,10.9642158,90,2718.7,4.1,2728.8,1,29,13,29,0.87,29
2026-01-15T09:41:07.767Z,46.9489274,10.9642189,90.1,2720.5,296.9,2728.6,1,50,10,50,0.72,50
2026-01-15T09:41:07.867Z,46.9489379,10.9641886,90.1,2717.7,352.6,2727.7,1,65,11,65,1.12,65
2026-01-15T09:41:07.967Z,46.9489695,10.9641826,90.2,2717.9,29,2727.4,1,71,12,71,0.67,71
2026-01-15T09:41:08.067Z,46.9489848,10.964195,90.2,2716.6,332.5,2727.1,1,59,10,59,0.96,59
2026-01-15T09:41:08.167Z,46.9490149,10.964172,90.3,2716.6,19,2726.2,1,85,10,85,0.76,85
2026-01-15T09:41:08.267Z,46.9490345,10.9641819,90.3,2716.8,313.7,2726.1,1,54,8,54,1.18,54
2026-01-15T09:41:08.367Z,46.9490501,10.964158,90.4,2715.5,347.6,2725.3,1,30,11,30,0.69,30
2026-01-15T09:41:08.467Z,46.9490767,10.9641494,90.4,2716.2,10.3,2725.1,1,93,10,93,0.66,93
2026-01-15T09:41:08.567Z,46.9491033,10.9641565,90.5,2715.9,323.5,2724.3,1,21,8,21,1,21
2026-01-15T09:41:08.667Z,46.9491141,10.9641448,90.5,2714.3,355.3,2723.7,1,75,13,75,0.87,75
2026-01-15T09:41:08.767Z,46.9491479,10.9641407,90.6,2715.4,357.4,2723.4,1,26,8,26,0.96,26
2026-01-15T09:41:08.867Z,46.9491754,10.9641389,90.6,2714,323.6,2722.9,1,78,11,78,1.12,78
2026-01-15T09:41:08.967Z,46.9491803,10.9641336,90.6,2713.2,346,2722.8,1,33,8,33,0.77,33
2026-01-15T09:41:09.067Z,46.9492106,10.9641225,90.7,2712.6,321.7,2722.2,1,84,13,84,0.68,84
2026-01-15T09:41:09.167Z,46.9492315,10.9640983,90.7,2712.3,356.9,2721.5,1,35,10,35,1.02,35
2026-01-15T09:41:09.267Z,46.9492528,10.9640966,90.8,2713,341.8,2721.4,1,21,12,21,0.74,21
2026-01-15T09:41:09.367Z,46.9492788,10.9640841,90.8,2711.5,13.6,2720.8,1,22,8,22,0.96,22
2026-01-15T09:41:09.467Z,46.9493078,10.9640944,90.9,2710.6,335.9,2720.1,1,91,11,91,1.09,91
2026-01-15T09:41:09.567Z,46.949327,10.9640818,90.9,2711.9,18.1,2720,1,76,11,76,0.8,76
2026-01-15T09:41:09.667Z,46.9493445,10.9640902,91,2710.2,356.9,2719.3,1,80,9,80,0.9,80
2026-01-15T09:41:09.767Z,46.9493711,10.9640881,91,2710.8,358.6,2719,1,66,9,66,0.66,66
2026-01-15T09:41:09.867Z,46.9493995,10.9640871,91.1,2709.2,334.6,2718.4,1,31,11,31,1.1,31
2026-01-15T09:41:09.967Z,46.9494182,10.9640741,91.1,2709.3,349,2717.7,1,98,8,98,1.09,98
2026-01-15T09:41:10.067Z,46.9494308,10.9640705,91.1,2708.7,2.8,2717.1,1,89,13,89,0.99,89
2026-01-15T09:41:10.167Z,46.9494562,10.9640723,91.2,2707.9,18.7,2717,1,62,10,62,0.84,62
2026-01-15T09:41:10.267Z,46.9494713,10.9640798,91.2,2707.1,324.8,2716.4,1,99,8,99,1.02,99
2026-01-15T09:41:10.367Z,46.9494979,10.9640523,91.3,2707.4,29.3,2715.6,1,36,10,36,0.83,36
2026-01-15T09:41:10.467Z,46.9495221,10.9640722,91.3,2706.4,339.3,2715.5,1,49,9,49,0.71,49
2026-01-15T09:41:10.567Z,46.949544,10.9640601,91.4,2704.8,355.2,2714.8,1,21,13,21,1.13,21
2026-01-15T09:41:10.667Z,46.9495628,10.9640578,91.4,2705.4,37.1,2714.4,1,22,10,22,0.87,22
2026-01-15T09:41:10.767Z,46.949593,10.9640913,91.5,2706.1,355.9,2713.7,1,64,12,64,0.78,64
2026-01-15T09:41:10.867Z,46.9496101,10.9640895,91.5,2705.7,37.2,2713.5,1,57,11,57,1.14,57
2026-01-15T09:41:10.967Z,46.9496264,10.9641076,91.5,2704.2,0.8,2712.8,1,97,9,97,0.66,97
2026-01-15T09:41:11.067Z,46.949667,10.9641084,91.6,2702.3,344.7,2712.4,1,73,11,73,1.02,73
2026-01-15T09:41:11.167Z,46.949671,10.9641068,91.6,2703,16.8,2712.3,1,36,12,36,0.65,36
2026-01-15T09:41:11.267Z,46.9496983,10.9641189,91.7,2702,44.8,2711.5,1,87,11,87,1,87
2026-01-15T09:41:11.367Z,46.9497167,10.9641457,91.7,2702.2,357.7,2710.8,1,25,11,25,0.65,25
2026-01-15T09:41:11.467Z,46.9497404,10.9641443,91.8,2701,38.8,2710.7,1,43,11,43,0.87,43
2026-01-15T09:41:11.567Z,46.9497668,10.9641754,91.8,2700.5,51.5,2709.9,1,85,10,85,1.04,85
2026-01-15T09:41:11.667Z,46.9497789,10.9641977,91.8,2700.1,353.1,2709.8,1,61,10,61,1.17,61
2026-01-15T09:41:11.767Z,46.9498081,10.9641925,91.9,2700.3,52.4,2709.3,1,89,11,89,0.95,89
2026-01-15T09:41:11.867Z,46.9498271,10.9642286,91.9,2699.3,13.1,2708.6,1,24,13,24,0.64,24
2026-01-15T09:41:11.967Z,46.9498538,10.9642377,92,2700.2,13.4,2708,1,26,8,26,1.01,26
2026-01-15T09:41:12.067Z,46.9498578,10.9642391,92,2698.1,14.7,2708,1,93,11,93,0.65,93
2026-01-15T09:41:12.167Z,46.9498954,10.9642536,92,2698.1,48.9,2707.3,1,25,13,25,0.9,25
2026-01-15T09:41:12.267Z,46.9499147,10.964286,92.1,2696.6,41.1,2706.8,1,70,11,70,0.9,70
2026-01-15T09:41:12.367Z,46.9499319,10.964308,92.1,2696.2,39.5,2706.4,1,43,10,43,0.87,43
2026-01-15T09:41:12.467Z,46.949943,10.9643214,92.2,2697.7,10,2705.5,1,24,8,24,0.68,24
2026-01-15T09:41:12.567Z,46.9499596,10.9643257,92.2,2695,58.1,2705.3,1,95,12,95,0.71,95
2026-01-15T09:41:12.667Z,46.9499778,10.9643686,92.3,2695.1,2.8,2704.7,1,57,10,57,1.11,57
2026-01-15T09:41:12.767Z,46.9499943,10.9643698,92.3,2695.8,17.9,2704.2,1,76,10,76,1.02,76
2026-01-15T09:41:12.867Z,46.9500156,10.9643799,92.3,2694.4,53.8,2703.6,1,90,13,90,0.62,90
2026-01-15T09:41:12.967Z,46.9500372,10.9644231,92.4,2695.3,2.8,2703.5,1,60,9,60,1.09,60
2026-01-15T09:41:13.067Z,46.9500626,10.9644249,92.4,2694.5,36.8,2702.8,1,49,11,49,1.01,49
2026-01-15T09:41:13.167Z,46.9500743,10.9644377,92.5,2693.5,41.7,2702.4,1,53,12,53,1.01,53
2026-01-15T09:41:13.267Z,46.9500975,10.964468,92.5,2693.9,7.7,2702.1,1,97,13,97,1.04,97
2026-01-15T09:41:13.367Z,46.9501183,10.9644721,92.5,2692.3,39.7,2701.3,1,81,13,81,0.78,81
2026-01-15T09:41:13.467Z,46.950139,10.9644973,92.6,2692.1,54.9,2701,1,86,10,86,1.18,86
2026-01-15T09:41:13.567Z,46.950155,10.9645306,92.6,2691.4,26.3,2700.2,1,89,8,89,0.82,89
2026-01-15T09:41:13.667Z,46.9501835,10.9645512,92.7,2689.7,45.1,2699.9,1,46,12,46,0.99,46
2026-01-15T09:41:13.767Z,46.9501926,10.9645646,92.7,2690.9,76.4,2699.2,1,81,8,81,0.66,81
2026-01-15T09:41:13.867Z,46.9501984,10.9645997,92.7,2690.1,43.7,2698.6,1,42,10,42,0.79,42
2026-01-15T09:41:13.967Z,46.9502119,10.9646186,92.8,2690.2,34.7,2698.6,1,85,9,85,1.06,85
2026-01-15T09:41:14.067Z,46.9502416,10.9646487,92.8,2688.1,80.3,2697.7,1,38,8,38,0.65,38
2026-01-15T09:41:14.167Z,46.9502459,10.9646855,92.9,2687.8,52.5,2697.8,1,33,11,33,0.67,33
2026-01-15T09:41:14.267Z,46.9502525,10.9646981,92.9,2687.1,43.3,2696.7,1,55,9,55,0.92,55
2026-01-15T09:41:14.367Z,46.9502687,10.9647205,92.9,2686.2,41.1,2696.6,1,48,12,48,1.05,48
2026-01-15T09:41:14.467Z,46.9502977,10.9647576,93,2688,92.6,2695.8,1,34,10,34,0.81,34
2026-01-15T09:41:14.567Z,46.9502967,10.9647901,93,2685.6,43.9,2695.8,1,55,10,55,0.72,55
2026-01-15T09:41:14.667Z,46.950307,10.9648046,93,2685.9,29.1,2694.8,1,26,11,26,0.71,26
2026-01-15T09:41:14.767Z,46.9503332,10.964826,93.1,2686.2,89.5,2694.7,1,26,11,26,0.8,26
2026-01-15T09:41:14.867Z,46.9503335,10.9648739,93.1,2684.5,58.5,2693.8,1,84,8,84,0.86,84
2026-01-15T09:41:14.967Z,46.9503478,10.9649081,93.2,2685.6,2.5,2693.3,1,49,8,49,0.95,49
2026-01-15T09:41:15.067Z,46.9503728,10.9649097,93.2,2683.9,87.3,2693,1,44,13,44,0.74,44
2026-01-15T09:41:15.167Z,46.9503742,10.964954,93.2,2684.1,22.2,2692.5,1,49,9,49,1.15,49
2026-01-15T09:41:15.267Z,46.9503975,10.9649679,93.3,2683.3,68,2692.2,1,61,13,61,0.66,61
2026-01-15T09:41:15.367Z,46.9504108,10.9650162,93.3,2683.8,81.7,2691.6,1,34,13,34,0.92,34
2026-01-15T09:41:15.467Z,46.9504147,10.9650552,93.3,2682.8,49.4,2691.2,1,97,13,97,0.8,97
2026-01-15T09:41:15.567Z,46.9504254,10.9650735,93.4,2681.9,53.9,2690.4,1,21,8,21,0.61,21
2026-01-15T09:41:15.667Z,46.9504402,10.9651032,93.4,2681.1,73.8,2690,1,98,13,98,0.86,98
2026-01-15T09:41:15.767Z,46.9504479,10.9651421,93.4,2679.8,93.1,2689.4,1,45,9,45,1.12,45
2026-01-15T09:41:15.867Z,46.9504467,10.965175,93.5,2681.1,12.6,2688.9,1,60,12,60,0.9,60
2026-01-15T09:41:15.967Z,46.9504744,10.9651841,93.5,2679,89.7,2688.9,1,65,8,65,0.97,65
2026-01-15T09:41:16.067Z,46.9504746,10.9652387,93.5,2680.3,75.5,2688.4,1,47,9,47,0.62,47
2026-01-15T09:41:16.167Z,46.9504788,10.9652625,93.6,2678.6,47.3,2687.6,1,59,12,59,0.8,59
2026-01-15T09:41:16.267Z,46.9504976,10.9652923,93.6,2678.9,98,2687.3,1,67,11,67,0.73,67
2026-01-15T09:41:16.367Z,46.9504938,10.9653317,93.7,2677.3,87.7,2686.5,1,98,8,98,1.17,98
2026-01-15T09:41:16.467Z,46.9504945,10.9653569,93.7,2678.2,40.5,2686,1,95,12,95,0.82,95
2026-01-15T09:41:16.567Z,46.9505184,10.9653868,93.7,2677.1,94.3,2685.9,1,21,13,21,1.2,21
2026-01-15T09:41:16.667Z,46.9505168,10.9654177,93.8,2676.4,93.5,2685.3,1,34,10,34,1.01,34
2026-01-15T09:41:16.767Z,46.9505146,10.9654702,93.8,2675,74.6,2684.7,1,48,13,48,0.61,48
2026-01-15T09:41:16.867Z,46.9505198,10.9654978,93.8,2674.9,61.8,2684,1,72,8,72,0.96,72
2026-01-15T09:41:16.967Z,46.9505287,10.9655221,93.9,2675.9,57.4,2683.5,1,62,11,62,1,62
2026-01-15T09:41:17.067Z,46.9505432,10.9655553,93.9,2673.8,95.1,2683.2,1,31,10,31,1.06,31
2026-01-15T09:41:17.167Z,46.9505417,10.9655797,93.9,2672.6,77.1,2682.7,1,67,12,67,1.02,67
2026-01-15T09:41:17.267Z,46.9505506,10.9656365,94,2673.4,121.2,2682.5,1,27,13,27,1.09,27
2026-01-15T09:41:17.367Z,46.9505454,10.9656491,94,2671.9,112.5,2681.7,1,53,13,53,1.01,53
2026-01-15T09:41:17.467Z,46.9505309,10.9657004,94,2672.3,60,2681.1,1,32,12,32,0.61,32
2026-01-15T09:41:17.567Z,46.9505456,10.9657377,94.1,2670.9,139.6,2680.7,1,77,12,77,0.82,77
2026-01-15T09:41:17.667Z,46.950524,10.9657646,94.1,2670.9,93.8,2680.4,1,75,11,75,0.91,75
2026-01-15T09:41:17.767Z,46.9505225,10.9657977,94.1,2671.9,90.8,2679.8,1,65,10,65,1.08,65
2026-01-15T09:41:17.867Z,46.9505222,10.9658277,94.1,2669.1,140.1,2679.4,1,91,9,91,0.97,91
2026-01-15T09:41:17.967Z,46.9505111,10.9658413,94.2,2668.9,127.7,2678.6,1,27,9,27,0.63,27
2026-01-15T09:41:18.067Z,46.9504935,10.9658747,94.2,2668.3,128.8,2678.1,1,38,9,38,0.76,38
2026-01-15T09:41:18.167Z,46.9504707,10.9659162,94.2,2668,183.5,2677.5,1,65,9,65,0.68,65
2026-01-15T09:41:18.267Z,46.950444,10.9659138,94.3,2668.7,150.2,2677,1,57,8,57,1.07,57
2026-01-15T09:41:18.367Z,46.9504237,10.9659308,94.3,2667,126.2,2677,1,36,13,36,1.07,36
2026-01-15T09:41:18.467Z,46.9504051,10.965968,94.3,2666.1,206.6,2676.4,1,54,10,54,1.17,54
2026-01-15T09:41:18.567Z,46.9503961,10.9659614,94.4,2667.1,147,2675.6,1,91,12,91,0.62,91
2026-01-15T09:41:18.667Z,46.9503755,10.965981,94.4,2666.5,143.8,2675,1,50,8,50,1.17,50
2026-01-15T09:41:18.767Z,46.9503566,10.9660013,94.4,2664.6,155,2674.8,1,62,11,62,0.96,62
2026-01-15T09:41:18.867Z,46.9503176,10.9660279,94.4,2665.7,200.1,2674.2,1,20,13,20,0.98,20
2026-01-15T09:41:18.967Z,46.9502978,10.9660173,94.5,2664.4,149.5,2673.7,1,40,8,40,0.95,40
2026-01-15T09:41:19.067Z,46.9502803,10.9660324,94.5,2663.6,160.4,2673.4,1,30,11,30,1.05,30
2026-01-15T09:41:19.167Z,46.9502542,10.966046,94.5,2663.4,153.9,2672.8,1,94,8,94,1.02,94
2026-01-15T09:41:19.267Z,46.950245,10.9660526,94.6,2664.4,168,2672.3,1,88,10,88,1.16,88
2026-01-15T09:41:19.367Z,46.9502111,10.9660632,94.6,2662.4,146.5,2671.8,1,60,8,60,1.11,60
2026-01-15T09:41:19.467Z,46.9501907,10.966083,94.6,2663.5,204.3,2671.5,1,36,13,36,1.02,36
2026-01-15T09:41:19.567Z,46.9501744,10.9660722,94.6,2662,138.1,2670.7,1,48,12,48,1.03,48
2026-01-15T09:41:19.667Z,46.9501507,10.9661033,94.7,2661.2,172.8,2670.3,1,67,13,67,0.93,67
2026-01-15T09:41:19.767Z,46.950117,10.9661095,94.7,2659.8,167.7,2670.1,1,40,9,40,0.73,40
2026-01-15T09:41:19.867Z,46.9500967,10.966116,94.7,2659.6,182.6,2669.6,1,71,9,71,1.03,71
2026-01-15T09:41:19.967Z,46.950071,10.9661143,94.7,2661,145.7,2669.1,1,26,8,26,0.71,26
2026-01-15T09:41:20.067Z,46.9500612,10.9661241,94.8,2660.1,174,2668.1,1,25,11,25,0.76,25
2026-01-15T09:41:20.167Z,46.9500235,10.9661299,94.8,2658.8,140.6,2667.9,1,82,10,82,1.17,82
2026-01-15T09:41:20.267Z,46.9500048,10.9661524,94.8,2658.4,188.6,2667.4,1,67,11,67,0.69,67
2026-01-15T09:41:20.367Z,46.9499881,10.9661487,94.9,2659,168.7,2666.7,1,86,10,86,1.16,86
2026-01-15T09:41:20.467Z,46.9499539,10.9661587,94.9,2658.4,211.2,2666.2,1,38,9,38,0.69,38
2026-01-15T09:41:20.567Z,46.9499291,10.9661367,94.9,2656.2,141.2,2666,1,77,9,77,1.09,77
2026-01-15T09:41:20.667Z,46.9499035,10.9661668,94.9,2656.7,200.6,2665.3,1,73,12,73,0.85,73
2026-01-15T09:41:20.767Z,46.9498788,10.9661532,94.9,2655.3,172.3,2665,1,27,9,27,1.1,27
2026-01-15T09:41:20.867Z,46.9498562,10.9661577,95,2655.6,214.7,2664.2,1,63,13,63,1.11,63
2026-01-15T09:41:20.967Z,46.949849,10.9661504,95,2654.7,167.9,2664.1,1,23,11,23,0.76,23
2026-01-15T09:41:21.067Z,46.9498142,10.9661613,95,2654.2,165.2,2663.5,1,45,11,45,0.86,45
2026-01-15T09:41:21.167Z,46.9497831,10.9661733,95,2654.3,170.3,2662.7,1,99,11,99,0.91,99
2026-01-15T09:41:21.267Z,46.9497632,10.9661783,95.1,2653,193.3,2662.1,1,28,10,28,0.78,28
2026-01-15T09:41:21.367Z,46.949737,10.9661692,95.1,2652.9,156.3,2662,1,62,12,62,1.17,62
2026-01-15T09:41:21.467Z,46.9497266,10.9661759,95.1,2651.8,165.1,2661.5,1,29,8,29,0.65,29
2026-01-15T09:41:21.567Z,46.9497079,10.9661832,95.1,2651.8,178.6,2660.8,1,95,8,95,0.65,95
2026-01-15T09:41:21.667Z,46.9496723,10.9661845,95.2,2652.2,177.2,2660.2,1,34,13,34,0.95,34
2026-01-15T09:41:21.767Z,46.9496444,10.9661865,95.2,2651.6,177.4,2660.1,1,30,11,30,0.82,30
2026-01-15T09:41:21.867Z,46.9496309,10.9661874,95.2,2651.5,175.6,2659.5,1,60,11,60,0.97,60
2026-01-15T09:41:21.967Z,46.9496113,10.9661896,95.2,2650.5,176.3,2658.8,1,77,9,77,1.09,77
2026-01-15T09:41:22.067Z,46.9495719,10.9661933,95.2,2649.5,189.4,2658.6,1,43,9,43,0.75,43
2026-01-15T09:41:22.167Z,46.9495538,10.9661889,95.3,2649,174.3,2658,1,98,10,98,1.15,98
2026-01-15T09:41:22.267Z,46.9495305,10.9661923,95.3,2648.6,143.9,2657.5,1,66,13,66,0.61,66
2026-01-15T09:41:22.367Z,46.9495103,10.9662139,95.3,2646.7,176.5,2656.5,1,69,12,69,0.85,69
2026-01-15T09:41:22.467Z,46.9494844,10.9662162,95.3,2647.7,166.5,2656.5,1,41,8,41,1.08,41
2026-01-15T09:41:22.567Z,46.9494608,10.9662245,95.3,2645.8,152.7,2655.5,1,86,11,86,1.18,86
2026-01-15T09:41:22.667Z,46.9494387,10.9662412,95.4,2646,209.4,2655.4,1,46,11,46,0.95,46
2026-01-15T09:41:22.767Z,46.949421,10.9662266,95.4,2646.1,163.1,2654.7,1,56,10,56,1.05,56
2026-01-15T09:41:22.867Z,46.9493835,10.9662433,95.4,2645.1,211.1,2654.1,1,57,11,57,1.09,57
2026-01-15T09:41:22.967Z,46.9493714,10.9662326,95.4,2645.4,141.6,2653.7,1,99,11,99,0.84,99
2026-01-15T09:41:23.067Z,46.9493474,10.9662605,95.4,2644.3,141,2653.2,1,70,12,70,0.91,70
2026-01-15T09:41:23.167Z,46.9493258,10.9662861,95.5,2644.7,89.8,2652.6,1,61,13,61,1.13,61
2026-01-15T09:41:23.267Z,46.9493259,10.9663284,95.5,2643.4,142.8,2652.1,1,47,9,47,0.8,47
2026-01-15T09:41:23.367Z,46.9493045,10.9663522,95.5,2643.5,166.8,2651.6,1,44,8,44,0.93,44
2026-01-15T09:41:23.467Z,46.9492762,10.9663619,95.5,2642.7,113.3,2651.4,1,47,12,47,0.94,47
2026-01-15T09:41:23.567Z,46.9492676,10.9663911,95.5,2642.6,124.4,2651.1,1,91,12,91,0.64,91
2026-01-15T09:41:23.667Z,46.9492507,10.9664272,95.5,2640.7,146.4,2650.2,1,66,9,66,0.91,66
2026-01-15T09:41:23.767Z,46.949231,10.9664464,95.6,2640.6,107.1,2649.5,1,71,11,71,0.72,71
2026-01-15T09:41:23.867Z,46.949225,10.9664749,95.6,2639.8,106.3,2649.3,1,44,13,44,1.07,44
2026-01-15T09:41:23.967Z,46.9492195,10.9665025,95.6,2640.9,95,2648.9,1,56,13,56,0.73,56
2026-01-15T09:41:24.067Z,46.9492176,10.9665344,95.6,2640.1,100.8,2648.4,1,80,9,80,0.69,80
2026-01-15T09:41:24.167Z,46.9492108,10.9665866,95.6,2639.6,56,2647.8,1,41,13,41,1.16,41
2026-01-15T09:41:24.267Z,46.9492196,10.9666057,95.6,2639.1,117.7,2647.4,1,70,10,70,0.65,70
2026-01-15T09:41:24.367Z,46.949201,10.9666577,95.6,2636.5,104.6,2646.5,1,43,10,43,1.09,43
2026-01-15T09:41:24.467Z,46.9491969,10.9666807,95.7,2637.9,70.9,2646,1,99,9,99,1.19,99
2026-01-15T09:41:24.567Z,46.9492081,10.9667282,95.7,2636,125.6,2646,1,21,9,21,0.91,21
2026-01-15T09:41:24.667Z,46.949197,10.9667509,95.7,2636.4,99.1,2645.4,1,96,12,96,0.67,96
2026-01-15T09:41:24.767Z,46.9491927,10.9667904,95.7,2637,86.8,2644.5,1,26,11,26,1.13,26
2026-01-15T09:41:24.867Z,46.9491939,10.9668219,95.7,2636.1,81.5,2644.4,1,86,9,86,0.83,86
2026-01-15T09:41:24.967Z,46.9491982,10.9668641,95.7,2635,79.5,2643.7,1,82,12,82,1.06,82
2026-01-15T09:41:25.067Z,46.9492006,10.9668831,95.7,2635.5,41.7,2643.2,1,45,8,45,1.15,45
2026-01-15T09:41:25.167Z,46.9492208,10.9669095,95.8,2634,67.1,2642.5,1,66,10,66,0.88,66
2026-01-15T09:41:25.267Z,46.9492326,10.9669505,95.8,2632.9,54.5,2642,1,38,8,38,0.85,38
2026-01-15T09:41:25.367Z,46.9492416,10.966969,95.8,2631.6,63.1,2642,1,66,9,66,1.11,66
2026-01-15T09:41:25.467Z,46.9492551,10.9670079,95.8,2632.7,45.8,2641.5,1,65,13,65,1.02,65
2026-01-15T09:41:25.567Z,46.9492775,10.9670416,95.8,2632.1,77.4,2640.7,1,99,8,99,1.05,99
2026-01-15T09:41:25.667Z,46.949279,10.9670514,95.8,2630.8,77.3,2640.3,1,28,9,28,1.12,28
2026-01-15T09:41:25.767Z,46.9492862,10.9670981,95.8,2630.9,30.2,2639.4,1,84,12,84,0.86,84
2026-01-15T09:41:25.867Z,46.9493081,10.9671168,95.8,2629.6,47.6,2639.1,1,73,13,73,1.02,73
2026-01-15T09:41:25.967Z,46.9493273,10.9671476,95.8,2629.1,100.3,2638.8,1,92,9,92,1.19,92
2026-01-15T09:41:26.067Z,46.9493234,10.9671789,95.9,2630.2,40.2,2638.4,1,32,8,32,1.14,32
2026-01-15T09:41:26.167Z,46.9493532,10.9672158,95.9,2628.4,34.5,2637.8,1,27,8,27,0.81,27
2026-01-15T09:41:26.267Z,46.9493714,10.9672341,95.9,2627.3,44,2637.1,1,89,11,89,0.78,89
2026-01-15T09:41:26.367Z,46.9493796,10.9672457,95.9,2628.7,61.9,2636.5,1,73,8,73,0.94,73
2026-01-15T09:41:26.467Z,46.9493948,10.9672874,95.9,2627.5,33.6,2636.1,1,26,12,26,1.08,26
2026-01-15T09:41:26.567Z,46.9494064,10.9672987,95.9,2626.4,63.5,2635.9,1,88,13,88,0.7,88
2026-01-15T09:41:26.667Z,46.949422,10.9673445,95.9,2625.4,40.4,2635.1,1,93,10,93,0.61,93
2026-01-15T09:41:26.767Z,46.949446,10.9673744,95.9,2625.1,23,2634.9,1,44,9,44,0.82,44
2026-01-15T09:41:26.867Z,46.9494669,10.9673874,95.9,2625.9,66.8,2634.3,1,66,13,66,0.74,66
2026-01-15T09:41:26.967Z,46.9494779,10.967425,95.9,2625.9,42.8,2633.7,1,73,11,73,1,73
2026-01-15T09:41:27.067Z,46.9494953,10.9674486,95.9,2625,35.8,2633,1,59,12,59,0.81,59
2026-01-15T09:41:27.167Z,46.9495167,10.9674712,95.9,2623.9,46.2,2632.7,1,72,11,72,1.2,72
2026-01-15T09:41:27.267Z,46.9495342,10.9674979,95.9,2622.2,61.8,2632,1,24,13,24,1.05,24
2026-01-15T09:41:27.367Z,46.9495368,10.967505,95.9,2622.2,35.2,2631.8,1,31,13,31,1.15,31
2026-01-15T09:41:27.467Z,46.9495582,10.9675271,96,2622.7,45.6,2631.1,1,83,13,83,0.66,83
2026-01-15T09:41:27.567Z,46.9495869,10.9675701,96,2620.8,50.9,2630.8,1,33,9,33,1,33
2026-01-15T09:41:27.667Z,46.9495969,10.9675881,96,2619.9,38.4,2630.1,1,81,12,81,0.64,81
2026-01-15T09:41:27.767Z,46.9496189,10.9676136,96,2620.8,69.4,2629.4,1,42,13,42,1.03,42
2026-01-15T09:41:27.867Z,46.9496275,10.9676471,96,2621,58.8,2629.4,1,81,13,81,0.86,81
2026-01-15T09:41:27.967Z,46.9496387,10.9676742,96,2620.8,10.7,2628.7,1,79,12,79,1.19,79
2026-01-15T09:41:28.067Z,46.9496677,10.9676822,96,2619.2,87.8,2628.2,1,25,13,25,0.7,25
2026-01-15T09:41:28.167Z,46.9496686,10.9677159,96,2618.9,34,2627.6,1,20,8,20,0.98,20
2026-01-15T09:41:28.267Z,46.9496912,10.9677382,96,2618.5,52.3,2627,1,57,9,57,0.63,57
2026-01-15T09:41:28.367Z,46.9497042,10.9677628,96,2618,60.4,2626.4,1,36,8,36,0.96,36
2026-01-15T09:41:28.467Z,46.9497246,10.9678153,96,2617.1,36.2,2626,1,41,11,41,1.16,41
2026-01-15T09:41:28.567Z,46.9497454,10.9678376,96,2617.3,21.5,2625.5,1,96,8,96,0.68,96
2026-01-15T09:41:28.667Z,46.9497615,10.9678469,96,2616.7,93.6,2625.1,1,54,13,54,1.16,54
2026-01-15T09:41:28.767Z,46.9497603,10.9678745,96,2614.9,40.2,2624.8,1,41,10,41,0.91,41
2026-01-15T09:41:28.867Z,46.9497898,10.967911,96,2614.5,78.9,2624.1,1,65,13,65,0.75,65
2026-01-15T09:41:28.967Z,46.9497931,10.9679357,96,2615.1,56.7,2623.3,1,46,12,46,1.05,46
2026-01-15T09:41:29.067Z,46.9498096,10.9679725,96,2615,63.1,2623.1,1,81,11,81,0.71,81
2026-01-15T09:41:29.167Z,46.9498212,10.968006,96,2613.2,23.6,2622.8,1,43,12,43,0.9,43
2026-01-15T09:41:29.267Z,46.9498373,10.9680163,96,2611.9,42.3,2622.1,1,85,12,85,1.04,85
2026-01-15T09:41:29.367Z,46.9498658,10.9680543,96,2613.5,6.4,2621.6,1,28,8,28,1.17,28
2026-01-15T09:41:29.467Z,46.9498835,10.9680572,96,2612.7,73.5,2621,1,65,10,65,0.65,65
2026-01-15T09:41:29.567Z,46.9498936,10.9681072,96,2611.8,43.6,2620.8,1,32,10,32,0.94,32
2026-01-15T09:41:29.667Z,46.9499035,10.968121,96,2610.7,62.1,2619.8,1,66,9,66,0.77,66
2026-01-15T09:41:29.767Z,46.9499194,10.968165,96,2609.5,10,2619.4,1,96,9,96,1.15,96
2026-01-15T09:41:29.867Z,46.9499383,10.9681699,96,2610.4,48.1,2619.1,1,83,9,83,0.6,83
2026-01-15T09:41:29.967Z,46.9499559,10.9681986,96,2610.5,53.9,2618.6,1,82,9,82,1.17,82
2026-01-15T09:41:30.067Z,46.9499726,10.9682322,96,2609.1,41.7,2618.1,1,99,11,99,0.62,99
2026-01-15T09:41:30.167Z,46.949994,10.9682601,96,2608.4,75.8,2617.4,1,60,8,60,0.95,60
2026-01-15T09:41:30.267Z,46.9500009,10.9682999,96,2609.1,36.7,2617.2,1,34,10,34,0.68,34
2026-01-15T09:41:30.367Z,46.9500063,10.9683058,96,2606.7,49.2,2616.6,1,58,9,58,0.73,58
2026-01-15T09:41:30.467Z,46.9500282,10.968343,96,2606.3,60.4,2616.3,1,42,13,42,1.06,42
2026-01-15T09:41:30.567Z,46.9500433,10.968382,96,2606.7,7.2,2615.5,1,37,12,37,1.17,37
2026-01-15T09:41:30.667Z,46.9500693,10.9683868,96,2605.4,68,2615,1,62,12,62,1.07,62
2026-01-15T09:41:30.767Z,46.9500824,10.9684343,96,2606.2,26.7,2614.7,1,83,13,83,0.96,83
2026-01-15T09:41:30.867Z,46.9500992,10.9684467,96,2606.1,41.2,2614.1,1,40,12,40,1.15,40
2026-01-15T09:41:30.967Z,46.9501175,10.9684702,96,2604.8,88.9,2613.7,1,79,8,79,0.86,79
2026-01-15T09:41:31.067Z,46.950118,10.9685071,95.9,2604.1,37.3,2612.9,1,25,10,25,0.82,25
2026-01-15T09:41:31.167Z,46.9501461,10.9685385,95.9,2603.4,62.4,2612.7,1,57,8,57,1,57
2026-01-15T09:41:31.267Z,46.9501553,10.9685643,95.9,2602.2,34.9,2612.2,1,60,11,60,0.97,60
2026-01-15T09:41:31.367Z,46.9501784,10.9685879,95.9,2603.6,92.7,2611.3,1,99,13,99,1.09,99
2026-01-15T09:41:31.467Z,46.9501782,10.968594,95.9,2601.1,48.6,2610.9,1,71,8,71,0.81,71
2026-01-15T09:41:31.567Z,46.9502026,10.9686346,95.9,2601.8,62.7,2610.5,1,36,12,36,0.84,36
2026-01-15T09:41:31.667Z,46.9502102,10.9686562,95.9,2601.9,47.9,2609.8,1,62,13,62,0.66,62
2026-01-15T09:41:31.767Z,46.9502215,10.9686745,95.9,2599.2,46.1,2609.7,1,83,12,83,1,83
2026-01-15T09:41:31.867Z,46.9502572,10.9687289,95.9,2599.8,65.1,2608.8,1,78,13,78,0.84,78
2026-01-15T09:41:31.967Z,46.9502609,10.9687406,95.9,2600.5,348.1,2608.6,1,87,11,87,1.03,87
2026-01-15T09:41:32.067Z,46.9502909,10.9687313,95.9,2600,40.2,2608.3,1,97,8,97,0.79,97
2026-01-15T09:41:32.167Z,46.9503163,10.9687627,95.9,2597.7,36.1,2607.6,1,56,11,56,0.6,56
2026-01-15T09:41:32.267Z,46.9503282,10.9687754,95.9,2598.3,8.7,2606.9,1,30,12,30,0.86,30
2026-01-15T09:41:32.367Z,46.9503542,10.9687812,95.9,2598.5,51.1,2606.9,1,47,12,47,0.89,47
2026-01-15T09:41:32.467Z,46.9503693,10.9688086,95.8,2598.4,359.8,2606.1,1,51,12,51,0.86,51
2026-01-15T09:41:32.567Z,46.9504068,10.9688084,95.8,2596.2,48.9,2605.9,1,50,13,50,0.7,50
2026-01-15T09:41:32.667Z,46.9504249,10.9688388,95.8,2596.3,357.8,2605.2,1,77,9,77,0.69,77
2026-01-15T09:41:32.767Z,46.9504483,10.9688375,95.8,2594.8,69.1,2604.8,1,90,10,90,0.81,90
2026-01-15T09:41:32.867Z,46.9504587,10.9688773,95.8,2596.5,18,2604.5,1,85,9,85,1.13,85
2026-01-15T09:41:32.967Z,46.9504828,10.9688888,95.8,2596.1,14,2604.1,1,90,11,90,0.66,90
2026-01-15T09:41:33.067Z,46.9505149,10.9689005,95.8,2593.7,349.4,2603.5,1,66,13,66,0.91,66
2026-01-15T09:41:33.167Z,46.95052,10.9688991,95.8,2593.6,28.4,2602.8,1,77,13,77,0.81,77
2026-01-15T09:41:33.267Z,46.9505411,10.9689158,95.8,2592.6,12.4,2602.5,1,56,9,56,0.71,56
2026-01-15T09:41:33.367Z,46.9505696,10.968925,95.7,2593.2,27.9,2602.1,1,83,13,83,0.8,83
2026-01-15T09:41:33.467Z,46.9505905,10.9689412,95.7,2591.6,37.4,2601.6,1,26,9,26,0.68,26
2026-01-15T09:41:33.567Z,46.9506056,10.9689581,95.7,2591.4,22.3,2601.2,1,79,9,79,0.67,79
2026-01-15T09:41:33.667Z,46.9506467,10.9689828,95.7,2590.6,9.7,2600.7,1,37,13,37,1.13,37
2026-01-15T09:41:33.767Z,46.9506642,10.9689872,95.7,2591.3,44.6,2600.6,1,66,13,66,0.87,66
2026-01-15T09:41:33.867Z,46.9506835,10.9690151,95.7,2592.1,7.3,2600.1,1,24,10,24,0.63,24
2026-01-15T09:41:33.967Z,46.9507103,10.9690201,95.7,2589.8,54.2,2599.2,1,39,13,39,0.69,39
2026-01-15T09:41:34.067Z,46.9507201,10.96904,95.7,2590.3,25.7,2599.1,1,92,9,92,0.84,92
2026-01-15T09:41:34.167Z,46.9507391,10.9690534,95.6,2588.7,42.4,2598.3,1,20,11,20,1.07,20
2026-01-15T09:41:34.267Z,46.9507607,10.9690823,95.6,2589,3.2,2597.9,1,93,11,93,0.68,93
2026-01-15T09:41:34.367Z,46.9507829,10.9690841,95.6,2588.8,32.6,2598,1,89,10,89,0.66,89
2026-01-15T09:41:34.467Z,46.950817,10.969116,95.6,2588.1,27,2597.3,1,65,13,65,1.12,65
2026-01-15T09:41:34.567Z,46.9508348,10.9691293,95.6,2587.1,353.3,2597.1,1,50,11,50,0.87,50
2026-01-15T09:41:34.667Z,46.9508625,10.9691245,95.6,2587,42.9,2596.3,1,40,13,40,0.97,40
2026-01-15T09:41:34.767Z,46.9508837,10.9691534,95.5,2586.9,356.6,2595.8,1,33,9,33,1.04,33
2026-01-15T09:41:34.867Z,46.9509058,10.9691515,95.5,2585.5,33.8,2595.6,1,58,11,58,1.05,58
2026-01-15T09:41:34.967Z,46.9509251,10.9691704,95.5,2586.9,67.3,2595.1,1,62,13,62,1.09,62
2026-01-15T09:41:35.067Z,46.9509367,10.9692111,95.5,2586,359.5,2594.4,1,44,9,44,0.63,44
2026-01-15T09:41:35.167Z,46.9509669,10.9692107,95.5,2586.1,79.6,2593.9,1,64,10,64,1.05,64
2026-01-15T09:41:35.267Z,46.9509706,10.9692402,95.5,2585.6,12.4,2593.6,1,48,13,48,0.68,48
2026-01-15T09:41:35.367Z,46.9510078,10.9692522,95.4,2584.5,36.2,2593.4,1,61,9,61,0.93,61
2026-01-15T09:41:35.467Z,46.9510243,10.9692699,95.4,2584,27.6,2593.1,1,78,8,78,0.98,78
2026-01-15T09:41:35.567Z,46.9510389,10.9692811,95.4,2582.4,8.8,2592.6,1,69,10,69,0.79,69
2026-01-15T09:41:35.667Z,46.9510614,10.9692862,95.4,2582.9,18.1,2591.6,1,52,11,52,0.69,52
2026-01-15T09:41:35.767Z,46.951091,10.9693004,95.4,2581.7,29.4,2591.3,1,45,8,45,1.17,45
2026-01-15T09:41:35.867Z,46.9511115,10.9693173,95.3,2581.9,30,2591,1,40,9,40,0.8,40
2026-01-15T09:41:35.967Z,46.9511357,10.9693378,95.3,2580.4,80.9,2590.4,1,92,11,92,1.06,92
2026-01-15T09:41:36.067Z,46.9511388,10.969366,95.3,2580.5,3.5,2590.1,1,29,13,29,1.17,29
2026-01-15T09:41:36.167Z,46.9511735,10.9693691,95.3,2580.7,50.2,2589.4,1,57,9,57,1.14,57
2026-01-15T09:41:36.267Z,46.9511818,10.9693837,95.3,2579,33.9,2589.3,1,56,12,56,0.81,56
2026-01-15T09:41:36.367Z,46.9512178,10.9694192,95.2,2579.1,34.6,2588.6,1,71,8,71,0.71,71
2026-01-15T09:41:36.467Z,46.9512275,10.969429,95.2,2578.3,13,2588.3,1,34,10,34,1.17,34
2026-01-15T09:41:36.567Z,46.951263,10.969441,95.2,2579.1,24.3,2587.6,1,31,9,31,0.73,31
2026-01-15T09:41:36.667Z,46.951283,10.9694542,95.2,2577.4,53.6,2587.3,1,43,12,43,1.15,43
2026-01-15T09:41:36.767Z,46.9512962,10.9694804,95.2,2576.8,21.6,2587,1,60,13,60,1.1,60
2026-01-15T09:41:36.867Z,46.9513207,10.9694946,95.1,2577,65.5,2586.8,1,22,13,22,1.18,22
2026-01-15T09:41:36.967Z,46.951328,10.9695181,95.1,2578.1,13.5,2586.3,1,27,12,27,0.62,27
2026-01-15T09:41:37.067Z,46.9513545,10.9695274,95.1,2575.8,47.3,2585.9,1,94,12,94,0.74,94
2026-01-15T09:41:37.167Z,46.9513719,10.969555,95.1,2577.2,350.8,2585.3,1,65,9,65,0.66,65
2026-01-15T09:41:37.267Z,46.9514049,10.9695472,95,2575.6,45.3,2584.6,1,66,8,66,1.03,66
2026-01-15T09:41:37.367Z,46.9514295,10.9695836,95,2574.1,75.5,2584.1,1,66,11,66,1.04,66
2026-01-15T09:41:37.467Z,46.9514335,10.9696062,95,2575.7,16.5,2584.1,1,75,8,75,0.8,75
2026-01-15T09:41:37.567Z,46.9514674,10.9696209,95,2573.5,341.9,2583.2,1,62,12,62,0.66,62
2026-01-15T09:41:37.667Z,46.9514795,10.9696151,95,2572.9,56.1,2583,1,58,10,58,1.17,58
2026-01-15T09:41:37.767Z,46.9514961,10.9696513,94.9,2573.6,8,2582.5,1,57,12,57,1.11,57
2026-01-15T09:41:37.867Z,46.9515312,10.9696585,94.9,2571.9,41.5,2582.1,1,42,8,42,1.03,42
2026-01-15T09:41:37.967Z,46.951548,10.9696803,94.9,2571.5,22.9,2581.8,1,97,9,97,0.74,97
2026-01-15T09:41:38.067Z,46.951576,10.9696976,94.9,2571.9,357.5,2581,1,97,9,97,0.87,97
2026-01-15T09:41:38.167Z,46.9515901,10.9696967,94.8,2571.5,42.5,2580.7,1,67,8,67,0.76,67
2026-01-15T09:41:38.267Z,46.9516077,10.9697203,94.8,2571.1,37.4,2580.3,1,80,11,80,1.07,80
2026-01-15T09:41:38.367Z,46.9516225,10.9697369,94.8,2572.1,30.4,2579.8,1,21,10,21,1.03,21
2026-01-15T09:41:38.467Z,46.9516438,10.9697552,94.8,2571.4,7.7,2579.2,1,92,11,92,0.75,92
2026-01-15T09:41:38.567Z,46.951679,10.9697622,94.7,2569.4,44.2,2579.1,1,24,9,24,0.74,24
2026-01-15T09:41:38.667Z,46.9516908,10.969779,94.7,2569.9,53.6,2578.4,1,62,11,62,0.94,62
2026-01-15T09:41:38.767Z,46.9517072,10.9698116,94.7,2569.8,16.2,2578,1,51,8,51,1.18,51
2026-01-15T09:41:38.867Z,46.9517274,10.9698202,94.6,2569.2,43.8,2577.8,1,82,13,82,0.89,82
2026-01-15T09:41:38.967Z,46.9517468,10.9698475,94.6,2567.4,5.3,2577,1,58,9,58,0.85,58
2026-01-15T09:41:39.067Z,46.9517819,10.9698523,94.6,2567.5,26.6,2577,1,20,12,20,0.9,20
2026-01-15T09:41:39.167Z,46.9518025,10.9698674,94.6,2567.8,65.4,2576.5,1,95,9,95,1.03,95
2026-01-15T09:41:39.267Z,46.9518094,10.9698895,94.5,2567.3,2.7,2576.1,1,51,9,51,1.03,51
2026-01-15T09:41:39.367Z,46.9518337,10.9698912,94.5,2566.9,18.8,2575.3,1,33,13,33,1,33
2026-01-15T09:41:39.467Z,46.9518666,10.9699076,94.5,2565.1,58,2574.9,1,90,12,90,1.06,90
2026-01-15T09:41:39.567Z,46.9518837,10.9699477,94.5,2566.1,17.6,2574.5,1,56,11,56,1.02,56
2026-01-15T09:41:39.667Z,46.9519063,10.9699582,94.4,2564.6,14.2,2574,1,31,10,31,1.06,31
2026-01-15T09:41:39.767Z,46.9519312,10.9699674,94.4,2565.3,24.3,2573.5,1,54,11,54,0.75,54
2026-01-15T09:41:39.867Z,46.9519484,10.9699788,94.4,2564.2,74.7,2573.4,1,39,13,39,1,39
2026-01-15T09:41:39.967Z,46.9519533,10.970005,94.3,2564.1,17.3,2572.6,1,71,10,71,1.16,71
2026-01-15T09:41:40.067Z,46.951991,10.9700222,94.3,2564.5,24.9,2572.4,1,53,10,53,0.99,53
2026-01-15T09:41:40.167Z,46.9520104,10.9700354,94.3,2563.2,6.2,2571.6,1,66,13,66,1.07,66
2026-01-15T09:41:40.267Z,46.9520243,10.9700376,94.2,2563.6,36.8,2571.3,1,23,12,23,0.86,23
2026-01-15T09:41:40.367Z,46.9520547,10.9700709,94.2,2562.9,48.3,2571,1,77,11,77,0.72,77
2026-01-15T09:41:40.467Z,46.9520694,10.9700951,94.2,2561.8,32.9,2570.3,1,72,8,72,1.04,72
2026-01-15T09:41:40.567Z,46.9520879,10.9701126,94.2,2561.9,31.8,2570.1,1,38,8,38,0.89,38
2026-01-15T09:41:40.667Z,46.9521066,10.9701296,94.1,2559.4,15.6,2569.6,1,21,8,21,0.63,21
2026-01-15T09:41:40.767Z,46.9521365,10.9701418,94.1,2559.9,328,2569.1,1,62,9,62,0.92,62
2026-01-15T09:41:40.867Z,46.9521413,10.9701374,94.1,2561,29.1,2569.1,1,80,11,80,0.75,80
2026-01-15T09:41:40.967Z,46.9521761,10.9701658,94,2559.7,47.3,2568.4,1,78,11,78,1.13,78
2026-01-15T09:41:41.067Z,46.9521914,10.9701901,94,2558.1,30.7,2567.6,1,32,13,32,0.92,32
2026-01-15T09:41:41.167Z,46.9522119,10.9702079,94,2557.4,29.3,2567.3,1,30,12,30,0.88,30
2026-01-15T09:41:41.267Z,46.9522236,10.9702175,93.9,2558.2,26.9,2567.2,1,50,10,50,0.9,50
2026-01-15T09:41:41.367Z,46.9522577,10.9702428,93.9,2556.7,31.7,2566.5,1,31,11,31,1.18,31
2026-01-15T09:41:41.467Z,46.9522753,10.9702587,93.9,2556.5,1.7,2566.3,1,75,11,75,0.65,75
2026-01-15T09:41:41.567Z,46.952298,10.9702597,93.8,2556.1,48.1,2565.9,1,50,10,50,0.68,50
2026-01-15T09:41:41.667Z,46.9523121,10.9702827,93.8,2555.9,358.9,2565.1,1,34,9,34,0.72,34
2026-01-15T09:41:41.767Z,46.9523455,10.9702818,93.8,2555.8,41.3,2564.9,1,91,12,91,1.1,91
2026-01-15T09:41:41.867Z,46.9523627,10.9703039,93.7,2556.5,30.4,2564.2,1,55,11,55,0.67,55
2026-01-15T09:41:41.967Z,46.9523871,10.9703249,93.7,2555.6,80.9,2563.9,1,30,11,30,1.04,30
2026-01-15T09:41:42.067Z,46.9523894,10.9703459,93.7,2554.7,0.3,2563.3,1,33,13,33,0.84,33
2026-01-15T09:41:42.167Z,46.9524233,10.9703462,93.6,2555.1,55.6,2563,1,38,10,38,0.81,38
2026-01-15T09:41:42.267Z,46.9524349,10.970371,93.6,2553.4,38.5,2562.7,1,53,9,53,1.08,53
2026-01-15T09:41:42.367Z,46.9524629,10.9704036,93.6,2553.5,3.9,2562.2,1,32,8,32,0.95,32
2026-01-15T09:41:42.467Z,46.952481,10.9704054,93.5,2552.4,19.3,2561.6,1,74,13,74,1.06,74
2026-01-15T09:41:42.567Z,46.952503,10.9704167,93.5,2553.5,41.1,2561.2,1,40,8,40,0.94,40
2026-01-15T09:41:42.667Z,46.9525174,10.9704351,93.5,2552.3,15.5,2560.8,1,22,11,22,1.11,22
2026-01-15T09:41:42.767Z,46.9525484,10.9704477,93.4,2552.5,76.1,2560.6,1,89,13,89,1.17,89
2026-01-15T09:41:42.867Z,46.9525548,10.9704856,93.4,2550,7.1,2559.7,1,28,11,28,0.9,28
2026-01-15T09:41:42.967Z,46.9525746,10.9704892,93.3,2550.8,6.4,2559.7,1,54,8,54,0.78,54
2026-01-15T09:41:43.067Z,46.9526067,10.9704945,93.3,2551.3,49,2559.2,1,52,11,52,0.69,52
2026-01-15T09:41:43.167Z,46.9526185,10.9705144,93.3,2550.2,17.6,2559,1,67,12,67,0.95,67
2026-01-15T09:41:43.267Z,46.9526402,10.9705245,93.2,2548.6,17.1,2558.2,1,62,8,62,1.14,62
2026-01-15T09:41:43.367Z,46.9526748,10.9705401,93.2,2548,50.4,2557.7,1,36,13,36,1.18,36
2026-01-15T09:41:43.467Z,46.9526845,10.9705573,93.2,2548,17.3,2557.2,1,80,11,80,1.19,80
2026-01-15T09:41:43.567Z,46.9527134,10.9705705,93.1,2548.5,53.4,2556.8,1,26,8,26,0.72,26
2026-01-15T09:41:43.667Z,46.9527348,10.9706127,93.1,2547.4,49,2556.2,1,85,8,85,0.75,85
2026-01-15T09:41:43.767Z,46.9527396,10.9706208,93,2548.2,23.2,2556.2,1,25,11,25,0.91,25
2026-01-15T09:41:43.867Z,46.9527676,10.9706384,93,2546.5,358.7,2555.6,1,67,10,67,0.91,67
2026-01-15T09:41:43.967Z,46.9527938,10.9706375,93,2547.1,62.1,2555.1,1,75,13,75,0.89,75
2026-01-15T09:41:44.067Z,46.9528053,10.9706693,92.9,2544.5,357,2554.9,1,27,8,27,0.69,27
2026-01-15T09:41:44.167Z,46.9528405,10.9706666,92.9,2545.8,51.4,2554.2,1,62,12,62,1.11,62
2026-01-15T09:41:44.267Z,46.9528597,10.9707018,92.9,2545.6,39.1,2554.2,1,86,12,86,1.14,86
2026-01-15T09:41:44.367Z,46.9528772,10.9707226,92.8,2544.4,36.1,2553.3,1,90,10,90,0.7,90
2026-01-15T09:41:44.467Z,46.9528846,10.9707305,92.8,2543.2,16.9,2552.9,1,90,10,90,0.84,90
2026-01-15T09:41:44.567Z,46.9529219,10.9707471,92.7,2542.6,39.1,2552.3,1,44,13,44,1.03,44
2026-01-15T09:41:44.667Z,46.9529361,10.970764,92.7,2544,34.3,2551.9,1,22,8,22,0.87,22
2026-01-15T09:41:44.767Z,46.9529505,10.9707784,92.7,2542.9,20.9,2551.4,1,66,12,66,1.16,66
2026-01-15T09:41:44.867Z,46.9529668,10.9707875,92.6,2543.4,23.8,2551,1,58,8,58,0.68,58
2026-01-15T09:41:44.967Z,46.9530023,10.9708104,92.6,2543,46.5,2550.6,1,29,13,29,1.17,29
2026-01-15T09:41:45.067Z,46.9530174,10.9708337,92.5,2541.1,336.1,2550.7,1,99,8,99,0.65,99
2026-01-15T09:41:45.167Z,46.9530322,10.9708241,92.5,2541.8,39.5,2549.9,1,52,11,52,0.9,52
2026-01-15T09:41:45.267Z,46.953059,10.9708565,92.5,2540.1,2.6,2549.4,1,52,9,52,0.67,52
2026-01-15T09:41:45.367Z,46.9530842,10.9708582,92.4,2539.7,52.3,2549.3,1,30,11,30,0.73,30
2026-01-15T09:41:45.467Z,46.9530899,10.970869,92.4,2540.5,23.3,2549,1,84,12,84,0.86,84
2026-01-15T09:41:45.567Z,46.9531266,10.9708921,92.3,2539.4,25.2,2548.1,1,56,13,56,0.74,56
2026-01-15T09:41:45.667Z,46.9531478,10.9709067,92.3,2539,45.7,2548,1,60,13,60,1.01,60
2026-01-15T09:41:45.767Z,46.9531522,10.9709133,92.3,2537.5,28.8,2547.3,1,43,12,43,0.82,43
2026-01-15T09:41:45.867Z,46.9531775,10.9709337,92.2,2537.2,23.7,2547.1,1,97,13,97,0.76,97
2026-01-15T09:41:45.967Z,46.9532075,10.970953,92.2,2538.2,355.2,2546.6,1,70,13,70,1.19,70
2026-01-15T09:41:46.067Z,46.9532239,10.970951,92.1,2538.1,32.5,2545.9,1,32,9,32,0.77,32
2026-01-15T09:41:46.167Z,46.9532461,10.9709717,92.1,2536.6,56.2,2545.6,1,80,9,80,0.74,80
2026-01-15T09:41:46.267Z,46.9532577,10.9709971,92.1,2535,18.1,2545.5,1,50,9,50,1.1,50
2026-01-15T09:41:46.367Z,46.9532786,10.9710071,92,2535,5.2,2544.8,1,47,13,47,1.14,47
2026-01-15T09:41:46.467Z,46.9533145,10.9710119,92,2536.5,38.9,2544.4,1,54,13,54,1.09,54
2026-01-15T09:41:46.567Z,46.9533384,10.9710402,91.9,2534.7,345,2544,1,22,8,22,1.01,22
2026-01-15T09:41:46.667Z,46.9533572,10.9710328,91.9,2535.6,34.3,2543.5,1,86,8,86,1.15,86
2026-01-15T09:41:46.767Z,46.9533787,10.9710543,91.8,2533.3,26.9,2543.1,1,96,12,96,1.09,96
2026-01-15T09:41:46.867Z,46.9533977,10.9710684,91.8,2533.7,7.7,2542.6,1,41,8,41,0.95,41
2026-01-15T09:41:46.967Z,46.9534233,10.9710735,91.8,2534.2,42.7,2542.2,1,84,11,84,0.97,84
2026-01-15T09:41:47.067Z,46.9534437,10.9711011,91.7,2534,337,2541.6,1,85,8,85,0.86,85
2026-01-15T09:41:47.167Z,46.9534641,10.9710884,91.7,2533.2,16.6,2541.5,1,84,11,84,0.85,84
2026-01-15T09:41:47.267Z,46.9534804,10.9710955,91.6,2531.7,41.9,2540.7,1,21,11,21,1.14,21
2026-01-15T09:41:47.367Z,46.9535033,10.9711256,91.6,2530.9,16.2,2540.7,1,36,8,36,1.07,36
2026-01-15T09:41:47.467Z,46.9535294,10.9711367,91.5,2531.8,344.5,2539.9,1,65,10,65,0.85,65
2026-01-15T09:41:47.567Z,46.95354,10.9711324,91.5,2531.5,34.7,2539.7,1,81,12,81,0.63,81
2026-01-15T09:41:47.667Z,46.9535693,10.9711621,91.5,2529.7,16.5,2539.1,1,36,9,36,0.82,36
2026-01-15T09:41:47.767Z,46.9535914,10.9711717,91.4,2528.7,20.6,2538.9,1,60,9,60,0.76,60
2026-01-15T09:41:47.867Z,46.9536039,10.9711786,91.4,2530,38.2,2538.3,1,79,9,79,1.1,79
2026-01-15T09:41:47.967Z,46.9536234,10.9712011,91.3,2528,350.3,2537.8,1,63,11,63,0.74,63
2026-01-15T09:41:48.067Z,46.9536572,10.9711926,91.3,2527.5,38.4,2537.4,1,95,9,95,1.14,95
2026-01-15T09:41:48.167Z,46.9536713,10.971209,91.2,2529.2,15.3,2536.9,1,70,13,70,0.64,70
2026-01-15T09:41:48.267Z,46.9536995,10.9712203,91.2,2526.7,0.4,2536.6,1,39,11,39,0.91,39
2026-01-15T09:41:48.367Z,46.9537177,10.9712205,91.2,2526.1,24.9,2535.9,1,42,9,42,0.8,42
2026-01-15T09:41:48.467Z,46.9537461,10.9712398,91.1,2527.1,23,2535.8,1,25,11,25,1.11,25
2026-01-15T09:41:48.567Z,46.9537577,10.971247,91.1,2526.7,17.4,2535.6,1,46,10,46,0.87,46
2026-01-15T09:41:48.667Z,46.9537913,10.9712624,91,2526,23.1,2534.7,1,80,12,80,1.04,80
2026-01-15T09:41:48.767Z,46.9538126,10.9712757,91,2525.5,340.2,2534.3,1,81,12,81,0.95,81
2026-01-15T09:41:48.867Z,46.9538183,10.9712727,90.9,2524.1,23.8,2533.8,1,33,9,33,1.2,33
2026-01-15T09:41:48.967Z,46.9538539,10.9712957,90.9,2525.6,32.1,2533.7,1,56,8,56,0.63,56
2026-01-15T09:41:49.067Z,46.9538772,10.9713171,90.8,2524.4,29.3,2532.9,1,60,9,60,0.89,60
2026-01-15T09:41:49.167Z,46.9538878,10.9713258,90.8,2523.8,339.4,2533.1,1,85,8,85,1.02,85
2026-01-15T09:41:49.267Z,46.9539065,10.9713155,90.7,2524.1,31.5,2532.3,1,33,8,33,0.64,33
2026-01-15T09:41:49.367Z,46.9539339,10.9713401,90.7,2522.3,34.9,2531.9,1,25,9,25,1.12,25
2026-01-15T09:41:49.467Z,46.9539569,10.9713636,90.7,2521.7,339.7,2531.6,1,62,9,62,0.72,62
2026-01-15T09:41:49.567Z,46.9539737,10.9713545,90.6,2522.4,12.6,2531.3,1,47,8,47,0.83,47
2026-01-15T09:41:49.667Z,46.9540057,10.971365,90.6,2521,42.5,2530.5,1,29,11,29,0.74,29
2026-01-15T09:41:49.767Z,46.9540248,10.9713906,90.5,2521.5,334.7,2530.3,1,77,12,77,0.86,77
2026-01-15T09:41:49.867Z,46.9540414,10.9713791,90.5,2520.5,29.3,2529.8,1,49,12,49,1.14,49
2026-01-15T09:41:49.967Z,46.954061,10.9713952,90.4,2519.6,46.1,2529.2,1,67,13,67,1.01,67
2026-01-15T09:41:50.067Z,46.9540785,10.9714218,90.4,2520.7,8.5,2529.2,1,39,8,39,1.01,39
2026-01-15T09:41:50.167Z,46.954101,10.9714267,90.3,2520.5,5.9,2528.3,1,74,13,74,1.16,74
2026-01-15T09:41:50.267Z,46.9541301,10.9714311,90.3,2519,345,2528.1,1,42,9,42,0.99,42
2026-01-15T09:41:50.367Z,46.954149,10.9714237,90.2,2519.1,57.1,2527.8,1,64,12,64,0.87,64
2026-01-15T09:41:50.467Z,46.9541659,10.971462,90.2,2517.8,333.7,2527,1,99,10,99,1.08,99
2026-01-15T09:41:50.567Z,46.9541841,10.9714488,90.1,2517.4,40.2,2527,1,68,12,68,0.97,68
2026-01-15T09:41:50.667Z,46.9542066,10.9714767,90.1,2517.1,6.9,2526.4,1,36,8,36,1.02,36
2026-01-15T09:41:50.767Z,46.9542337,10.9714815,90.1,2517.8,2.1,2526.2,1,38,10,38,0.91,38
2026-01-15T09:41:50.867Z,46.9542565,10.9714827,90,2515.6,37.8,2525.8,1,69,12,69,1.1,69
2026-01-15T09:41:50.967Z,46.95428,10.9715094,90,2515.9,335.1,2525.4,1,57,12,57,0.96,57
2026-01-15T09:41:51.067Z,46.9543071,10.971491,89.9,2515.1,41,2524.7,1,35,12,35,0.61,35
2026-01-15T09:41:51.167Z,46.9543181,10.971505,89.9,2514.3,54.3,2524,1,68,13,68,0.76,68
2026-01-15T09:41:51.267Z,46.9543348,10.9715391,89.8,2515.1,342.9,2523.7,1,69,10,69,0.89,69
2026-01-15T09:41:51.367Z,46.9543679,10.9715242,89.8,2515.6,48.7,2523.7,1,49,10,49,0.69,49
2026-01-15T09:41:51.467Z,46.9543796,10.9715437,89.7,2512.9,1.5,2522.8,1,22,13,22,1.12,22
2026-01-15T09:41:51.567Z,46.9544052,10.9715447,89.7,2513.6,39,2522.9,1,35,11,35,0.84,35
2026-01-15T09:41:51.667Z,46.9544332,10.9715779,89.6,2514.1,4.9,2522.3,1,47,11,47,0.95,47
2026-01-15T09:41:51.767Z,46.9544565,10.9715808,89.6,2513.2,340,2521.9,1,91,9,91,0.74,91
2026-01-15T09:41:51.867Z,46.9544681,10.9715746,89.5,2512.2,45.6,2521.1,1,37,12,37,0.8,37
2026-01-15T09:41:51.967Z,46.9544873,10.9716033,89.5,2511.1,358.6,2521.1,1,85,9,85,1.15,85
2026-01-15T09:41:52.067Z,46.954519,10.9716022,89.4,2512.5,21.1,2520.6,1,59,13,59,0.88,59
2026-01-15T09:41:52.167Z,46.9545427,10.9716156,89.4,2512.1,7.9,2520.1,1,67,13,67,0.74,67
2026-01-15T09:41:52.267Z,46.9545585,10.9716188,89.3,2509.7,15.7,2519.5,1,95,10,95,0.7,95
2026-01-15T09:41:52.367Z,46.9545798,10.9716276,89.3,2510.3,61.8,2519.5,1,73,11,73,0.85,73
2026-01-15T09:41:52.467Z,46.9545914,10.9716593,89.3,2510.6,349.3,2518.6,1,29,8,29,0.94,29
2026-01-15T09:41:52.567Z,46.9546177,10.971652,89.2,2509,23.5,2518.5,1,35,12,35,0.77,35
2026-01-15T09:41:52.667Z,46.9546394,10.9716658,89.2,2508.3,64,2518.1,1,66,11,66,0.77,66
2026-01-15T09:41:52.767Z,46.9546493,10.9716955,89.1,2509.1,12.1,2517.7,1,99,11,99,0.94,99
2026-01-15T09:41:52.867Z,46.9546763,10.971704,89.1,2508.6,13.2,2517.4,1,42,11,42,1.02,42
2026-01-15T09:41:52.967Z,46.9546955,10.9717106,89,2506.9,32.6,2516.9,1,99,9,99,0.62,99
2026-01-15T09:41:53.067Z,46.9547272,10.9717403,89,2508.6,33.2,2516.4,1,48,11,48,0.84,48
2026-01-15T09:41:53.167Z,46.9547393,10.9717519,88.9,2505.9,348.6,2516.2,1,28,10,28,1.06,28
2026-01-15T09:41:53.267Z,46.9547641,10.9717446,88.9,2505.9,47.2,2515.5,1,62,13,62,0.98,62
2026-01-15T09:41:53.367Z,46.9547816,10.9717723,88.8,2506.3,58.8,2515.2,1,57,13,57,1.09,57
2026-01-15T09:41:53.467Z,46.9547899,10.9717924,88.8,2506.9,21.8,2514.4,1,95,13,95,0.81,95
2026-01-15T09:41:53.567Z,46.9548266,10.9718139,88.7,2505.1,321.4,2514.3,1,61,10,61,0.86,61
2026-01-15T09:41:53.667Z,46.9548301,10.9718098,88.7,2505.7,7.5,2513.8,1,27,8,27,1.19,27
2026-01-15T09:41:53.767Z,46.9548621,10.971816,88.6,2504.9,28.3,2513.5,1,92,8,92,0.83,92
2026-01-15T09:41:53.867Z,46.9548862,10.971835,88.6,2505,38,2513,1,75,11,75,1.05,75
2026-01-15T09:41:53.967Z,46.9548978,10.9718483,88.5,2502.9,33.7,2512.4,1,98,11,98,0.68,98
2026-01-15T09:41:54.067Z,46.9549143,10.9718644,88.5,2502.3,37,2512.2,1,92,11,92,0.67,92
2026-01-15T09:41:54.167Z,46.9549379,10.9718905,88.4,2502.5,17.5,2511.7,1,63,12,63,0.98,63
2026-01-15T09:41:54.267Z,46.9549591,10.9719003,88.4,2501.7,33.9,2511.7,1,76,10,76,1.15,76
2026-01-15T09:41:54.367Z,46.9549775,10.9719184,88.3,2502.7,28.9,2511,1,44,9,44,0.68,44
2026-01-15T09:41:54.467Z,46.9549884,10.9719272,88.3,2500.7,33,2510.8,1,83,8,83,0.88,83
2026-01-15T09:41:54.567Z,46.9550126,10.9719502,88.2,2501.6,17.2,2510.1,1,40,12,40,0.98,40
2026-01-15T09:41:54.667Z,46.9550425,10.9719638,88.2,2499.6,11.7,2509.6,1,53,9,53,0.67,53
2026-01-15T09:41:54.767Z,46.9550603,10.9719692,88.1,2500.8,352.9,2509.6,1,23,11,23,0.82,23
2026-01-15T09:41:54.867Z,46.9550822,10.9719652,88.1,2499.7,18.7,2509,1,66,8,66,0.68,66
2026-01-15T09:41:54.967Z,46.9551074,10.9719777,88,2500.7,73.7,2508.3,1,53,9,53,0.8,53
2026-01-15T09:41:55.067Z,46.9551154,10.9720177,88,2498.9,2.6,2507.8,1,94,12,94,0.78,94
2026-01-15T09:41:55.167Z,46.9551422,10.9720195,88,2498.1,1.1,2507.8,1,56,12,56,0.62,56
2026-01-15T09:41:55.267Z,46.9551528,10.9720198,87.9,2499.2,15,2507.3,1,40,13,40,0.72,40
2026-01-15T09:41:55.367Z,46.9551855,10.9720326,87.9,2497.1,36.9,2506.7,1,38,9,38,0.95,38
2026-01-15T09:41:55.467Z,46.9552023,10.9720511,87.8,2498.2,52.5,2506.5,1,34,9,34,1.01,34
2026-01-15T09:41:55.567Z,46.9552135,10.9720725,87.8,2497.2,16.1,2505.9,1,69,11,69,0.71,69
2026-01-15T09:41:55.667Z,46.9552456,10.9720861,87.7,2495.6,55.6,2505.7,1,84,10,84,1.19,84
2026-01-15T09:41:55.767Z,46.9552603,10.9721176,87.7,2496.4,350.3,2504.9,1,61,10,61,0.72,61
2026-01-15T09:41:55.867Z,46.9552762,10.9721136,87.6,2494.6,70.7,2504.5,1,77,13,77,0.93,77
2026-01-15T09:41:55.967Z,46.9552839,10.9721459,87.6,2496.1,11.9,2504.5,1,81,11,81,0.67,81
2026-01-15T09:41:56.067Z,46.9553069,10.972153,87.5,2494.7,9.2,2503.7,1,67,13,67,0.96,67
2026-01-15T09:41:56.167Z,46.9553325,10.9721591,87.5,2493.6,44.2,2503.8,1,34,10,34,0.65,34
2026-01-15T09:41:56.267Z,46.9553601,10.9721984,87.4,2494.4,69.9,2502.9,1,37,10,37,0.68,37
2026-01-15T09:41:56.367Z,46.9553635,10.972212,87.4,2494.8,359.3,2502.7,1,84,13,84,0.82,84
2026-01-15T09:41:56.467Z,46.9553986,10.9722114,87.3,2494.4,56.8,2502.3,1,40,8,40,0.64,40
2026-01-15T09:41:56.567Z,46.9554101,10.9722371,87.3,2493.5,9.6,2501.9,1,93,11,93,0.83,93
2026-01-15T09:41:56.667Z,46.9554286,10.9722417,87.2,2493,31.9,2501.3,1,52,10,52,1.06,52
2026-01-15T09:41:56.767Z,46.9554459,10.9722575,87.2,2493,43,2501,1,45,8,45,0.79,45
2026-01-15T09:41:56.867Z,46.9554579,10.9722739,87.1,2491.5,40.9,2500.6,1,38,11,38,0.69,38
2026-01-15T09:41:56.967Z,46.9554824,10.972305,87.1,2490.8,36.9,2500.5,1,47,13,47,0.88,47
2026-01-15T09:41:57.067Z,46.9555017,10.9723262,87,2490.6,63.7,2499.8,1,72,10,72,0.76,72
2026-01-15T09:41:57.167Z,46.9555113,10.9723547,87,2491.1,349.9,2499.5,1,91,12,91,0.7,91
2026-01-15T09:41:57.267Z,46.9555278,10.9723504,86.9,2489,56.6,2498.8,1,88,8,88,0.92,88
2026-01-15T09:41:57.367Z,46.955541,10.9723797,86.9,2488.4,49.8,2498.9,1,80,8,80,0.75,80
2026-01-15T09:41:57.467Z,46.9555573,10.972408,86.8,2489.2,28.8,2498.3,1,89,13,89,0.91,89
2026-01-15T09:41:57.567Z,46.9555883,10.972433,86.8,2487.8,97,2497.6,1,98,13,98,1.11,98
2026-01-15T09:41:57.667Z,46.9555867,10.9724521,86.7,2487.4,43,2497.7,1,62,11,62,0.68,62
2026-01-15T09:41:57.767Z,46.9556074,10.9724804,86.7,2487.7,45.6,2497.2,1,27,11,27,0.83,27
2026-01-15T09:41:57.867Z,46.9556169,10.9724946,86.6,2487.3,34.3,2496.7,1,54,11,54,0.69,54
2026-01-15T09:41:57.967Z,46.9556325,10.9725102,86.6,2486.4,57.5,2496.3,1,66,11,66,0.87,66
2026-01-15T09:41:58.067Z,46.9556541,10.9725598,86.5,2486,354.4,2495.5,1,40,9,40,1.08,40
2026-01-15T09:41:58.167Z,46.9556701,10.9725575,86.5,2486.4,60,2495.1,1,43,13,43,1.07,43
2026-01-15T09:41:58.267Z,46.9556793,10.9725808,86.4,2486.1,80.4,2494.9,1,31,8,31,0.74,31
2026-01-15T09:41:58.367Z,46.9556834,10.9726165,86.4,2485.6,33.8,2494.7,1,96,13,96,1.01,96
2026-01-15T09:41:58.467Z,46.9557095,10.9726421,86.3,2486.4,88,2493.9,1,77,10,77,0.9,77
2026-01-15T09:41:58.567Z,46.9557102,10.9726717,86.3,2484.9,39.1,2493.9,1,77,9,77,0.63,77
2026-01-15T09:41:58.667Z,46.9557243,10.9726885,86.2,2483.4,55.5,2493.1,1,58,13,58,0.99,58
2026-01-15T09:41:58.767Z,46.9557402,10.9727224,86.2,2484.7,34.4,2492.8,1,32,8,32,0.7,32
2026-01-15T09:41:58.867Z,46.9557671,10.9727494,86.2,2482.4,69.6,2492.7,1,68,8,68,0.89,68
2026-01-15T09:41:58.967Z,46.9557734,10.9727742,86.1,2483.7,37.7,2492.2,1,68,11,68,0.64,68
2026-01-15T09:41:59.067Z,46.9557958,10.9727996,86.1,2483.3,35.8,2491.8,1,24,9,24,0.96,24
2026-01-15T09:41:59.167Z,46.9558049,10.9728092,86,2483.1,88.5,2491.1,1,71,11,71,0.84,71
2026-01-15T09:41:59.267Z,46.9558056,10.9728483,86,2481.4,359.3,2491,1,51,9,51,0.6,51
2026-01-15T09:41:59.367Z,46.9558388,10.9728477,85.9,2482.1,56.6,2490.8,1,37,8,37,1.01,37
2026-01-15T09:41:59.467Z,46.9558515,10.9728759,85.9,2479.9,88.8,2490.2,1,66,13,66,1.13,66
2026-01-15T09:41:59.567Z,46.955852,10.9729111,85.8,2480.8,50.4,2489.9,1,77,10,77,0.78,77
2026-01-15T09:41:59.667Z,46.9558688,10.9729409,85.8,2480.6,29.6,2489.6,1,25,9,25,1.13,25
2026-01-15T09:41:59.767Z,46.9558909,10.9729593,85.7,2479.4,90.9,2488.8,1,86,13,86,0.65,86
2026-01-15T09:41:59.867Z,46.9558908,10.972969,85.7,2479.1,46.3,2488.3,1,40,13,40,0.75,40
2026-01-15T09:41:59.967Z,46.9559192,10.9730126,85.6,2478.8,63.6,2488,1,78,8,78,0.72,78
2026-01-15T09:42:00.067Z,46.9559304,10.9730457,85.6,2479.8,76.9,2487.9,1,88,9,88,0.87,88
2026-01-15T09:42:00.167Z,46.9559314,10.973052,85.5,2477.5,62.2,2487.3,1,51,13,51,0.88,51
2026-01-15T09:42:00.267Z,46.9559459,10.9730923,85.5,2476.8,352.7,2486.8,1,42,10,42,1.18,42
2026-01-15T09:42:00.367Z,46.9559555,10.9730905,85.4,2478.5,59.4,2486.4,1,82,13,82,1.04,82
2026-01-15T09:42:00.467Z,46.9559732,10.9731343,85.4,2475.9,40,2485.9,1,53,9,53,1.08,53
2026-01-15T09:42:00.567Z,46.9559853,10.9731492,85.3,2476.7,36,2485.6,1,54,8,54,1.19,54
2026-01-15T09:42:00.667Z,46.9560052,10.9731704,85.3,2475.8,52.8,2485.5,1,61,11,61,0.8,61
2026-01-15T09:42:00.767Z,46.9560157,10.9731907,85.2,2476.2,62.3,2484.9,1,32,9,32,0.93,32
2026-01-15T09:42:00.867Z,46.9560293,10.9732287,85.2,2474.4,52.7,2484.6,1,91,11,91,0.7,91
2026-01-15T09:42:00.967Z,46.9560423,10.9732537,85.1,2474.7,10.4,2484.4,1,27,9,27,0.74,27
2026-01-15T09:42:01.067Z,46.9560642,10.9732596,85.1,2475.9,79.9,2483.5,1,63,13,63,1.18,63
2026-01-15T09:42:01.167Z,46.9560688,10.9732975,85.1,2474.8,52.1,2483.6,1,39,8,39,0.89,39
2026-01-15T09:42:01.267Z,46.956081,10.9733205,85,2474.6,24.6,2482.9,1,41,9,41,0.63,41
2026-01-15T09:42:01.367Z,46.9561084,10.9733389,85,2473.7,77.6,2482.6,1,69,11,69,0.65,69
2026-01-15T09:42:01.467Z,46.9561117,10.9733608,84.9,2473.9,51.3,2482.1,1,33,8,33,1.04,33
2026-01-15T09:42:01.567Z,46.9561352,10.9734038,84.9,2473.9,101.8,2482,1,32,11,32,0.73,32
2026-01-15T09:42:01.667Z,46.956135,10.9734052,84.8,2471.3,48.1,2481.3,1,68,9,68,0.71,68
2026-01-15T09:42:01.767Z,46.9561505,10.9734305,84.8,2471.9,40.7,2480.6,1,83,13,83,0.83,83
2026-01-15T09:42:01.867Z,46.9561685,10.9734532,84.7,2470.8,17.4,2480.4,1,65,13,65,0.88,65
2026-01-15T09:42:01.967Z,46.9561922,10.9734641,84.7,2470.1,50.9,2480.1,1,40,11,40,0.99,40
2026-01-15T09:42:02.067Z,46.9562058,10.9734886,84.6,2470.8,48.6,2480,1,65,9,65,1.13,65
2026-01-15T09:42:02.167Z,46.9562149,10.9735037,84.6,2471.3,39.1,2479.4,1,81,8,81,0.84,81
2026-01-15T09:42:02.267Z,46.9562424,10.9735365,84.5,2468.7,53.2,2478.7,1,23,9,23,0.63,23
2026-01-15T09:42:02.367Z,46.95626,10.973571,84.5,2469.8,84.2,2478.6,1,31,10,31,0.82,31
2026-01-15T09:42:02.467Z,46.9562611,10.973587,84.4,2469,24.7,2478.1,1,84,9,84,0.8,84
2026-01-15T09:42:02.567Z,46.9562878,10.973605,84.4,2469.7,55.7,2477.6,1,53,13,53,0.93,53
2026-01-15T09:42:02.667Z,46.9562998,10.9736308,84.4,2467.5,37.4,2477.4,1,80,8,80,0.77,80
2026-01-15T09:42:02.767Z,46.9563201,10.9736535,84.3,2467.7,354.7,2477.2,1,76,9,76,1.05,76
2026-01-15T09:42:02.867Z,46.9563364,10.9736513,84.3,2468.3,53.2,2476.5,1,76,13,76,1.07,76
2026-01-15T09:42:02.967Z,46.9563573,10.9736923,84.2,2466.4,126.9,2476.4,1,22,11,22,0.81,22
2026-01-15T09:42:03.067Z,46.9563552,10.9736964,84.2,2466.9,18.8,2475.6,1,23,10,23,1.11,23
2026-01-15T09:42:03.167Z,46.9563748,10.9737062,84.1,2466.9,66.7,2475.6,1,95,9,95,0.62,95
2026-01-15T09:42:03.267Z,46.9563859,10.9737439,84.1,2466.1,18.5,2474.9,1,34,11,34,1.04,34
2026-01-15T09:42:03.367Z,46.9564124,10.9737569,84,2465.7,62,2474.3,1,71,9,71,0.72,71
2026-01-15T09:42:03.467Z,46.9564241,10.9737892,84,2466.3,26.2,2474,1,63,10,63,0.94,63
2026-01-15T09:42:03.567Z,46.9564431,10.9738029,83.9,2464.9,46.9,2473.9,1,83,9,83,0.68,83
2026-01-15T09:42:03.667Z,46.9564597,10.9738289,83.9,2464.2,42.6,2473.3,1,32,8,32,0.9,32
2026-01-15T09:42:03.767Z,46.9564776,10.973853,83.9,2464.9,20.8,2472.8,1,95,10,95,0.65,95
2026-01-15T09:42:03.867Z,46.9564918,10.9738609,83.8,2464.6,64.6,2472.4,1,71,11,71,0.93,71
2026-01-15T09:42:03.967Z,46.9565032,10.973896,83.8,2464.4,39.6,2472.4,1,41,12,41,0.93,41
2026-01-15T09:42:04.067Z,46.9565225,10.9739194,83.7,2462.7,344.8,2472.1,1,42,11,42,0.99,42
2026-01-15T09:42:04.167Z,46.9565353,10.9739143,83.7,2463.5,60.8,2471.3,1,72,13,72,0.96,72
2026-01-15T09:42:04.267Z,46.9565438,10.9739366,83.6,2461,38.9,2471.2,1,37,12,37,1.06,37
2026-01-15T09:42:04.367Z,46.956564,10.9739605,83.6,2462,74.7,2470.8,1,60,12,60,0.72,60
2026-01-15T09:42:04.467Z,46.9565703,10.9739942,83.5,2462.1,58.3,2470.4,1,37,10,37,0.9,37
2026-01-15T09:42:04.567Z,46.9565807,10.9740189,83.5,2459.9,51.3,2469.8,1,92,13,92,0.66,92
2026-01-15T09:42:04.667Z,46.9565893,10.9740346,83.4,2459.7,44.8,2469.8,1,67,9,67,0.96,67
2026-01-15T09:42:04.767Z,46.9566129,10.9740689,83.4,2460.8,109.5,2469.2,1,46,8,46,0.65,46
2026-01-15T09:42:04.867Z,46.9566044,10.974104,83.4,2460.5,53,2468.5,1,77,8,77,0.9,77
2026-01-15T09:42:04.967Z,46.9566191,10.9741326,83.3,2458.2,45.6,2468.2,1,85,8,85,0.76,85
2026-01-15T09:42:05.067Z,46.956631,10.9741504,83.3,2459.5,93,2468.1,1,37,10,37,1.04,37
2026-01-15T09:42:05.167Z,46.9566294,10.9741949,83.2,2459.6,42.1,2467.7,1,98,9,98,1.14,98
2026-01-15T09:42:05.267Z,46.9566477,10.9742191,83.2,2458.3,77.3,2467,1,60,11,60,0.83,60
2026-01-15T09:42:05.367Z,46.9566527,10.9742516,83.1,2457.2,54.1,2466.9,1,79,9,79,0.73,79
2026-01-15T09:42:05.467Z,46.9566639,10.9742743,83.1,2456.8,52.2,2466.6,1,39,12,39,0.64,39
2026-01-15T09:42:05.567Z,46.9566787,10.9743023,83,2456.2,84.5,2466.1,1,72,12,72,1.2,72
2026-01-15T09:42:05.667Z,46.9566811,10.9743389,83,2457.4,54.4,2465.6,1,77,9,77,0.61,77
2026-01-15T09:42:05.767Z,46.9566852,10.9743473,83,2455.1,54.7,2465,1,91,12,91,1.02,91
2026-01-15T09:42:05.867Z,46.9566986,10.974375,82.9,2455,66.2,2464.8,1,31,13,31,0.89,31
2026-01-15T09:42:05.967Z,46.9567075,10.9744045,82.9,2455.5,82.7,2464.2,1,64,13,64,0.71,64
2026-01-15T09:42:06.067Z,46.9567096,10.9744285,82.8,2454.8,95.5,2464.2,1,92,9,92,0.91,92
2026-01-15T09:42:06.167Z,46.9567079,10.9744543,82.8,2455.2,77.5,2463.8,1,41,13,41,1.05,41
2026-01-15T09:42:06.267Z,46.9567157,10.9745058,82.7,2453.8,60.6,2463.6,1,63,8,63,1.08,63
2026-01-15T09:42:06.367Z,46.9567259,10.9745323,82.7,2455.1,45.2,2462.9,1,47,10,47,0.81,47
2026-01-15T09:42:06.467Z,46.956739,10.9745516,82.7,2453.6,59,2462.2,1,46,8,46,0.73,46
2026-01-15T09:42:06.567Z,46.9567504,10.9745794,82.6,2452.7,70.1,2462.2,1,86,8,86,1.1,86
2026-01-15T09:42:06.667Z,46.9567584,10.9746118,82.6,2453.5,70.7,2461.7,1,55,8,55,0.65,55
2026-01-15T09:42:06.767Z,46.956767,10.9746478,82.5,2451.2,77.1,2461.3,1,97,12,97,0.67,97
2026-01-15T09:42:06.867Z,46.9567715,10.9746765,82.5,2451.9,70.1,2460.8,1,93,13,93,0.97,93
2026-01-15T09:42:06.967Z,46.956777,10.9746988,82.4,2452.1,44.1,2460.4,1,34,8,34,0.81,34
2026-01-15T09:42:07.067Z,46.9567889,10.9747157,82.4,2451.7,74.1,2460.1,1,23,13,23,0.94,23
2026-01-15T09:42:07.167Z,46.9567926,10.9747347,82.4,2449.6,81.4,2459.7,1,49,8,49,0.78,49
2026-01-15T09:42:07.267Z,46.9567956,10.9747636,82.3,2450.5,72,2459.5,1,60,9,60,1.04,60
2026-01-15T09:42:07.367Z,46.9568056,10.9748086,82.3,2449.3,85.2,2459.1,1,30,8,30,1.07,30
2026-01-15T09:42:07.467Z,46.9568075,10.9748416,82.2,2450.4,29.6,2458.9,1,49,9,49,0.97,49
2026-01-15T09:42:07.567Z,46.9568312,10.9748613,82.2,2449.1,70.8,2458.4,1,89,13,89,1.19,89
2026-01-15T09:42:07.667Z,46.9568373,10.9748869,82.2,2449.3,57.2,2457.7,1,42,9,42,1.02,42
2026-01-15T09:42:07.767Z,46.95685,10.9749158,82.1,2447.8,73.6,2457.2,1,97,8,97,1.07,97
2026-01-15T09:42:07.867Z,46.9568547,10.9749392,82.1,2447.8,99.1,2456.9,1,85,8,85,0.77,85
2026-01-15T09:42:07.967Z,46.9568503,10.9749793,82,2447.1,52.1,2456.5,1,98,8,98,0.6,98
2026-01-15T09:42:08.067Z,46.9568636,10.9750043,82,2447,69.6,2456.3,1,70,10,70,1.19,70
2026-01-15T09:42:08.167Z,46.9568712,10.9750343,82,2447.9,104.8,2455.8,1,93,8,93,0.97,93
2026-01-15T09:42:08.267Z,46.9568697,10.9750426,81.9,2446.2,64.1,2455.6,1,36,10,36,1.1,36
2026-01-15T09:42:08.367Z,46.9568862,10.9750923,81.9,2447.1,81,2455.2,1,28,12,28,1.16,28
2026-01-15T09:42:08.467Z,46.9568897,10.9751245,81.8,2446.3,24.7,2454.5,1,29,11,29,0.6,29
2026-01-15T09:42:08.567Z,46.9569088,10.9751374,81.8,2444.4,78.7,2454.3,1,41,10,41,1.19,41
2026-01-15T09:42:08.667Z,46.9569137,10.9751733,81.8,2445.9,21.5,2453.9,1,57,12,57,1.19,57
2026-01-15T09:42:08.767Z,46.9569246,10.9751796,81.7,2445.6,95.7,2453.5,1,91,9,91,0.82,91
2026-01-15T09:42:08.867Z,46.9569226,10.9752087,81.7,2445.2,62,2453.3,1,92,13,92,0.93,92
2026-01-15T09:42:08.967Z,46.956938,10.9752511,81.6,2444.7,63.1,2452.7,1,61,12,61,1.19,61
2026-01-15T09:42:09.067Z,46.9569462,10.9752748,81.6,2444.3,119.9,2452.4,1,82,9,82,1.2,82
2026-01-15T09:42:09.167Z,46.9569389,10.9752934,81.6,2442.4,70,2452,1,86,9,86,0.77,86
2026-01-15T09:42:09.267Z,46.9569491,10.9753344,81.5,2443,30.4,2451.5,1,22,13,22,1.1,22
2026-01-15T09:42:09.367Z,46.9569654,10.9753484,81.5,2442.6,82.7,2451.5,1,85,12,85,0.6,85
2026-01-15T09:42:09.467Z,46.9569698,10.9753984,81.4,2441.6,46.3,2450.9,1,99,12,99,1.19,99
2026-01-15T09:42:09.567Z,46.9569839,10.97542,81.4,2442.7,52,2450.4,1,66,8,66,0.72,66
2026-01-15T09:42:09.667Z,46.9569903,10.975432,81.4,2441.5,82.4,2450.1,1,20,11,20,1.08,20
2026-01-15T09:42:09.767Z,46.9569928,10.9754595,81.3,2440.3,72.3,2449.7,1,69,10,69,0.79,69
2026-01-15T09:42:09.867Z,46.9570006,10.9754954,81.3,2439.6,50.7,2449.6,1,41,8,41,1.04,41
2026-01-15T09:42:09.967Z,46.9570143,10.9755199,81.2,2440.3,74.7,2448.9,1,25,8,25,0.94,25
2026-01-15T09:42:10.067Z,46.9570217,10.9755596,81.2,2440,43.2,2448.4,1,81,9,81,0.65,81
2026-01-15T09:42:10.167Z,46.9570289,10.9755695,81.2,2440.1,67.6,2448.6,1,53,10,53,1.01,53
2026-01-15T09:42:10.267Z,46.9570424,10.9756175,81.1,2440,60,2448,1,50,13,50,0.7,50
2026-01-15T09:42:10.367Z,46.9570493,10.975635,81.1,2438.6,82.9,2447.8,1,40,8,40,0.83,40
2026-01-15T09:42:10.467Z,46.957051,10.9756551,81.1,2438.6,100.1,2447.1,1,46,13,46,1.18,46
2026-01-15T09:42:10.567Z,46.9570463,10.9756939,81,2437.2,61.5,2446.6,1,54,12,54,0.9,54
2026-01-15T09:42:10.667Z,46.9570608,10.9757331,81,2437.2,104,2446.4,1,95,10,95,0.72,95
2026-01-15T09:42:10.767Z,46.9570593,10.9757419,80.9,2438.2,83.4,2446.3,1,46,11,46,0.68,46
2026-01-15T09:42:10.867Z,46.9570628,10.9757865,80.9,2436.7,25.3,2445.5,1,78,10,78,1.16,78
2026-01-15T09:42:10.967Z,46.9570735,10.9757939,80.9,2437.5,91.4,2445.2,1,81,12,81,0.66,81
2026-01-15T09:42:11.067Z,46.9570727,10.9758418,80.8,2434.9,46.5,2444.8,1,57,10,57,1.04,57
2026-01-15T09:42:11.167Z,46.957087,10.9758639,80.8,2436.5,81.2,2444.5,1,70,11,70,0.81,70
2026-01-15T09:42:11.267Z,46.9570914,10.9759056,80.8,2434.1,126.6,2443.9,1,97,8,97,0.72,97
2026-01-15T09:42:11.367Z,46.9570798,10.9759285,80.7,2433.7,57.2,2443.8,1,68,11,68,1.08,68
2026-01-15T09:42:11.467Z,46.9570925,10.9759574,80.7,2434.9,90.9,2443.5,1,22,11,22,0.95,22
2026-01-15T09:42:11.567Z,46.9570922,10.975984,80.6,2434.1,81.2,2442.9,1,74,8,74,0.93,74
2026-01-15T09:42:11.667Z,46.9570962,10.9760218,80.6,2433.6,33,2442.6,1,63,9,63,1.18,63
2026-01-15T09:42:11.767Z,46.9571089,10.9760339,80.6,2432.7,76,2442.1,1,71,13,71,1.18,71
2026-01-15T09:42:11.867Z,46.9571165,10.9760787,80.5,2433.9,74.8,2441.9,1,30,10,30,0.64,30
2026-01-15T09:42:11.967Z,46.9571221,10.9761088,80.5,2432.4,99,2441.3,1,75,11,75,0.95,75
2026-01-15T09:42:12.067Z,46.9571191,10.9761364,80.5,2432.4,30.2,2440.8,1,43,11,43,1.19,43
2026-01-15T09:42:12.167Z,46.9571245,10.976141,80.4,2432.7,72.1,2440.9,1,71,9,71,0.97,71
2026-01-15T09:42:12.267Z,46.9571315,10.9761727,80.4,2431.6,103.9,2440.5,1,86,10,86,0.61,86
2026-01-15T09:42:12.367Z,46.9571232,10.9762219,80.4,2430.1,59.1,2440.2,1,32,11,32,1.16,32
2026-01-15T09:42:12.467Z,46.9571335,10.9762471,80.3,2431.8,87.8,2439.5,1,60,12,60,0.97,60
2026-01-15T09:42:12.567Z,46.957134,10.976266,80.3,2429.2,83.6,2439.2,1,80,10,80,0.94,80
2026-01-15T09:42:12.667Z,46.9571362,10.9762947,80.3,2428.9,115.5,2439.1,1,77,8,77,1.04,77
2026-01-15T09:42:12.767Z,46.9571251,10.9763288,80.2,2428.3,73.7,2438.6,1,99,8,99,0.73,99
2026-01-15T09:42:12.867Z,46.9571291,10.9763488,80.2,2428.7,73,2438.3,1,96,11,96,0.61,96
2026-01-15T09:42:12.967Z,46.9571354,10.9763789,80.2,2428.1,140.4,2437.6,1,70,10,70,1.01,70
2026-01-15T09:42:13.067Z,46.9571157,10.9764028,80.1,2427.8,102.3,2437.3,1,75,11,75,0.81,75
2026-01-15T09:42:13.167Z,46.9571086,10.9764505,80.1,2428.7,83.4,2437.2,1,35,8,35,0.94,35
2026-01-15T09:42:13.267Z,46.9571109,10.9764795,80.1,2427.9,148.8,2436.3,1,73,9,73,0.7,73
2026-01-15T09:42:13.367Z,46.9570942,10.9764943,80,2428.3,60.3,2436,1,76,9,76,0.62,76
2026-01-15T09:42:13.467Z,46.9571023,10.9765151,80,2426.7,116.3,2435.5,1,46,9,46,0.76,46
2026-01-15T09:42:13.633Z,46.9570852,10.9765659,79.9,2427.3,111.6,2435.1,1,20,9,20,1.07,20
2026-01-15T09:42:13.800Z,46.9570672,10.9766326,79.9,2425.3,146.2,2434.4,1,84,10,84,0.82,84
2026-01-15T09:42:13.967Z,46.9570458,10.9766536,79.8,2426.2,123.3,2434,1,44,10,44,0.64,44
2026-01-15T09:42:14.133Z,46.9570273,10.9766949,79.8,2424,130.9,2433.6,1,47,12,47,1.14,47
2026-01-15T09:42:14.300Z,46.9570114,10.9767218,79.7,2423,138.5,2432.9,1,96,11,96,0.83,96
2026-01-15T09:42:14.467Z,46.9569762,10.9767675,79.7,2422.7,136.5,2432,1,71,11,71,0.95,71
2026-01-15T09:42:14.633Z,46.9569598,10.9767903,79.6,2423.2,138.7,2431.6,1,90,13,90,0.7,90
2026-01-15T09:42:14.800Z,46.9569365,10.9768203,79.6,2422.9,125.7,2430.7,1,57,9,57,0.83,57
2026-01-15T09:42:14.967Z,46.956908,10.9768784,79.5,2420.6,136,2430,1,92,11,92,0.79,92
2026-01-15T09:42:15.133Z,46.9568905,10.9769032,79.4,2421.5,150.6,2429.3,1,97,8,97,0.63,97
2026-01-15T09:42:15.300Z,46.956857,10.9769309,79.4,2420.4,124,2428.8,1,81,12,81,0.84,81
2026-01-15T09:42:15.467Z,46.9568417,10.9769641,79.3,2418.2,143.8,2428.2,1,45,12,45,0.64,45
2026-01-15T09:42:15.633Z,46.9568159,10.9769918,79.3,2419.9,109.4,2427.8,1,53,11,53,0.81,53
2026-01-15T09:42:15.800Z,46.956804,10.9770413,79.2,2417.7,164,2426.9,1,85,12,85,1.03,85
2026-01-15T09:42:15.967Z,46.9567795,10.9770516,79.2,2418.3,132.6,2426.4,1,33,12,33,1.19,33
2026-01-15T09:42:16.133Z,46.9567558,10.9770894,79.2,2416.7,135.9,2425.7,1,50,9,50,0.98,50
2026-01-15T09:42:16.300Z,46.9567187,10.9771421,79.1,2417.1,143.7,2425.4,1,28,8,28,1.07,28
2026-01-15T09:42:16.467Z,46.956702,10.9771601,79.1,2416,121.3,2424.6,1,83,8,83,0.81,83
2026-01-15T09:42:16.633Z,46.9566817,10.9772091,79,2414.2,142.3,2424.1,1,83,12,83,0.91,83
2026-01-15T09:42:16.800Z,46.9566539,10.9772406,79,2413.7,146.1,2423.4,1,76,12,76,1.06,76
2026-01-15T09:42:16.967Z,46.9566349,10.9772593,78.9,2413.4,142.2,2422.7,1,52,10,52,0.88,52
2026-01-15T09:42:17.133Z,46.9566013,10.9772975,78.9,2413.3,135.2,2422.1,1,60,8,60,0.92,60
2026-01-15T09:42:17.300Z,46.9565797,10.9773289,78.8,2412.5,130.9,2421.6,1,76,11,76,0.74,76
2026-01-15T09:42:17.467Z,46.956562,10.9773588,78.8,2411.4,146.1,2420.9,1,78,9,78,0.86,78
2026-01-15T09:42:17.633Z,46.9565271,10.9773932,78.7,2410.2,73.9,2420.4,1,31,8,31,0.74,31
2026-01-15T09:42:17.800Z,46.9565303,10.9774094,78.7,2408.7,359,2418.5,1,29,11,29,1.17,29
2026-01-15T09:42:17.967Z,46.9565665,10.9774085,78.6,2407.5,343.2,2416.1,1,39,12,39,0.71,39
2026-01-15T09:42:18.133Z,46.9565991,10.9773941,78.6,2403.7,334.9,2413.7,1,47,8,47,0.66,47
2026-01-15T09:42:18.300Z,46.9566284,10.977374,78.6,2401.5,343.9,2411.1,1,62,11,62,1.09,62
2026-01-15T09:42:18.467Z,46.9566678,10.9773573,78.5,2399.9,2.6,2408.2,1,81,11,81,1.19,81
2026-01-15T09:42:18.633Z,46.9566891,10.9773587,78.5,2397.4,353.3,2405.3,1,81,8,81,0.98,81
2026-01-15T09:42:18.800Z,46.9567359,10.9773507,78.4,2394.5,312.5,2402.7,1,40,13,40,1.17,40
2026-01-15T09:42:18.967Z,46.9567488,10.9773301,78.4,2391.9,346,2400.1,1,29,11,29,1.03,29
2026-01-15T09:42:19.133Z,46.956796,10.9773128,78.4,2389.2,0,2397.6,1,52,13,52,0.63,52
2026-01-15T09:42:19.300Z,46.956821,10.9773128,78.3,2386.3,63.6,2394.8,1,60,10,60,0.84,60
2026-01-15T09:42:19.467Z,46.956832,10.9773453,78.3,2383.7,137.2,2393.3,1,37,11,37,0.71,37
2026-01-15T09:42:19.633Z,46.9568118,10.9773727,78.2,2382.8,102.5,2393.2,1,71,11,71,0.72,71
2026-01-15T09:42:19.800Z,46.9568036,10.9774271,78.2,2384.2,149.8,2392,1,97,13,97,0.68,97
2026-01-15T09:42:19.967Z,46.9567771,10.9774497,78.2,2383.1,140.8,2391.6,1,71,8,71,1.15,71
2026-01-15T09:42:20.133Z,46.9567467,10.977486,78.1,2380.9,120.5,2391.2,1,52,13,52,1.19,52
2026-01-15T09:42:20.300Z,46.9567278,10.9775331,78.1,2381.7,94.9,2390.3,1,88,8,88,0.86,88
2026-01-15T09:42:20.467Z,46.9567254,10.9775743,78.1,2381.9,126.6,2390,1,32,11,32,1.01,32
2026-01-15T09:42:20.633Z,46.9567018,10.9776208,78,2381.2,159.6,2389.2,1,72,10,72,0.94,72
2026-01-15T09:42:20.800Z,46.9566791,10.9776332,78,2380.6,118.5,2388.2,1,95,13,95,0.91,95
2026-01-15T09:42:20.967Z,46.9566592,10.977687,77.9,2378.8,133.4,2388,1,33,12,33,1.05,33
2026-01-15T09:42:21.133Z,46.9566346,10.9777251,77.9,2377.8,114.8,2387.3,1,96,12,96,0.95,96
2026-01-15T09:42:21.300Z,46.9566218,10.9777656,77.9,2377,147.3,2386.5,1,76,10,76,0.81,76
2026-01-15T09:42:21.467Z,46.9565964,10.9777895,77.8,2375.6,109.5,2385.6,1,33,8,33,0.82,33
2026-01-15T09:42:21.633Z,46.9565849,10.9778372,77.8,2376.6,143.9,2385.4,1,28,9,28,0.74,28
2026-01-15T09:42:21.800Z,46.9565633,10.9778603,77.8,2376.3,135.2,2384.4,1,90,10,90,0.79,90
2026-01-15T09:42:21.967Z,46.9565317,10.9779062,77.7,2373.7,101.3,2383.8,1,61,12,61,1.04,61
2026-01-15T09:42:22.133Z,46.9565241,10.9779618,77.7,2373.5,167.8,2383.3,1,29,9,29,0.68,29
2026-01-15T09:42:22.300Z,46.9564896,10.9779727,77.7,2373.4,120.1,2382.7,1,62,12,62,0.78,62
2026-01-15T09:42:22.467Z,46.9564754,10.9780086,77.7,2373.4,111,2382.1,1,58,13,58,1.17,58
2026-01-15T09:42:22.633Z,46.9564656,10.978046,77.6,2372.1,119.9,2381.6,1,62,9,62,1.13,62
2026-01-15T09:42:22.800Z,46.9564428,10.9781042,77.6,2372.3,159,2380.4,1,43,10,43,1.16,43
2026-01-15T09:42:22.967Z,46.956419,10.9781176,77.6,2371.8,114.4,2379.8,1,61,9,61,1.19,61
2026-01-15T09:42:23.133Z,46.9564047,10.9781638,77.5,2370.2,143.6,2379.5,1,74,8,74,0.66,74
2026-01-15T09:42:23.300Z,46.9563669,10.9782047,77.5,2369.4,131.3,2378.9,1,91,13,91,0.61,91
2026-01-15T09:42:23.467Z,46.956346,10.9782395,77.5,2370.4,127.1,2377.9,1,76,8,76,0.92,76
2026-01-15T09:42:23.633Z,46.956326,10.9782782,77.5,2369.2,122.2,2377.4,1,44,12,44,1.11,44
2026-01-15T09:42:23.800Z,46.9563107,10.9783138,77.4,2367.2,141.7,2376.6,1,31,12,31,0.61,31
2026-01-15T09:42:23.967Z,46.9562921,10.9783353,77.4,2367.6,126.2,2376.1,1,98,9,98,1.12,98
2026-01-15T09:42:24.133Z,46.9562681,10.9783833,77.4,2366.5,127.5,2375.4,1,69,12,69,0.85,69
2026-01-15T09:42:24.300Z,46.9562447,10.9784279,77.4,2365.4,107.2,2374.9,1,65,10,65,0.89,65
2026-01-15T09:42:24.467Z,46.9562359,10.9784696,77.3,2365.7,134.7,2374,1,32,11,32,0.81,32
2026-01-15T09:42:24.633Z,46.9562144,10.9785014,77.3,2364.4,142.9,2373.4,1,35,10,35,0.91,35
2026-01-15T09:42:24.800Z,46.9561919,10.9785263,77.3,2363.1,133.5,2373.3,1,29,13,29,0.64,29
2026-01-15T09:42:24.967Z,46.956162,10.9785724,77.3,2363.8,95.8,2372.4,1,69,8,69,1.01,69
2026-01-15T09:42:25.133Z,46.9561595,10.9786085,77.2,2362,144.2,2371.7,1,66,13,66,1.06,66
2026-01-15T09:42:25.300Z,46.956132,10.9786376,77.2,2362.8,131.2,2370.8,1,59,8,59,0.95,59
2026-01-15T09:42:25.467Z,46.9561095,10.9786753,77.2,2360.6,116.6,2370.6,1,45,10,45,0.94,45
2026-01-15T09:42:25.633Z,46.9560984,10.9787078,77.2,2361.4,138.7,2369.7,1,66,10,66,0.72,66
2026-01-15T09:42:25.800Z,46.9560738,10.9787395,77.2,2359,129.9,2369,1,73,13,73,0.74,73
2026-01-15T09:42:25.967Z,46.9560431,10.9787933,77.1,2358.6,125.4,2368.5,1,56,8,56,0.76,56
2026-01-15T09:42:26.133Z,46.9560312,10.9788178,77.1,2359.3,120.4,2368,1,75,13,75,0.82,75
2026-01-15T09:42:26.300Z,46.9560101,10.9788704,77.1,2357.6,128.8,2367.1,1,50,13,50,0.76,50
2026-01-15T09:42:26.467Z,46.9559981,10.9788923,77.1,2357.3,117.4,2366.4,1,88,10,88,0.61,88
2026-01-15T09:42:26.633Z,46.9559775,10.9789504,77.1,2356.2,134.8,2366.2,1,89,13,89,1.17,89
2026-01-15T09:42:26.800Z,46.9559578,10.9789795,77.1,2355.8,138.8,2365.3,1,47,8,47,0.78,47
2026-01-15T09:42:26.967Z,46.9559269,10.9790192,77,2356.7,98.4,2364.4,1,80,12,80,0.82,80
2026-01-15T09:42:27.133Z,46.9559231,10.9790571,77,2355.8,150,2363.8,1,29,12,29,0.94,29
2026-01-15T09:42:27.300Z,46.9558888,10.9790861,77,2354.1,98.6,2363.3,1,80,9,80,0.69,80
2026-01-15T09:42:27.467Z,46.9558836,10.9791365,77,2352.5,125.6,2363,1,26,10,26,1.15,26
2026-01-15T09:42:27.633Z,46.9558635,10.9791776,77,2353.4,157.6,2362.1,1,99,8,99,0.7,99
2026-01-15T09:42:27.800Z,46.955835,10.9791948,77,2352.6,109.6,2361.2,1,98,12,98,0.7,98
2026-01-15T09:42:27.967Z,46.9558251,10.9792356,77,2351.5,128.2,2360.7,1,56,12,56,0.8,56
2026-01-15T09:42:28.133Z,46.9557963,10.9792892,76.9,2351.2,142.1,2360,1,29,13,29,1.04,29
2026-01-15T09:42:28.300Z,46.9557734,10.9793153,76.9,2350.1,127.7,2359.8,1,22,12,22,0.99,22
2026-01-15T09:42:28.467Z,46.9557588,10.979343,76.9,2350.7,149.5,2358.8,1,25,10,25,0.98,25
2026-01-15T09:42:28.633Z,46.9557319,10.9793662,76.9,2349.1,125.5,2358.3,1,48,11,48,0.78,48
2026-01-15T09:42:28.800Z,46.9557045,10.9794224,76.9,2348.4,127.5,2357.9,1,23,8,23,0.99,23
2026-01-15T09:42:28.967Z,46.9556909,10.9794484,76.9,2347.3,146.8,2357.2,1,97,9,97,0.94,97
2026-01-15T09:42:29.133Z,46.9556675,10.9794708,76.9,2348.5,111.9,2356.6,1,30,12,30,1.13,30
2026-01-15T09:42:29.300Z,46.9556534,10.9795221,76.9,2347.3,143.7,2355.7,1,27,12,27,0.96,27
2026-01-15T09:42:29.467Z,46.9556299,10.9795474,76.9,2345.7,109.2,2355.3,1,35,11,35,1,35
2026-01-15T09:42:29.633Z,46.9556169,10.9796021,76.9,2345.9,113.9,2354.4,1,21,11,21,0.89,21
2026-01-15T09:42:29.800Z,46.9556058,10.9796388,76.8,2344.6,146,2353.8,1,46,13,46,1.16,46
2026-01-15T09:42:29.967Z,46.9555695,10.9796747,76.8,2344.1,96.6,2353.3,1,50,8,50,1.15,50
2026-01-15T09:42:30.133Z,46.9555669,10.9797078,76.8,2343.8,142.7,2352.8,1,30,11,30,0.86,30
2026-01-15T09:42:30.300Z,46.9555352,10.9797432,76.8,2343.5,101.9,2352,1,54,11,54,0.97,54
2026-01-15T09:42:30.467Z,46.9555269,10.9798008,76.8,2342.4,137,2351.2,1,35,11,35,0.83,35
2026-01-15T09:42:30.633Z,46.9555125,10.9798205,76.8,2341.1,134.1,2350.5,1,71,9,71,1.07,71
2026-01-15T09:42:30.800Z,46.9554768,10.9798745,76.8,2341,112.5,2349.9,1,40,9,40,1.14,40
2026-01-15T09:42:30.967Z,46.9554641,10.9799194,76.8,2340.1,132.8,2349.6,1,41,12,41,0.89,41
2026-01-15T09:42:31.133Z,46.9554459,10.9799482,76.8,2340.5,147.4,2348.6,1,47,11,47,0.61,47
2026-01-15T09:42:31.300Z,46.9554234,10.9799693,76.8,2339.8,92.6,2348,1,41,10,41,1.03,41
2026-01-15T09:42:31.467Z,46.9554219,10.9800172,76.8,2338.3,125.9,2347.5,1,95,8,95,0.64,95
2026-01-15T09:42:31.633Z,46.955398,10.9800656,76.8,2337,124.5,2347,1,99,12,99,0.87,99
2026-01-15T09:42:31.800Z,46.9553785,10.9801072,76.8,2336.9,159.6,2346,1,94,11,94,0.68,94
2026-01-15T09:42:31.967Z,46.9553558,10.9801196,76.8,2337.6,134.3,2345.7,1,60,8,60,0.71,60
2026-01-15T09:42:32.133Z,46.9553324,10.9801547,76.8,2337.2,125.2,2344.7,1,30,11,30,0.89,30
2026-01-15T09:42:32.300Z,46.9553099,10.9802014,76.8,2334.3,151,2344.6,1,41,12,41,0.98,41
2026-01-15T09:42:32.467Z,46.9552831,10.9802232,76.8,2335.6,132.7,2343.9,1,26,8,26,0.99,26
2026-01-15T09:42:32.633Z,46.9552561,10.9802661,76.8,2333.8,151.5,2342.8,1,75,10,75,0.85,75
2026-01-15T09:42:32.800Z,46.9552252,10.9802907,76.8,2334.5,147.9,2342.6,1,52,11,52,0.62,52
2026-01-15T09:42:32.967Z,46.955213,10.9803019,76.8,2332.3,183.2,2341.8,1,56,11,56,0.7,56
2026-01-15T09:42:33.133Z,46.9551672,10.9802981,76.8,2333.2,144.2,2340.9,1,34,9,34,1.19,34
2026-01-15T09:42:33.300Z,46.9551422,10.9803245,76.8,2331.6,180.9,2340.8,1,46,13,46,1,46
2026-01-15T09:42:33.467Z,46.9551091,10.9803237,76.8,2330.3,153.5,2339.8,1,93,10,93,0.71,93
2026-01-15T09:42:33.633Z,46.9550851,10.9803412,76.8,2329.4,168.7,2339,1,63,13,63,1.12,63
2026-01-15T09:42:33.800Z,46.95504,10.9803544,76.8,2330.4,205.9,2338.6,1,85,10,85,0.9,85
2026-01-15T09:42:33.967Z,46.9550141,10.980336,76.8,2328.5,157.8,2337.7,1,81,13,81,1.12,81
2026-01-15T09:42:34.133Z,46.9549813,10.9803556,76.8,2328.9,171.3,2337.4,1,27,8,27,1.05,27
2026-01-15T09:42:34.300Z,46.9549511,10.9803624,76.9,2326.7,184.4,2336.9,1,97,13,97,0.79,97
2026-01-15T09:42:34.467Z,46.9549172,10.9803586,76.9,2325.9,170.7,2336.2,1,54,9,54,1.02,54
2026-01-15T09:42:34.633Z,46.9548807,10.9803674,76.9,2327,181.9,2335.1,1,37,9,37,0.75,37
2026-01-15T09:42:34.800Z,46.9548523,10.980366,76.9,2326.8,181.8,2334.9,1,46,8,46,0.63,46
2026-01-15T09:42:34.967Z,46.9548155,10.9803643,76.9,2325.5,167.9,2334.2,1,75,13,75,0.64,75
2026-01-15T09:42:35.133Z,46.9547843,10.9803741,76.9,2324.9,160.1,2333.3,1,21,10,21,1.15,21
2026-01-15T09:42:35.300Z,46.9547694,10.980382,76.9,2322.8,173.2,2332.8,1,45,10,45,0.85,45
2026-01-15T09:42:35.467Z,46.9547203,10.9803906,76.9,2323.9,172.7,2332.4,1,40,10,40,0.65,40
2026-01-15T09:42:35.633Z,46.9547,10.9803944,76.9,2321.7,178.5,2331.7,1,64,11,64,1.06,64
2026-01-15T09:42:35.800Z,46.9546651,10.9803957,76.9,2322.7,164.9,2330.9,1,95,10,95,0.89,95
2026-01-15T09:42:35.967Z,46.954632,10.9804088,77,2321.2,200.8,2330.3,1,47,9,47,0.88,47
2026-01-15T09:42:36.133Z,46.9545966,10.9803891,77,2320.5,161.7,2329.7,1,26,12,26,0.7,26
2026-01-15T09:42:36.300Z,46.9545688,10.9804026,77,2320.9,180.7,2329.1,1,86,10,86,1.12,86
2026-01-15T09:42:36.467Z,46.9545335,10.980402,77,2319.1,178.5,2328.5,1,65,13,65,0.99,65
2026-01-15T09:42:36.633Z,46.9544961,10.9804034,77,2318,143,2328,1,85,8,85,0.8,85
2026-01-15T09:42:36.800Z,46.9544686,10.9804338,77,2317.4,168.9,2327.2,1,56,12,56,0.82,56
2026-01-15T09:42:36.967Z,46.9544438,10.9804409,77,2316.3,134.1,2326.3,1,21,9,21,0.77,21
2026-01-15T09:42:37.133Z,46.9544214,10.9804748,77.1,2318,145.1,2325.6,1,43,9,43,0.71,43
2026-01-15T09:42:37.300Z,46.9543913,10.9805056,77.1,2316.5,117,2325.2,1,97,8,97,0.64,97
2026-01-15T09:42:37.467Z,46.9543765,10.9805482,77.1,2316.1,147,2324.5,1,79,13,79,1.06,79
2026-01-15T09:42:37.633Z,46.9543522,10.9805713,77.1,2316,131.3,2324,1,32,9,32,0.8,32
2026-01-15T09:42:37.800Z,46.9543318,10.9806053,77.1,2315.5,117.5,2323.1,1,26,13,26,0.97,26
2026-01-15T09:42:37.967Z,46.954315,10.9806525,77.2,2313.8,104.3,2322.9,1,26,12,26,0.97,26
2026-01-15T09:42:38.133Z,46.954307,10.9806985,77.2,2312.8,105.9,2322.2,1,72,13,72,0.64,72
2026-01-15T09:42:38.300Z,46.954302,10.9807242,77.2,2312.1,113.2,2321.5,1,77,10,77,0.63,77
2026-01-15T09:42:38.467Z,46.9542849,10.9807827,77.2,2311.2,120.8,2321,1,35,9,35,1.16,35
2026-01-15T09:42:38.633Z,46.9542679,10.9808245,77.2,2312.3,112,2320.4,1,70,8,70,1.01,70
2026-01-15T09:42:38.800Z,46.9542593,10.9808557,77.3,2311.4,121.7,2319.2,1,31,10,31,1.05,31
2026-01-15T09:42:38.967Z,46.9542401,10.9809013,77.3,2309.2,108.1,2318.7,1,89,10,89,0.66,89
2026-01-15T09:42:39.133Z,46.9542267,10.9809613,77.3,2308.3,86.6,2318.3,1,70,13,70,1.1,70
2026-01-15T09:42:39.300Z,46.9542285,10.9810063,77.3,2309.2,135.3,2317.7,1,43,13,43,1.05,43
2026-01-15T09:42:39.467Z,46.9542017,10.9810451,77.3,2307.9,93.7,2317.1,1,97,9,97,1.05,97
2026-01-15T09:42:39.633Z,46.9541998,10.9810879,77.4,2307.4,106.9,2316.4,1,65,10,65,1.08,65
2026-01-15T09:42:39.800Z,46.9541924,10.9811236,77.4,2307.2,117.3,2315.5,1,39,12,39,1.17,39
2026-01-15T09:42:39.967Z,46.9541736,10.981177,77.4,2306.6,99,2315,1,37,13,37,0.78,37
2026-01-15T09:42:40.133Z,46.9541698,10.9812122,77.4,2304.8,117.7,2314.2,1,83,12,83,1.14,83
2026-01-15T09:42:40.300Z,46.9541556,10.9812519,77.5,2304.7,100.9,2313.5,1,85,13,85,1.08,85
2026-01-15T09:42:40.467Z,46.9541475,10.9813135,77.5,2303.2,132.3,2313.1,1,83,9,83,0.92,83
2026-01-15T09:42:40.633Z,46.9541269,10.9813467,77.5,2303.1,113.5,2312.4,1,83,8,83,1.2,83
2026-01-15T09:42:40.800Z,46.954114,10.9813902,77.6,2303,94.4,2311.7,1,51,10,51,0.9,51
2026-01-15T09:42:40.967Z,46.9541112,10.9814435,77.6,2303.3,144.1,2311.2,1,52,12,52,0.72,52
2026-01-15T09:42:41.133Z,46.9540885,10.9814676,77.6,2300.5,119.1,2310.5,1,41,11,41,0.99,41
2026-01-15T09:42:41.300Z,46.9540701,10.9815161,77.6,2299.6,98.1,2309.8,1,72,8,72,0.79,72
2026-01-15T09:42:41.467Z,46.9540636,10.9815829,77.7,2299,130.7,2309.2,1,65,11,65,0.76,65
2026-01-15T09:42:41.633Z,46.9540517,10.9816032,77.7,2300.3,116.2,2308.7,1,24,8,24,0.76,24
2026-01-15T09:42:41.800Z,46.9540338,10.9816566,77.7,2299.1,114.2,2308,1,98,8,98,0.85,98
2026-01-15T09:42:41.967Z,46.9540178,10.9817087,77.8,2299.5,133.1,2307.6,1,58,13,58,1.02,58
2026-01-15T09:42:42.133Z,46.9540042,10.98173,77.8,2296.4,126.9,2306.6,1,70,8,70,1.04,70
2026-01-15T09:42:42.300Z,46.9539828,10.9817717,77.8,2296.7,105.4,2306.1,1,89,10,89,0.7,89
2026-01-15T09:42:42.467Z,46.9539757,10.9818094,77.9,2296.1,111.7,2305.1,1,84,10,84,1.1,84
2026-01-15T09:42:42.633Z,46.9539633,10.9818551,77.9,2294.8,121.4,2304.9,1,81,9,81,0.73,81
2026-01-15T09:42:42.800Z,46.9539483,10.9818911,77.9,2295.3,106.6,2304.3,1,99,11,99,0.98,99
2026-01-15T09:42:42.967Z,46.9539353,10.9819549,78,2295.6,130.5,2303.2,1,48,11,48,0.96,48
2026-01-15T09:42:43.133Z,46.9539158,10.9819883,78,2293.2,121,2303,1,51,13,51,1.09,51
2026-01-15T09:42:43.300Z,46.9538979,10.982032,78,2292.6,131.2,2301.8,1,80,13,80,1.04,80
2026-01-15T09:42:43.467Z,46.9538797,10.9820625,78.1,2292.2,112.5,2301.7,1,68,8,68,0.89,68
2026-01-15T09:42:43.633Z,46.9538642,10.9821172,78.1,2291.2,134,2301,1,81,10,81,1.16,81
2026-01-15T09:42:43.800Z,46.9538389,10.9821556,78.1,2291.5,112.4,2300.2,1,43,10,43,1.19,43
2026-01-15T09:42:43.967Z,46.9538303,10.9821862,78.2,2291.5,123.5,2299.8,1,85,9,85,0.86,85
2026-01-15T09:42:44.133Z,46.9538111,10.9822287,78.2,2288.7,138.3,2298.7,1,65,11,65,0.79,65
2026-01-15T09:42:44.300Z,46.9537895,10.9822569,78.3,2288.1,113.1,2298.1,1,40,10,40,0.77,40
2026-01-15T09:42:44.467Z,46.9537731,10.9823132,78.3,2288.1,130,2297.8,1,95,9,95,0.8,95
2026-01-15T09:42:44.633Z,46.9537538,10.9823469,78.3,2288.2,94.4,2296.9,1,37,12,37,1.07,37
2026-01-15T09:42:44.800Z,46.9537514,10.9823929,78.4,2287.2,134.5,2296.1,1,81,10,81,0.75,81
2026-01-15T09:42:44.967Z,46.9537289,10.9824264,78.4,2286.6,104.9,2295.4,1,69,11,69,1.04,69
2026-01-15T09:42:45.133Z,46.9537176,10.9824886,78.5,2286.9,151.2,2295.3,1,65,10,65,1.09,65
2026-01-15T09:42:45.300Z,46.9536867,10.9825135,78.5,2286.5,91.4,2294.3,1,44,9,44,0.86,44
2026-01-15T09:42:45.467Z,46.9536861,10.9825485,78.5,2284,124,2293.5,1,91,12,91,1.04,91
2026-01-15T09:42:45.633Z,46.9536602,10.9826047,78.6,2285.2,122.1,2292.8,1,59,13,59,1.06,59
2026-01-15T09:42:45.800Z,46.9536395,10.9826531,78.6,2283.8,147.3,2292.4,1,61,9,61,1.07,61
2026-01-15T09:42:45.967Z,46.9536209,10.9826706,78.7,2283.9,95.5,2292,1,57,10,57,1.19,57
2026-01-15T09:42:46.133Z,46.9536172,10.9827267,78.7,2283.3,126.9,2291.2,1,79,11,79,0.99,79
2026-01-15T09:42:46.300Z,46.9535995,10.9827612,78.8,2282.4,129.6,2290.2,1,60,12,60,1,60
2026-01-15T09:42:46.467Z,46.9535742,10.982806,78.8,2280,158.3,2289.8,1,23,9,23,1.1,23
2026-01-15T09:42:46.633Z,46.953542,10.9828248,78.8,2279.1,122,2289.3,1,57,10,57,1.19,57
2026-01-15T09:42:46.800Z,46.9535216,10.9828726,78.9,2280.5,116.4,2288.3,1,50,12,50,0.87,50
2026-01-15T09:42:46.967Z,46.953508,10.9829127,78.9,2279.4,125.4,2288,1,65,12,65,0.93,65
2026-01-15T09:42:47.133Z,46.9534893,10.9829512,79,2277.4,141.7,2287.1,1,62,10,62,1.17,62
2026-01-15T09:42:47.300Z,46.9534601,10.982985,79,2278.1,109.5,2286.6,1,55,13,55,0.89,55
2026-01-15T09:42:47.467Z,46.9534484,10.9830335,79.1,2276.2,127.7,2285.7,1,62,13,62,0.91,62
2026-01-15T09:42:47.633Z,46.9534285,10.9830712,79.1,2276.9,141.9,2285.5,1,26,11,26,1.01,26
2026-01-15T09:42:47.800Z,46.9534055,10.9830976,79.1,2274.7,107.3,2284.6,1,67,10,67,1.11,67
2026-01-15T09:42:47.967Z,46.9533942,10.9831508,79.1,2274.8,140.2,2284.1,1,90,11,90,1.02,90
2026-01-15T09:42:48.133Z,46.9533702,10.9831801,79.1,2273.7,139.9,2283,1,64,12,64,0.63,64
2026-01-15T09:42:48.300Z,46.9533393,10.9832182,79.1,2273.4,143.1,2282.9,1,41,12,41,0.77,41
2026-01-15T09:42:48.467Z,46.9533166,10.9832432,79,2273.6,96.3,2282,1,39,9,39,1.17,39
2026-01-15T09:42:48.633Z,46.9533136,10.9832828,79,2272.5,132.7,2281.5,1,77,13,77,0.93,77
2026-01-15T09:42:48.800Z,46.9532885,10.9833226,78.9,2271.4,111.9,2280.7,1,72,11,72,0.97,72
2026-01-15T09:42:48.967Z,46.9532769,10.9833648,78.8,2272.1,139.9,2279.8,1,69,11,69,0.94,69
2026-01-15T09:42:49.133Z,46.9532482,10.9834002,78.7,2270.1,95.2,2279.6,1,94,10,94,0.97,94
2026-01-15T09:42:49.300Z,46.9532449,10.983453,78.6,2270.5,137.7,2278.9,1,22,8,22,0.93,22
2026-01-15T09:42:49.467Z,46.9532146,10.9834934,78.4,2269.5,144,2277.9,1,52,13,52,0.88,52
2026-01-15T09:42:49.633Z,46.953188,10.9835217,78.3,2268.1,106.8,2277.1,1,80,9,80,1.05,80
2026-01-15T09:42:49.800Z,46.9531791,10.9835648,78.1,2267.7,149.6,2276.9,1,59,13,59,1,59
2026-01-15T09:42:49.967Z,46.9531453,10.9835938,78,2266,149.9,2276.3,1,61,12,61,0.97,61
2026-01-15T09:42:50.133Z,46.9531287,10.9836079,77.8,2267.5,142.5,2275.3,1,90,12,90,0.97,90
2026-01-15T09:42:50.300Z,46.9530978,10.9836426,77.6,2266.1,134.6,2274.9,1,29,9,29,0.95,29
2026-01-15T09:42:50.467Z,46.9530687,10.9836858,77.4,2264.6,139.2,2274.4,1,29,10,29,0.95,29
2026-01-15T09:42:50.633Z,46.9530465,10.9837139,77.2,2263.4,129,2273.3,1,87,9,87,0.8,87
2026-01-15T09:42:50.800Z,46.9530226,10.9837572,76.9,2263.3,141.2,2272.7,1,85,10,85,1.04,85
2026-01-15T09:42:50.967Z,46.9529984,10.9837857,76.7,2263,147.3,2272.5,1,55,8,55,1.14,55
2026-01-15T09:42:51.133Z,46.9529846,10.9837987,76.4,2261.6,136.7,2271.7,1,31,10,31,0.95,31
2026-01-15T09:42:51.300Z,46.9529616,10.9838304,76.2,2261.7,140,2270.7,1,95,9,95,0.96,95
2026-01-15T09:42:51.467Z,46.9529315,10.9838674,75.9,2260.2,121.1,2270.3,1,62,10,62,1.09,62
2026-01-15T09:42:51.633Z,46.9529156,10.983906,75.6,2259.7,130.6,2270,1,98,12,98,0.98,98
2026-01-15T09:42:51.800Z,46.9528883,10.9839526,75.3,2260.9,170.2,2269.1,1,81,9,81,0.84,81
2026-01-15T09:42:51.967Z,46.9528645,10.9839586,75,2259.4,132.1,2268.5,1,29,12,29,1.13,29
2026-01-15T09:42:52.133Z,46.9528316,10.984012,74.7,2258.9,131.7,2268.1,1,22,9,22,0.65,22
2026-01-15T09:42:52.300Z,46.9528116,10.9840449,74.4,2258.8,167.1,2267,1,67,10,67,1.08,67
2026-01-15T09:42:52.467Z,46.9527919,10.9840515,74.1,2256.7,132.7,2266.3,1,96,9,96,0.8,96
2026-01-15T09:42:52.633Z,46.9527687,10.9840883,73.8,2256.4,149.8,2266.1,1,70,10,70,1.01,70
2026-01-15T09:42:52.800Z,46.9527415,10.9841115,73.4,2255.9,120.8,2265.5,1,48,12,48,0.75,48
2026-01-15T09:42:52.967Z,46.9527305,10.9841385,73.1,2256.7,123,2264.9,1,97,13,97,0.96,97
2026-01-15T09:42:53.133Z,46.9527098,10.9841852,72.7,2256.4,135.9,2263.9,1,48,9,48,1.18,48
2026-01-15T09:42:53.300Z,46.9526823,10.9842242,72.4,2253.6,131,2263.5,1,95,12,95,0.88,95
2026-01-15T09:42:53.467Z,46.9526708,10.9842436,72,2254.8,131.1,2263.1,1,44,10,44,1.01,44
2026-01-15T09:42:53.633Z,46.9526494,10.9842795,71.6,2254.3,144.5,2262.5,1,94,13,94,0.97,94
2026-01-15T09:42:53.800Z,46.9526136,10.9843169,71.3,2252.9,145.8,2261.6,1,57,11,57,0.86,57
2026-01-15T09:42:53.967Z,46.952597,10.9843334,70.9,2251.4,138.3,2261.3,1,38,9,38,0.98,38
2026-01-15T09:42:54.133Z,46.9525812,10.984354,70.5,2251.8,139.6,2260.3,1,61,13,61,0.93,61
2026-01-15T09:42:54.300Z,46.95255,10.9843929,70.1,2252.1,113.4,2259.9,1,70,11,70,1.1,70
2026-01-15T09:42:54.467Z,46.9525377,10.9844346,69.7,2250.7,138,2259.4,1,38,10,38,1.09,38
2026-01-15T09:42:54.800Z,46.9524876,10.9845007,68.9,2249.1,145.7,2258.2,1,49,10,49,1.14,49
2026-01-15T09:42:55.133Z,46.9524444,10.9845438,68.1,2247.5,119.6,2257,1,37,11,37,1.06,37
2026-01-15T09:42:55.467Z,46.9524178,10.9846123,67.3,2248.1,135,2255.7,1,79,8,79,0.62,79
2026-01-15T09:42:55.800Z,46.9523798,10.9846679,66.4,2245.7,154.1,2254.8,1,23,13,23,0.95,23
2026-01-15T09:42:56.133Z,46.9523264,10.9847059,65.6,2244.1,131.2,2253.7,1,25,11,25,1.01,25
2026-01-15T09:42:56.467Z,46.9522856,10.9847741,64.8,2244.3,121.5,2252.6,1,44,9,44,1.08,44
2026-01-15T09:42:56.800Z,46.9522592,10.9848373,63.9,2242.9,161.6,2251.5,1,88,9,88,1.02,88
2026-01-15T09:42:57.133Z,46.9522019,10.9848653,63,2242.3,125.4,2250.3,1,21,10,21,1.04,21
2026-01-15T09:42:57.467Z,46.9521767,10.9849173,62.2,2239.3,143,2249.3,1,59,13,59,0.88,59
2026-01-15T09:42:57.800Z,46.9521339,10.9849645,61.3,2238.7,135.5,2248.7,1,75,12,75,0.69,75
2026-01-15T09:42:58.133Z,46.952087,10.9850321,60.5,2238.6,157.9,2247.6,1,87,8,87,0.85,87
2026-01-15T09:42:58.467Z,46.9520491,10.9850546,59.6,2236.7,134.3,2246.4,1,32,9,32,1.16,32
2026-01-15T09:42:58.800Z,46.9520083,10.9851158,58.7,2236.5,148.4,2245.2,1,92,10,92,0.66,92
2026-01-15T09:42:59.133Z,46.9519655,10.9851543,57.9,2236.3,138.8,2244.5,1,70,10,70,0.85,70
2026-01-15T09:42:59.467Z,46.9519321,10.9851971,57,2233.8,161.5,2243.3,1,83,12,83,1.2,83
2026-01-15T09:42:59.800Z,46.9518859,10.9852197,56.2,2233.5,146.4,2242.4,1,63,9,63,0.75,63
2026-01-15T09:43:00.133Z,46.9518502,10.9852545,55.4,2233.4,161.2,2241.9,1,30,10,30,0.94,30
2026-01-15T09:43:00.467Z,46.9518055,10.9852768,54.6,2231.9,130,2240.6,1,27,10,27,1.14,27
2026-01-15T09:43:00.800Z,46.9517741,10.9853317,53.7,2231.8,165.9,2239.8,1,96,8,96,1.06,96
2026-01-15T09:43:01.133Z,46.9517283,10.9853486,52.9,2231.2,159.7,2239,1,32,9,32,0.74,32
2026-01-15T09:43:01.467Z,46.9516843,10.9853725,52.1,2228.5,160.3,2238,1,52,10,52,1.17,52
2026-01-15T09:43:01.800Z,46.951653,10.9853889,51.4,2228.4,164.8,2237.2,1,61,12,61,1.1,61
2026-01-15T09:43:02.133Z,46.9516002,10.9854099,50.6,2226.8,143.5,2236.5,1,76,9,76,0.68,76
2026-01-15T09:43:02.467Z,46.9515703,10.9854423,49.8,2226.9,163.8,2235.7,1,46,8,46,0.73,46
2026-01-15T09:43:03.467Z,46.9514488,10.9854941,47.6,2225.2,148.7,2233.2,1,50,13,50,0.67,50
2026-01-15T09:43:04.467Z,46.9513545,10.985578,45.4,2221.7,151.8,2230.8,1,74,12,74,0.9,74
2026-01-15T09:43:05.467Z,46.9512484,10.9856614,43.4,2219.9,140.6,2228.7,1,97,9,97,1.08,97
2026-01-15T09:43:06.467Z,46.9511647,10.9857622,41.5,2216.7,126.5,2226.3,1,24,13,24,0.69,24
2026-01-15T09:43:07.467Z,46.9511048,10.9858807,39.7,2215.6,130.1,2224.1,1,76,12,76,1.16,76
2026-01-15T09:43:08.467Z,46.9510395,10.9859944,38,2213.2,121.6,2222.4,1,76,9,76,1.04,76
2026-01-15T09:43:09.467Z,46.9509918,10.9861078,36.5,2211.3,131.7,2220.2,1,66,11,66,0.86,66
2026-01-15T09:43:10.467Z,46.9509244,10.9862187,35,2208.5,130.8,2218.4,1,49,8,49,0.71,49
2026-01-15T09:43:11.467Z,46.9508739,10.9863045,33.7,2208.5,130.5,2216.9,1,96,13,96,0.92,96
2026-01-15T09:43:12.467Z,46.9508118,10.9864109,32.4,2206.1,134,2215.2,1,94,9,94,1.13,94
2026-01-15T09:43:13.467Z,46.9507569,10.9864942,31.3,2205.3,139,2213.3,1,42,10,42,1.04,42
2026-01-15T09:43:14.467Z,46.9506939,10.9865744,30.2,2203.4,133.6,2212.3,1,29,9,29,0.87,29
2026-01-15T09:43:15.467Z,46.9506405,10.9866565,29.2,2201.9,135.4,2210.6,1,52,11,52,1.06,52
2026-01-15T09:43:16.467Z,46.9505941,10.9867236,28.3,2198.9,132.2,2209.2,1,84,8,84,0.71,84
2026-01-15T09:43:17.467Z,46.9505461,10.9868012,27.5,2197.8,140.2,2207.8,1,59,12,59,0.68,59
2026-01-15T09:43:18.467Z,46.9504948,10.9868639,26.7,2198.3,138.6,2206.4,1,85,11,85,0.62,85
2026-01-15T09:43:19.467Z,46.9504522,10.9869189,26,2194.7,131,2204.9,1,68,10,68,0.62,68
2026-01-15T09:43:20.467Z,46.9504019,10.9870036,25.4,2195.9,107,2203.9,1,91,12,91,1.09,91
2026-01-15T09:43:21.467Z,46.9503859,10.9870802,24.8,2193.2,97,2202.4,1,81,8,81,0.84,81
2026-01-15T09:43:22.467Z,46.9503777,10.9871777,24.3,2191,71.3,2201.2,1,66,10,66,1.18,66
2026-01-15T09:43:23.467Z,46.9503966,10.9872593,23.9,2191.1,64.4,2199.7,1,61,12,61,0.65,61
2026-01-15T09:43:24.467Z,46.9504255,10.9873477,23.5,2189.7,12.9,2198.9,1,83,12,83,1.13,83
2026-01-15T09:43:25.467Z,46.9504734,10.9873638,23.2,2189.1,11.1,2197.6,1,40,9,40,1.08,40
2026-01-15T09:43:26.467Z,46.9505394,10.9873828,22.9,2186.6,1,2196.4,1,54,9,54,0.68,54
2026-01-15T09:43:27.467Z,46.9505943,10.9873842,22.6,2185.4,6.5,2195.3,1,82,10,82,1.19,82
2026-01-15T09:43:28.467Z,46.9506448,10.9873926,22.5,2185.4,3.1,2194.2,1,76,10,76,0.66,76
2026-01-15T09:43:29.467Z,46.9506968,10.9873967,22.3,2184.8,1.1,2193,1,29,12,29,0.83,29
2026-01-15T09:43:30.467Z,46.9507591,10.9873985,22.2,2184.2,25,2191.7,1,47,12,47,1.07,47
2026-01-15T09:43:31.467Z,46.9508061,10.9874306,22.2,2183,5.8,2191.1,1,40,11,40,0.79,40
2026-01-15T09:43:32.467Z,46.950848,10.9874368,22.2,2181.8,0,2190.1,1,91,9,91,0.98,91
